trade_date,stock_id,stock_name,enrichment_status,enrichment_provider,ai_used,source_evidence_count,missing_data_flags,enriched_industry,enriched_industry_source,valuation_context,valuation_risk_level,margin_credit_context,margin_risk_level,sector_context,risk_explanation,opportunity_explanation,data_quality_explanation,manual_review_focus,ai_summary,ai_warning,source_evidence_json
2026-05-20,3094,聯傑,OK,rule_based,False,10,,全市場,candidate,PE=131.73，同業/市場中位數約 20.69，約為 6.37 倍；PB=2.81，殖利率=0.73%,HIGH,"5 日融資變化 679，5 日股價報酬 18.63%，5 日法人買賣超 42,524；未見明顯融資/價格背離",LOW,全市場；相對強弱分數 78.0；模式 market_relative_fallback,主要風險標籤：相對強勢；產業資料不足；融資連增但股價不漲；缺少產業分類，使用全市場相對強弱；PE 偏高；估值風險 HIGH,候選分級 B，僅供排序與人工檢查,資料完整度可供輔助判斷,確認估值是否合理,主要風險標籤：相對強勢；產業資料不足；融資連增但股價不漲；缺少產業分類，使用全市場相對強弱；PE 偏高；估值風險 HIGH；候選分級 B，僅供排序與人工檢查。此為紙上交易輔助說明，需人工確認。,,"[{""source_name"": ""candidate"", ""source_type"": ""csv"", ""source_date"": ""2026-05-20"", ""field_name"": ""candidate_grade"", ""field_value"": ""B"", ""confidence"": 0.8, ""warning"": """"}, {""source_name"": ""candidate"", ""source_type"": ""csv"", ""source_date"": ""2026-05-20"", ""field_name"": ""decision"", ""field_value"": ""WATCH_ONLY"", ""confidence"": 0.8, ""warning"": """"}, {""source_name"": ""candidate"", ""source_type"": ""csv"", ""source_date"": ""2026-05-20"", ""field_name"": ""pe_ratio"", ""field_value"": 131.73, ""confidence"": 0.8, ""warning"": """"}, {""source_name"": ""candidate"", ""source_type"": ""csv"", ""source_date"": ""2026-05-20"", ""field_name"": ""pb_ratio"", ""field_value"": 2.81, ""confidence"": 0.8, ""warning"": """"}, {""source_name"": ""candidate"", ""source_type"": ""csv"", ""source_date"": ""2026-05-20"", ""field_name"": ""dividend_yield"", ""field_value"": 0.73, ""confidence"": 0.8, ""warning"": """"}, {""source_name"": ""candidate"", ""source_type"": ""csv"", ""source_date"": ""2026-05-20"", ""field_name"": ""margin_change_5d"", ""field_value"": 679.0, ""confidence"": 0.8, ""warning"": """"}, {""source_name"": ""candidate"", ""source_type"": ""csv"", ""source_date"": ""2026-05-20"", ""field_name"": ""price_return_5d"", ""field_value"": 0.1862745098039213, ""confidence"": 0.8, ""warning"": """"}, {""source_name"": ""candidate"", ""source_type"": ""csv"", ""source_date"": ""2026-05-20"", ""field_name"": ""liquidity_score"", ""field_value"": 92.0, ""confidence"": 0.8, ""warning"": """"}, {""source_name"": ""candidate"", ""source_type"": ""csv"", ""source_date"": ""2026-05-20"", ""field_name"": ""sector_strength_score"", ""field_value"": 78.0, ""confidence"": 0.8, ""warning"": """"}, {""source_name"": ""candidate"", ""source_type"": ""csv"", ""source_date"": ""2026-05-20"", ""field_name"": ""risk_flags"", ""field_value"": ""相對強勢；產業資料不足；融資連增但股價不漲；缺少產業分類，使用全市場相對強弱；PE 偏高"", ""confidence"": 0.8, ""warning"": """"}]"
2026-05-20,6742,澤米,PARTIAL,rule_based,False,10,估值資料不足,全市場,candidate,估值資料不足，無法判斷 PE 是否偏高,UNKNOWN,"5 日融資變化 106，5 日股價報酬 45.34%，5 日法人買賣超 303,362；未見明顯融資/價格背離",LOW,全市場；相對強弱分數 78.0；模式 market_relative_fallback,主要風險標籤：相對強勢；產業資料不足；注意股；融資連增但股價不漲；缺少產業分類，使用全市場相對強弱；PE 為空或負值；EPS 為負；月營收 YoY 明顯衰退；部分資料不足,候選分級 C，僅供排序與人工檢查,資料不足：估值資料不足,確認估值是否合理；補查資料缺口,主要風險標籤：相對強勢；產業資料不足；注意股；融資連增但股價不漲；缺少產業分類，使用全市場相對強弱；PE 為空或負值；EPS 為負；月營收 YoY 明顯衰退；部分資料不足；候選分級 C，僅供排序與人工檢查。此為紙上交易輔助說明，需人工確認。,資料不足時不做強結論；本說明僅供人工確認,"[{""source_name"": ""candidate"", ""source_type"": ""csv"", ""source_date"": ""2026-05-20"", ""field_name"": ""candidate_grade"", ""field_value"": ""C"", ""confidence"": 0.8, ""warning"": """"}, {""source_name"": ""candidate"", ""source_type"": ""csv"", ""source_date"": ""2026-05-20"", ""field_name"": ""decision"", ""field_value"": ""WATCH_ONLY"", ""confidence"": 0.8, ""warning"": """"}, {""source_name"": ""candidate"", ""source_type"": ""csv"", ""source_date"": ""2026-05-20"", ""field_name"": ""pb_ratio"", ""field_value"": 2.97, ""confidence"": 0.8, ""warning"": """"}, {""source_name"": ""candidate"", ""source_type"": ""csv"", ""source_date"": ""2026-05-20"", ""field_name"": ""dividend_yield"", ""field_value"": 0.57, ""confidence"": 0.8, ""warning"": """"}, {""source_name"": ""candidate"", ""source_type"": ""csv"", ""source_date"": ""2026-05-20"", ""field_name"": ""margin_change_5d"", ""field_value"": 106.0, ""confidence"": 0.8, ""warning"": """"}, {""source_name"": ""candidate"", ""source_type"": ""csv"", ""source_date"": ""2026-05-20"", ""field_name"": ""price_return_5d"", ""field_value"": 0.4533678756476684, ""confidence"": 0.8, ""warning"": """"}, {""source_name"": ""candidate"", ""source_type"": ""csv"", ""source_date"": ""2026-05-20"", ""field_name"": ""liquidity_score"", ""field_value"": 75.0, ""confidence"": 0.8, ""warning"": """"}, {""source_name"": ""candidate"", ""source_type"": ""csv"", ""source_date"": ""2026-05-20"", ""field_name"": ""sector_strength_score"", ""field_value"": 78.0, ""confidence"": 0.8, ""warning"": """"}, {""source_name"": ""candidate"", ""source_type"": ""csv"", ""source_date"": ""2026-05-20"", ""field_name"": ""event_risk_level"", ""field_value"": ""MEDIUM"", ""confidence"": 0.8, ""warning"": """"}, {""source_name"": ""candidate"", ""source_type"": ""csv"", ""source_date"": ""2026-05-20"", ""field_name"": ""risk_flags"", ""field_value"": ""相對強勢；產業資料不足；注意股；融資連增但股價不漲；缺少產業分類，使用全市場相對強弱；PE 為空或負值；EPS 為負；月營收 YoY 明顯衰退"", ""confidence"": 0.8, ""warning"": """"}]"
2026-05-20,4916,事欣科,OK,rule_based,False,11,,全市場,candidate,PE=14.58，同業/市場中位數約 20.69，約為 0.70 倍；PB=2.77，殖利率=0.61%,LOW,"5 日融資變化 -327，5 日股價報酬 37.88%，5 日法人買賣超 5,077,489；未見明顯融資/價格背離",LOW,全市場；相對強弱分數 78.0；模式 market_relative_fallback,主要風險標籤：相對強勢；產業資料不足；注意股；缺少產業分類，使用全市場相對強弱,候選分級 C，僅供排序與人工檢查,資料完整度可供輔助判斷,檢查停損、流動性與事件風險,主要風險標籤：相對強勢；產業資料不足；注意股；缺少產業分類，使用全市場相對強弱；候選分級 C，僅供排序與人工檢查。此為紙上交易輔助說明，需人工確認。,,"[{""source_name"": ""candidate"", ""source_type"": ""csv"", ""source_date"": ""2026-05-20"", ""field_name"": ""candidate_grade"", ""field_value"": ""C"", ""confidence"": 0.8, ""warning"": """"}, {""source_name"": ""candidate"", ""source_type"": ""csv"", ""source_date"": ""2026-05-20"", ""field_name"": ""decision"", ""field_value"": ""WATCH_ONLY"", ""confidence"": 0.8, ""warning"": """"}, {""source_name"": ""candidate"", ""source_type"": ""csv"", ""source_date"": ""2026-05-20"", ""field_name"": ""pe_ratio"", ""field_value"": 14.58, ""confidence"": 0.8, ""warning"": """"}, {""source_name"": ""candidate"", ""source_type"": ""csv"", ""source_date"": ""2026-05-20"", ""field_name"": ""pb_ratio"", ""field_value"": 2.77, ""confidence"": 0.8, ""warning"": """"}, {""source_name"": ""candidate"", ""source_type"": ""csv"", ""source_date"": ""2026-05-20"", ""field_name"": ""dividend_yield"", ""field_value"": 0.61, ""confidence"": 0.8, ""warning"": """"}, {""source_name"": ""candidate"", ""source_type"": ""csv"", ""source_date"": ""2026-05-20"", ""field_name"": ""margin_change_5d"", ""field_value"": -327.0, ""confidence"": 0.8, ""warning"": """"}, {""source_name"": ""candidate"", ""source_type"": ""csv"", ""source_date"": ""2026-05-20"", ""field_name"": ""price_return_5d"", ""field_value"": 0.3788343558282208, ""confidence"": 0.8, ""warning"": """"}, {""source_name"": ""candidate"", ""source_type"": ""csv"", ""source_date"": ""2026-05-20"", ""field_name"": ""liquidity_score"", ""field_value"": 92.0, ""confidence"": 0.8, ""warning"": """"}, {""source_name"": ""candidate"", ""source_type"": ""csv"", ""source_date"": ""2026-05-20"", ""field_name"": ""sector_strength_score"", ""field_value"": 78.0, ""confidence"": 0.8, ""warning"": """"}, {""source_name"": ""candidate"", ""source_type"": ""csv"", ""source_date"": ""2026-05-20"", ""field_name"": ""event_risk_level"", ""field_value"": ""MEDIUM"", ""confidence"": 0.8, ""warning"": """"}, {""source_name"": ""candidate"", ""source_type"": ""csv"", ""source_date"": ""2026-05-20"", ""field_name"": ""risk_flags"", ""field_value"": ""相對強勢；產業資料不足；注意股；缺少產業分類，使用全市場相對強弱"", ""confidence"": 0.8, ""warning"": """"}]"
2026-05-20,3504,揚明光,PARTIAL,rule_based,False,8,估值資料不足,全市場,candidate,估值資料不足，無法判斷 PE 是否偏高,UNKNOWN,"5 日融資變化 242，5 日股價報酬 24.32%，5 日法人買賣超 -729,427；未見明顯融資/價格背離",LOW,全市場；相對強弱分數 78.0；模式 market_relative_fallback,主要風險標籤：相對強勢；產業資料不足；融資連增但股價不漲；缺少產業分類，使用全市場相對強弱；PE 為空或負值；部分資料不足,候選分級 B，僅供排序與人工檢查,資料不足：估值資料不足,確認估值是否合理；補查資料缺口,主要風險標籤：相對強勢；產業資料不足；融資連增但股價不漲；缺少產業分類，使用全市場相對強弱；PE 為空或負值；部分資料不足；候選分級 B，僅供排序與人工檢查。此為紙上交易輔助說明，需人工確認。,資料不足時不做強結論；本說明僅供人工確認,"[{""source_name"": ""candidate"", ""source_type"": ""csv"", ""source_date"": ""2026-05-20"", ""field_name"": ""candidate_grade"", ""field_value"": ""B"", ""confidence"": 0.8, ""warning"": """"}, {""source_name"": ""candidate"", ""source_type"": ""csv"", ""source_date"": ""2026-05-20"", ""field_name"": ""decision"", ""field_value"": ""WATCH_ONLY"", ""confidence"": 0.8, ""warning"": """"}, {""source_name"": ""candidate"", ""source_type"": ""csv"", ""source_date"": ""2026-05-20"", ""field_name"": ""pb_ratio"", ""field_value"": 3.15, ""confidence"": 0.8, ""warning"": """"}, {""source_name"": ""candidate"", ""source_type"": ""csv"", ""source_date"": ""2026-05-20"", ""field_name"": ""margin_change_5d"", ""field_value"": 242.0, ""confidence"": 0.8, ""warning"": """"}, {""source_name"": ""candidate"", ""source_type"": ""csv"", ""source_date"": ""2026-05-20"", ""field_name"": ""price_return_5d"", ""field_value"": 0.2432024169184288, ""confidence"": 0.8, ""warning"": """"}, {""source_name"": ""candidate"", ""source_type"": ""csv"", ""source_date"": ""2026-05-20"", ""field_name"": ""liquidity_score"", ""field_value"": 92.0, ""confidence"": 0.8, ""warning"": """"}, {""source_name"": ""candidate"", ""source_type"": ""csv"", ""source_date"": ""2026-05-20"", ""field_name"": ""sector_strength_score"", ""field_value"": 78.0, ""confidence"": 0.8, ""warning"": """"}, {""source_name"": ""candidate"", ""source_type"": ""csv"", ""source_date"": ""2026-05-20"", ""field_name"": ""risk_flags"", ""field_value"": ""相對強勢；產業資料不足；融資連增但股價不漲；缺少產業分類，使用全市場相對強弱；PE 為空或負值"", ""confidence"": 0.8, ""warning"": """"}]"
2026-05-20,6719,力智,OK,rule_based,False,10,,全市場,candidate,PE=29.39，同業/市場中位數約 20.69，約為 1.42 倍；PB=1.55，殖利率=2.18%,MEDIUM,"5 日融資變化 348，5 日股價報酬 14.57%，5 日法人買賣超 592,251；未見明顯融資/價格背離",LOW,全市場；相對強弱分數 78.0；模式 market_relative_fallback,主要風險標籤：相對強勢；產業資料不足；融資連增但股價不漲；缺少產業分類，使用全市場相對強弱；估值風險 MEDIUM,候選分級 B，僅供排序與人工檢查,資料完整度可供輔助判斷,確認估值是否合理,主要風險標籤：相對強勢；產業資料不足；融資連增但股價不漲；缺少產業分類，使用全市場相對強弱；估值風險 MEDIUM；候選分級 B，僅供排序與人工檢查。此為紙上交易輔助說明，需人工確認。,,"[{""source_name"": ""candidate"", ""source_type"": ""csv"", ""source_date"": ""2026-05-20"", ""field_name"": ""candidate_grade"", ""field_value"": ""B"", ""confidence"": 0.8, ""warning"": """"}, {""source_name"": ""candidate"", ""source_type"": ""csv"", ""source_date"": ""2026-05-20"", ""field_name"": ""decision"", ""field_value"": ""WATCH_ONLY"", ""confidence"": 0.8, ""warning"": """"}, {""source_name"": ""candidate"", ""source_type"": ""csv"", ""source_date"": ""2026-05-20"", ""field_name"": ""pe_ratio"", ""field_value"": 29.39, ""confidence"": 0.8, ""warning"": """"}, {""source_name"": ""candidate"", ""source_type"": ""csv"", ""source_date"": ""2026-05-20"", ""field_name"": ""pb_ratio"", ""field_value"": 1.55, ""confidence"": 0.8, ""warning"": """"}, {""source_name"": ""candidate"", ""source_type"": ""csv"", ""source_date"": ""2026-05-20"", ""field_name"": ""dividend_yield"", ""field_value"": 2.18, ""confidence"": 0.8, ""warning"": """"}, {""source_name"": ""candidate"", ""source_type"": ""csv"", ""source_date"": ""2026-05-20"", ""field_name"": ""margin_change_5d"", ""field_value"": 348.0, ""confidence"": 0.8, ""warning"": """"}, {""source_name"": ""candidate"", ""source_type"": ""csv"", ""source_date"": ""2026-05-20"", ""field_name"": ""price_return_5d"", ""field_value"": 0.145679012345679, ""confidence"": 0.8, ""warning"": """"}, {""source_name"": ""candidate"", ""source_type"": ""csv"", ""source_date"": ""2026-05-20"", ""field_name"": ""liquidity_score"", ""field_value"": 92.0, ""confidence"": 0.8, ""warning"": """"}, {""source_name"": ""candidate"", ""source_type"": ""csv"", ""source_date"": ""2026-05-20"", ""field_name"": ""sector_strength_score"", ""field_value"": 78.0, ""confidence"": 0.8, ""warning"": """"}, {""source_name"": ""candidate"", ""source_type"": ""csv"", ""source_date"": ""2026-05-20"", ""field_name"": ""risk_flags"", ""field_value"": ""相對強勢；產業資料不足；融資連增但股價不漲；缺少產業分類，使用全市場相對強弱"", ""confidence"": 0.8, ""warning"": """"}]"
2026-05-20,3033,威健,OK,rule_based,False,10,,全市場,candidate,PE=18.56，同業/市場中位數約 20.69，約為 0.90 倍；PB=2.21，殖利率=4.26%,LOW,"5 日融資變化 1,872，5 日股價報酬 19.67%，5 日法人買賣超 -1,419,242；未見明顯融資/價格背離",LOW,全市場；相對強弱分數 86.0；模式 market_relative_fallback,主要風險標籤：相對強勢；產業資料不足；融資連增但股價不漲；融資暴增但法人賣超；缺少產業分類，使用全市場相對強弱,候選分級 B，僅供排序與人工檢查,資料完整度可供輔助判斷,檢查停損、流動性與事件風險,主要風險標籤：相對強勢；產業資料不足；融資連增但股價不漲；融資暴增但法人賣超；缺少產業分類，使用全市場相對強弱；候選分級 B，僅供排序與人工檢查。此為紙上交易輔助說明，需人工確認。,,"[{""source_name"": ""candidate"", ""source_type"": ""csv"", ""source_date"": ""2026-05-20"", ""field_name"": ""candidate_grade"", ""field_value"": ""B"", ""confidence"": 0.8, ""warning"": """"}, {""source_name"": ""candidate"", ""source_type"": ""csv"", ""source_date"": ""2026-05-20"", ""field_name"": ""decision"", ""field_value"": ""WATCH_ONLY"", ""confidence"": 0.8, ""warning"": """"}, {""source_name"": ""candidate"", ""source_type"": ""csv"", ""source_date"": ""2026-05-20"", ""field_name"": ""pe_ratio"", ""field_value"": 18.56, ""confidence"": 0.8, ""warning"": """"}, {""source_name"": ""candidate"", ""source_type"": ""csv"", ""source_date"": ""2026-05-20"", ""field_name"": ""pb_ratio"", ""field_value"": 2.21, ""confidence"": 0.8, ""warning"": """"}, {""source_name"": ""candidate"", ""source_type"": ""csv"", ""source_date"": ""2026-05-20"", ""field_name"": ""dividend_yield"", ""field_value"": 4.26, ""confidence"": 0.8, ""warning"": """"}, {""source_name"": ""candidate"", ""source_type"": ""csv"", ""source_date"": ""2026-05-20"", ""field_name"": ""margin_change_5d"", ""field_value"": 1872.0, ""confidence"": 0.8, ""warning"": """"}, {""source_name"": ""candidate"", ""source_type"": ""csv"", ""source_date"": ""2026-05-20"", ""field_name"": ""price_return_5d"", ""field_value"": 0.1967403958090803, ""confidence"": 0.8, ""warning"": """"}, {""source_name"": ""candidate"", ""source_type"": ""csv"", ""source_date"": ""2026-05-20"", ""field_name"": ""liquidity_score"", ""field_value"": 92.0, ""confidence"": 0.8, ""warning"": """"}, {""source_name"": ""candidate"", ""source_type"": ""csv"", ""source_date"": ""2026-05-20"", ""field_name"": ""sector_strength_score"", ""field_value"": 86.0, ""confidence"": 0.8, ""warning"": """"}, {""source_name"": ""candidate"", ""source_type"": ""csv"", ""source_date"": ""2026-05-20"", ""field_name"": ""risk_flags"", ""field_value"": ""相對強勢；產業資料不足；融資連增但股價不漲；融資暴增但法人賣超；缺少產業分類，使用全市場相對強弱"", ""confidence"": 0.8, ""warning"": """"}]"
2026-05-20,1533,車王電,OK,rule_based,False,9,,全市場,candidate,PE=21.20，同業/市場中位數約 20.69，約為 1.02 倍；PB=1.42,LOW,"5 日融資變化 95，5 日股價報酬 12.93%，5 日法人買賣超 456,304；未見明顯融資/價格背離",LOW,全市場；相對強弱分數 78.0；模式 market_relative_fallback,主要風險標籤：相對強勢；產業資料不足；融資連增但股價不漲；流動性偏低；缺少產業分類，使用全市場相對強弱,候選分級 D，僅供排序與人工檢查,資料完整度可供輔助判斷,檢查停損、流動性與事件風險,主要風險標籤：相對強勢；產業資料不足；融資連增但股價不漲；流動性偏低；缺少產業分類，使用全市場相對強弱；候選分級 D，僅供排序與人工檢查。此為紙上交易輔助說明，需人工確認。,,"[{""source_name"": ""candidate"", ""source_type"": ""csv"", ""source_date"": ""2026-05-20"", ""field_name"": ""candidate_grade"", ""field_value"": ""D"", ""confidence"": 0.8, ""warning"": """"}, {""source_name"": ""candidate"", ""source_type"": ""csv"", ""source_date"": ""2026-05-20"", ""field_name"": ""decision"", ""field_value"": ""NO_TRADE"", ""confidence"": 0.8, ""warning"": """"}, {""source_name"": ""candidate"", ""source_type"": ""csv"", ""source_date"": ""2026-05-20"", ""field_name"": ""pe_ratio"", ""field_value"": 21.2, ""confidence"": 0.8, ""warning"": """"}, {""source_name"": ""candidate"", ""source_type"": ""csv"", ""source_date"": ""2026-05-20"", ""field_name"": ""pb_ratio"", ""field_value"": 1.42, ""confidence"": 0.8, ""warning"": """"}, {""source_name"": ""candidate"", ""source_type"": ""csv"", ""source_date"": ""2026-05-20"", ""field_name"": ""margin_change_5d"", ""field_value"": 95.0, ""confidence"": 0.8, ""warning"": """"}, {""source_name"": ""candidate"", ""source_type"": ""csv"", ""source_date"": ""2026-05-20"", ""field_name"": ""price_return_5d"", ""field_value"": 0.1292719167904903, ""confidence"": 0.8, ""warning"": """"}, {""source_name"": ""candidate"", ""source_type"": ""csv"", ""source_date"": ""2026-05-20"", ""field_name"": ""liquidity_score"", ""field_value"": 50.0, ""confidence"": 0.8, ""warning"": """"}, {""source_name"": ""candidate"", ""source_type"": ""csv"", ""source_date"": ""2026-05-20"", ""field_name"": ""sector_strength_score"", ""field_value"": 78.0, ""confidence"": 0.8, ""warning"": """"}, {""source_name"": ""candidate"", ""source_type"": ""csv"", ""source_date"": ""2026-05-20"", ""field_name"": ""risk_flags"", ""field_value"": ""相對強勢；產業資料不足；融資連增但股價不漲；流動性偏低；缺少產業分類，使用全市場相對強弱"", ""confidence"": 0.8, ""warning"": """"}]"
2026-05-20,3694,海華,OK,rule_based,False,10,,全市場,candidate,PE=15.36，同業/市場中位數約 20.69，約為 0.74 倍；PB=2.57，殖利率=3.55%,LOW,"5 日融資變化 -1,357，5 日股價報酬 28.06%，5 日法人買賣超 -264,701；未見明顯融資/價格背離",LOW,全市場；相對強弱分數 78.0；模式 market_relative_fallback,主要風險標籤：相對強勢；產業資料不足；缺少產業分類，使用全市場相對強弱,候選分級 D，僅供排序與人工檢查,資料完整度可供輔助判斷,檢查停損、流動性與事件風險,主要風險標籤：相對強勢；產業資料不足；缺少產業分類，使用全市場相對強弱；候選分級 D，僅供排序與人工檢查。此為紙上交易輔助說明，需人工確認。,,"[{""source_name"": ""candidate"", ""source_type"": ""csv"", ""source_date"": ""2026-05-20"", ""field_name"": ""candidate_grade"", ""field_value"": ""D"", ""confidence"": 0.8, ""warning"": """"}, {""source_name"": ""candidate"", ""source_type"": ""csv"", ""source_date"": ""2026-05-20"", ""field_name"": ""decision"", ""field_value"": ""NO_TRADE"", ""confidence"": 0.8, ""warning"": """"}, {""source_name"": ""candidate"", ""source_type"": ""csv"", ""source_date"": ""2026-05-20"", ""field_name"": ""pe_ratio"", ""field_value"": 15.36, ""confidence"": 0.8, ""warning"": """"}, {""source_name"": ""candidate"", ""source_type"": ""csv"", ""source_date"": ""2026-05-20"", ""field_name"": ""pb_ratio"", ""field_value"": 2.57, ""confidence"": 0.8, ""warning"": """"}, {""source_name"": ""candidate"", ""source_type"": ""csv"", ""source_date"": ""2026-05-20"", ""field_name"": ""dividend_yield"", ""field_value"": 3.55, ""confidence"": 0.8, ""warning"": """"}, {""source_name"": ""candidate"", ""source_type"": ""csv"", ""source_date"": ""2026-05-20"", ""field_name"": ""margin_change_5d"", ""field_value"": -1357.0, ""confidence"": 0.8, ""warning"": """"}, {""source_name"": ""candidate"", ""source_type"": ""csv"", ""source_date"": ""2026-05-20"", ""field_name"": ""price_return_5d"", ""field_value"": 0.2805755395683453, ""confidence"": 0.8, ""warning"": """"}, {""source_name"": ""candidate"", ""source_type"": ""csv"", ""source_date"": ""2026-05-20"", ""field_name"": ""liquidity_score"", ""field_value"": 92.0, ""confidence"": 0.8, ""warning"": """"}, {""source_name"": ""candidate"", ""source_type"": ""csv"", ""source_date"": ""2026-05-20"", ""field_name"": ""sector_strength_score"", ""field_value"": 78.0, ""confidence"": 0.8, ""warning"": """"}, {""source_name"": ""candidate"", ""source_type"": ""csv"", ""source_date"": ""2026-05-20"", ""field_name"": ""risk_flags"", ""field_value"": ""相對強勢；產業資料不足；缺少產業分類，使用全市場相對強弱"", ""confidence"": 0.8, ""warning"": """"}]"
2026-05-20,6834,天二科技,OK,rule_based,False,11,,全市場,candidate,PE=90.33，同業/市場中位數約 20.69，約為 4.37 倍；PB=3.34，殖利率=0.73%,HIGH,"5 日融資變化 1,031，5 日股價報酬 38.04%，5 日法人買賣超 777,049；未見明顯融資/價格背離",LOW,全市場；相對強弱分數 86.0；模式 market_relative_fallback,主要風險標籤：相對強勢；產業資料不足；注意股；融資連增但股價不漲；缺少產業分類，使用全市場相對強弱；PE 偏高；估值風險 HIGH,候選分級 D，僅供排序與人工檢查,資料完整度可供輔助判斷,確認估值是否合理,主要風險標籤：相對強勢；產業資料不足；注意股；融資連增但股價不漲；缺少產業分類，使用全市場相對強弱；PE 偏高；估值風險 HIGH；候選分級 D，僅供排序與人工檢查。此為紙上交易輔助說明，需人工確認。,,"[{""source_name"": ""candidate"", ""source_type"": ""csv"", ""source_date"": ""2026-05-20"", ""field_name"": ""candidate_grade"", ""field_value"": ""D"", ""confidence"": 0.8, ""warning"": """"}, {""source_name"": ""candidate"", ""source_type"": ""csv"", ""source_date"": ""2026-05-20"", ""field_name"": ""decision"", ""field_value"": ""NO_TRADE"", ""confidence"": 0.8, ""warning"": """"}, {""source_name"": ""candidate"", ""source_type"": ""csv"", ""source_date"": ""2026-05-20"", ""field_name"": ""pe_ratio"", ""field_value"": 90.33, ""confidence"": 0.8, ""warning"": """"}, {""source_name"": ""candidate"", ""source_type"": ""csv"", ""source_date"": ""2026-05-20"", ""field_name"": ""pb_ratio"", ""field_value"": 3.34, ""confidence"": 0.8, ""warning"": """"}, {""source_name"": ""candidate"", ""source_type"": ""csv"", ""source_date"": ""2026-05-20"", ""field_name"": ""dividend_yield"", ""field_value"": 0.73, ""confidence"": 0.8, ""warning"": """"}, {""source_name"": ""candidate"", ""source_type"": ""csv"", ""source_date"": ""2026-05-20"", ""field_name"": ""margin_change_5d"", ""field_value"": 1031.0, ""confidence"": 0.8, ""warning"": """"}, {""source_name"": ""candidate"", ""source_type"": ""csv"", ""source_date"": ""2026-05-20"", ""field_name"": ""price_return_5d"", ""field_value"": 0.3804100227790434, ""confidence"": 0.8, ""warning"": """"}, {""source_name"": ""candidate"", ""source_type"": ""csv"", ""source_date"": ""2026-05-20"", ""field_name"": ""liquidity_score"", ""field_value"": 92.0, ""confidence"": 0.8, ""warning"": """"}, {""source_name"": ""candidate"", ""source_type"": ""csv"", ""source_date"": ""2026-05-20"", ""field_name"": ""sector_strength_score"", ""field_value"": 86.0, ""confidence"": 0.8, ""warning"": """"}, {""source_name"": ""candidate"", ""source_type"": ""csv"", ""source_date"": ""2026-05-20"", ""field_name"": ""event_risk_level"", ""field_value"": ""MEDIUM"", ""confidence"": 0.8, ""warning"": """"}, {""source_name"": ""candidate"", ""source_type"": ""csv"", ""source_date"": ""2026-05-20"", ""field_name"": ""risk_flags"", ""field_value"": ""相對強勢；產業資料不足；注意股；融資連增但股價不漲；缺少產業分類，使用全市場相對強弱；PE 偏高"", ""confidence"": 0.8, ""warning"": """"}]"
2026-05-20,2911,麗嬰房,OK,rule_based,False,10,,全市場,candidate,PE=1.70，同業/市場中位數約 20.69，約為 0.08 倍；PB=0.48,LOW,"5 日融資變化 0，5 日股價報酬 44.09%，5 日法人買賣超 314,180；未見明顯融資/價格背離",LOW,全市場；相對強弱分數 78.0；模式 market_relative_fallback,主要風險標籤：流動性偏低；滑價風險偏高；相對強勢；產業資料不足；注意股；缺少產業分類，使用全市場相對強弱；月營收 YoY 明顯衰退；流動性太低,候選分級 D，僅供排序與人工檢查,資料完整度可供輔助判斷,檢查停損、流動性與事件風險,主要風險標籤：流動性偏低；滑價風險偏高；相對強勢；產業資料不足；注意股；缺少產業分類，使用全市場相對強弱；月營收 YoY 明顯衰退；流動性太低；候選分級 D，僅供排序與人工檢查。此為紙上交易輔助說明，需人工確認。,,"[{""source_name"": ""candidate"", ""source_type"": ""csv"", ""source_date"": ""2026-05-20"", ""field_name"": ""candidate_grade"", ""field_value"": ""D"", ""confidence"": 0.8, ""warning"": """"}, {""source_name"": ""candidate"", ""source_type"": ""csv"", ""source_date"": ""2026-05-20"", ""field_name"": ""decision"", ""field_value"": ""NO_TRADE"", ""confidence"": 0.8, ""warning"": """"}, {""source_name"": ""candidate"", ""source_type"": ""csv"", ""source_date"": ""2026-05-20"", ""field_name"": ""pe_ratio"", ""field_value"": 1.7, ""confidence"": 0.8, ""warning"": """"}, {""source_name"": ""candidate"", ""source_type"": ""csv"", ""source_date"": ""2026-05-20"", ""field_name"": ""pb_ratio"", ""field_value"": 0.48, ""confidence"": 0.8, ""warning"": """"}, {""source_name"": ""candidate"", ""source_type"": ""csv"", ""source_date"": ""2026-05-20"", ""field_name"": ""margin_change_5d"", ""field_value"": 0.0, ""confidence"": 0.8, ""warning"": """"}, {""source_name"": ""candidate"", ""source_type"": ""csv"", ""source_date"": ""2026-05-20"", ""field_name"": ""price_return_5d"", ""field_value"": 0.4408817635270541, ""confidence"": 0.8, ""warning"": """"}, {""source_name"": ""candidate"", ""source_type"": ""csv"", ""source_date"": ""2026-05-20"", ""field_name"": ""liquidity_score"", ""field_value"": 35.0, ""confidence"": 0.8, ""warning"": """"}, {""source_name"": ""candidate"", ""source_type"": ""csv"", ""source_date"": ""2026-05-20"", ""field_name"": ""sector_strength_score"", ""field_value"": 78.0, ""confidence"": 0.8, ""warning"": """"}, {""source_name"": ""candidate"", ""source_type"": ""csv"", ""source_date"": ""2026-05-20"", ""field_name"": ""event_risk_level"", ""field_value"": ""MEDIUM"", ""confidence"": 0.8, ""warning"": """"}, {""source_name"": ""candidate"", ""source_type"": ""csv"", ""source_date"": ""2026-05-20"", ""field_name"": ""risk_flags"", ""field_value"": ""流動性偏低；滑價風險偏高；相對強勢；產業資料不足；注意股；缺少產業分類，使用全市場相對強弱；月營收 YoY 明顯衰退；流動性太低"", ""confidence"": 0.8, ""warning"": """"}]"
2026-05-20,7823,奧義賽博-KY創,PARTIAL,rule_based,False,7,估值資料不足；融資融券資料不足,全市場,candidate,估值資料不足，無法判斷 PE 是否偏高,UNKNOWN,信用交易資料不足，融資籌碼脈絡採中性,UNKNOWN,全市場；相對強弱分數 78.0；模式 market_relative_fallback,主要風險標籤：相對強勢；產業資料不足；流動性偏低；缺少產業分類，使用全市場相對強弱；PE 為空或負值；PB 偏高；EPS 為負；PB 過高；部分資料不足,候選分級 D，僅供排序與人工檢查,資料不足：估值資料不足、融資融券資料不足,確認估值是否合理；補查資料缺口,主要風險標籤：相對強勢；產業資料不足；流動性偏低；缺少產業分類，使用全市場相對強弱；PE 為空或負值；PB 偏高；EPS 為負；PB 過高；部分資料不足；候選分級 D，僅供排序與人工檢查。此為紙上交易輔助說明，需人工確認。,資料不足時不做強結論；本說明僅供人工確認,"[{""source_name"": ""candidate"", ""source_type"": ""csv"", ""source_date"": ""2026-05-20"", ""field_name"": ""candidate_grade"", ""field_value"": ""D"", ""confidence"": 0.8, ""warning"": """"}, {""source_name"": ""candidate"", ""source_type"": ""csv"", ""source_date"": ""2026-05-20"", ""field_name"": ""decision"", ""field_value"": ""NO_TRADE"", ""confidence"": 0.8, ""warning"": """"}, {""source_name"": ""candidate"", ""source_type"": ""csv"", ""source_date"": ""2026-05-20"", ""field_name"": ""pb_ratio"", ""field_value"": 6.11, ""confidence"": 0.8, ""warning"": """"}, {""source_name"": ""candidate"", ""source_type"": ""csv"", ""source_date"": ""2026-05-20"", ""field_name"": ""price_return_5d"", ""field_value"": 0.1862527716186253, ""confidence"": 0.8, ""warning"": """"}, {""source_name"": ""candidate"", ""source_type"": ""csv"", ""source_date"": ""2026-05-20"", ""field_name"": ""liquidity_score"", ""field_value"": 50.0, ""confidence"": 0.8, ""warning"": """"}, {""source_name"": ""candidate"", ""source_type"": ""csv"", ""source_date"": ""2026-05-20"", ""field_name"": ""sector_strength_score"", ""field_value"": 78.0, ""confidence"": 0.8, ""warning"": """"}, {""source_name"": ""candidate"", ""source_type"": ""csv"", ""source_date"": ""2026-05-20"", ""field_name"": ""risk_flags"", ""field_value"": ""相對強勢；產業資料不足；流動性偏低；缺少產業分類，使用全市場相對強弱；PE 為空或負值；PB 偏高；EPS 為負；PB 過高"", ""confidence"": 0.8, ""warning"": """"}]"
2026-05-20,5285,界霖,OK,rule_based,False,10,,全市場,candidate,PE=36.19，同業/市場中位數約 20.69，約為 1.75 倍；PB=2.61，殖利率=1.97%,HIGH,"5 日融資變化 123，5 日股價報酬 10.44%，5 日法人買賣超 -14,820；未見明顯融資/價格背離",LOW,全市場；相對強弱分數 78.0；模式 market_relative_fallback,主要風險標籤：相對強勢；產業資料不足；融資連增但股價不漲；缺少產業分類，使用全市場相對強弱；估值風險 HIGH,候選分級 D，僅供排序與人工檢查,資料完整度可供輔助判斷,確認估值是否合理,主要風險標籤：相對強勢；產業資料不足；融資連增但股價不漲；缺少產業分類，使用全市場相對強弱；估值風險 HIGH；候選分級 D，僅供排序與人工檢查。此為紙上交易輔助說明，需人工確認。,,"[{""source_name"": ""candidate"", ""source_type"": ""csv"", ""source_date"": ""2026-05-20"", ""field_name"": ""candidate_grade"", ""field_value"": ""D"", ""confidence"": 0.8, ""warning"": """"}, {""source_name"": ""candidate"", ""source_type"": ""csv"", ""source_date"": ""2026-05-20"", ""field_name"": ""decision"", ""field_value"": ""NO_TRADE"", ""confidence"": 0.8, ""warning"": """"}, {""source_name"": ""candidate"", ""source_type"": ""csv"", ""source_date"": ""2026-05-20"", ""field_name"": ""pe_ratio"", ""field_value"": 36.19, ""confidence"": 0.8, ""warning"": """"}, {""source_name"": ""candidate"", ""source_type"": ""csv"", ""source_date"": ""2026-05-20"", ""field_name"": ""pb_ratio"", ""field_value"": 2.61, ""confidence"": 0.8, ""warning"": """"}, {""source_name"": ""candidate"", ""source_type"": ""csv"", ""source_date"": ""2026-05-20"", ""field_name"": ""dividend_yield"", ""field_value"": 1.97, ""confidence"": 0.8, ""warning"": """"}, {""source_name"": ""candidate"", ""source_type"": ""csv"", ""source_date"": ""2026-05-20"", ""field_name"": ""margin_change_5d"", ""field_value"": 123.0, ""confidence"": 0.8, ""warning"": """"}, {""source_name"": ""candidate"", ""source_type"": ""csv"", ""source_date"": ""2026-05-20"", ""field_name"": ""price_return_5d"", ""field_value"": 0.1043956043956044, ""confidence"": 0.8, ""warning"": """"}, {""source_name"": ""candidate"", ""source_type"": ""csv"", ""source_date"": ""2026-05-20"", ""field_name"": ""liquidity_score"", ""field_value"": 92.0, ""confidence"": 0.8, ""warning"": """"}, {""source_name"": ""candidate"", ""source_type"": ""csv"", ""source_date"": ""2026-05-20"", ""field_name"": ""sector_strength_score"", ""field_value"": 78.0, ""confidence"": 0.8, ""warning"": """"}, {""source_name"": ""candidate"", ""source_type"": ""csv"", ""source_date"": ""2026-05-20"", ""field_name"": ""risk_flags"", ""field_value"": ""相對強勢；產業資料不足；融資連增但股價不漲；缺少產業分類，使用全市場相對強弱"", ""confidence"": 0.8, ""warning"": """"}]"
2026-05-20,6209,今國光,OK,rule_based,False,10,,全市場,candidate,PE=41.50，同業/市場中位數約 20.69，約為 2.01 倍；PB=3.67，殖利率=0.70%,HIGH,"5 日融資變化 -406，5 日股價報酬 27.05%，5 日法人買賣超 2,078,035；未見明顯融資/價格背離",LOW,全市場；相對強弱分數 78.0；模式 market_relative_fallback,主要風險標籤：相對強勢；產業資料不足；缺少產業分類，使用全市場相對強弱；PE 偏高；估值風險 HIGH,候選分級 D，僅供排序與人工檢查,資料完整度可供輔助判斷,確認估值是否合理,主要風險標籤：相對強勢；產業資料不足；缺少產業分類，使用全市場相對強弱；PE 偏高；估值風險 HIGH；候選分級 D，僅供排序與人工檢查。此為紙上交易輔助說明，需人工確認。,,"[{""source_name"": ""candidate"", ""source_type"": ""csv"", ""source_date"": ""2026-05-20"", ""field_name"": ""candidate_grade"", ""field_value"": ""D"", ""confidence"": 0.8, ""warning"": """"}, {""source_name"": ""candidate"", ""source_type"": ""csv"", ""source_date"": ""2026-05-20"", ""field_name"": ""decision"", ""field_value"": ""NO_TRADE"", ""confidence"": 0.8, ""warning"": """"}, {""source_name"": ""candidate"", ""source_type"": ""csv"", ""source_date"": ""2026-05-20"", ""field_name"": ""pe_ratio"", ""field_value"": 41.5, ""confidence"": 0.8, ""warning"": """"}, {""source_name"": ""candidate"", ""source_type"": ""csv"", ""source_date"": ""2026-05-20"", ""field_name"": ""pb_ratio"", ""field_value"": 3.67, ""confidence"": 0.8, ""warning"": """"}, {""source_name"": ""candidate"", ""source_type"": ""csv"", ""source_date"": ""2026-05-20"", ""field_name"": ""dividend_yield"", ""field_value"": 0.7, ""confidence"": 0.8, ""warning"": """"}, {""source_name"": ""candidate"", ""source_type"": ""csv"", ""source_date"": ""2026-05-20"", ""field_name"": ""margin_change_5d"", ""field_value"": -406.0, ""confidence"": 0.8, ""warning"": """"}, {""source_name"": ""candidate"", ""source_type"": ""csv"", ""source_date"": ""2026-05-20"", ""field_name"": ""price_return_5d"", ""field_value"": 0.2705314009661836, ""confidence"": 0.8, ""warning"": """"}, {""source_name"": ""candidate"", ""source_type"": ""csv"", ""source_date"": ""2026-05-20"", ""field_name"": ""liquidity_score"", ""field_value"": 92.0, ""confidence"": 0.8, ""warning"": """"}, {""source_name"": ""candidate"", ""source_type"": ""csv"", ""source_date"": ""2026-05-20"", ""field_name"": ""sector_strength_score"", ""field_value"": 78.0, ""confidence"": 0.8, ""warning"": """"}, {""source_name"": ""candidate"", ""source_type"": ""csv"", ""source_date"": ""2026-05-20"", ""field_name"": ""risk_flags"", ""field_value"": ""相對強勢；產業資料不足；缺少產業分類，使用全市場相對強弱；PE 偏高"", ""confidence"": 0.8, ""warning"": """"}]"
2026-05-20,8261,富鼎,OK,rule_based,False,10,,全市場,candidate,PE=23.20，同業/市場中位數約 20.69，約為 1.12 倍；PB=2.63，殖利率=3.69%,LOW,"5 日融資變化 481，5 日股價報酬 12.88%，5 日法人買賣超 1,677,257；未見明顯融資/價格背離",LOW,全市場；相對強弱分數 78.0；模式 market_relative_fallback,主要風險標籤：相對強勢；產業資料不足；融資連增但股價不漲；缺少產業分類，使用全市場相對強弱,候選分級 D，僅供排序與人工檢查,資料完整度可供輔助判斷,檢查停損、流動性與事件風險,主要風險標籤：相對強勢；產業資料不足；融資連增但股價不漲；缺少產業分類，使用全市場相對強弱；候選分級 D，僅供排序與人工檢查。此為紙上交易輔助說明，需人工確認。,,"[{""source_name"": ""candidate"", ""source_type"": ""csv"", ""source_date"": ""2026-05-20"", ""field_name"": ""candidate_grade"", ""field_value"": ""D"", ""confidence"": 0.8, ""warning"": """"}, {""source_name"": ""candidate"", ""source_type"": ""csv"", ""source_date"": ""2026-05-20"", ""field_name"": ""decision"", ""field_value"": ""NO_TRADE"", ""confidence"": 0.8, ""warning"": """"}, {""source_name"": ""candidate"", ""source_type"": ""csv"", ""source_date"": ""2026-05-20"", ""field_name"": ""pe_ratio"", ""field_value"": 23.2, ""confidence"": 0.8, ""warning"": """"}, {""source_name"": ""candidate"", ""source_type"": ""csv"", ""source_date"": ""2026-05-20"", ""field_name"": ""pb_ratio"", ""field_value"": 2.63, ""confidence"": 0.8, ""warning"": """"}, {""source_name"": ""candidate"", ""source_type"": ""csv"", ""source_date"": ""2026-05-20"", ""field_name"": ""dividend_yield"", ""field_value"": 3.69, ""confidence"": 0.8, ""warning"": """"}, {""source_name"": ""candidate"", ""source_type"": ""csv"", ""source_date"": ""2026-05-20"", ""field_name"": ""margin_change_5d"", ""field_value"": 481.0, ""confidence"": 0.8, ""warning"": """"}, {""source_name"": ""candidate"", ""source_type"": ""csv"", ""source_date"": ""2026-05-20"", ""field_name"": ""price_return_5d"", ""field_value"": 0.1287878787878789, ""confidence"": 0.8, ""warning"": """"}, {""source_name"": ""candidate"", ""source_type"": ""csv"", ""source_date"": ""2026-05-20"", ""field_name"": ""liquidity_score"", ""field_value"": 92.0, ""confidence"": 0.8, ""warning"": """"}, {""source_name"": ""candidate"", ""source_type"": ""csv"", ""source_date"": ""2026-05-20"", ""field_name"": ""sector_strength_score"", ""field_value"": 78.0, ""confidence"": 0.8, ""warning"": """"}, {""source_name"": ""candidate"", ""source_type"": ""csv"", ""source_date"": ""2026-05-20"", ""field_name"": ""risk_flags"", ""field_value"": ""相對強勢；產業資料不足；融資連增但股價不漲；缺少產業分類，使用全市場相對強弱"", ""confidence"": 0.8, ""warning"": """"}]"
2026-05-20,6902,GOGOLOOK,OK,rule_based,False,9,,全市場,candidate,PE=43.34，同業/市場中位數約 20.69，約為 2.09 倍；PB=5.93,HIGH,"5 日融資變化 -44，5 日股價報酬 30.61%，5 日法人買賣超 -22,024；未見明顯融資/價格背離",LOW,全市場；相對強弱分數 78.0；模式 market_relative_fallback,主要風險標籤：相對強勢；產業資料不足；缺少產業分類，使用全市場相對強弱；PE 偏高；PB 偏高；PB 過高；估值風險 HIGH,候選分級 D，僅供排序與人工檢查,資料完整度可供輔助判斷,確認估值是否合理,主要風險標籤：相對強勢；產業資料不足；缺少產業分類，使用全市場相對強弱；PE 偏高；PB 偏高；PB 過高；估值風險 HIGH；候選分級 D，僅供排序與人工檢查。此為紙上交易輔助說明，需人工確認。,,"[{""source_name"": ""candidate"", ""source_type"": ""csv"", ""source_date"": ""2026-05-20"", ""field_name"": ""candidate_grade"", ""field_value"": ""D"", ""confidence"": 0.8, ""warning"": """"}, {""source_name"": ""candidate"", ""source_type"": ""csv"", ""source_date"": ""2026-05-20"", ""field_name"": ""decision"", ""field_value"": ""NO_TRADE"", ""confidence"": 0.8, ""warning"": """"}, {""source_name"": ""candidate"", ""source_type"": ""csv"", ""source_date"": ""2026-05-20"", ""field_name"": ""pe_ratio"", ""field_value"": 43.34, ""confidence"": 0.8, ""warning"": """"}, {""source_name"": ""candidate"", ""source_type"": ""csv"", ""source_date"": ""2026-05-20"", ""field_name"": ""pb_ratio"", ""field_value"": 5.93, ""confidence"": 0.8, ""warning"": """"}, {""source_name"": ""candidate"", ""source_type"": ""csv"", ""source_date"": ""2026-05-20"", ""field_name"": ""margin_change_5d"", ""field_value"": -44.0, ""confidence"": 0.8, ""warning"": """"}, {""source_name"": ""candidate"", ""source_type"": ""csv"", ""source_date"": ""2026-05-20"", ""field_name"": ""price_return_5d"", ""field_value"": 0.3061224489795917, ""confidence"": 0.8, ""warning"": """"}, {""source_name"": ""candidate"", ""source_type"": ""csv"", ""source_date"": ""2026-05-20"", ""field_name"": ""liquidity_score"", ""field_value"": 75.0, ""confidence"": 0.8, ""warning"": """"}, {""source_name"": ""candidate"", ""source_type"": ""csv"", ""source_date"": ""2026-05-20"", ""field_name"": ""sector_strength_score"", ""field_value"": 78.0, ""confidence"": 0.8, ""warning"": """"}, {""source_name"": ""candidate"", ""source_type"": ""csv"", ""source_date"": ""2026-05-20"", ""field_name"": ""risk_flags"", ""field_value"": ""相對強勢；產業資料不足；缺少產業分類，使用全市場相對強弱；PE 偏高；PB 偏高；PB 過高"", ""confidence"": 0.8, ""warning"": """"}]"
2026-05-20,2375,凱美,OK,rule_based,False,10,,全市場,candidate,PE=30.85，同業/市場中位數約 20.69，約為 1.49 倍；PB=1.10，殖利率=1.18%,MEDIUM,"5 日融資變化 -103，5 日股價報酬 16.15%，5 日法人買賣超 1,591,191；未見明顯融資/價格背離",LOW,全市場；相對強弱分數 78.0；模式 market_relative_fallback,主要風險標籤：相對強勢；產業資料不足；缺少產業分類，使用全市場相對強弱；估值風險 MEDIUM,候選分級 D，僅供排序與人工檢查,資料完整度可供輔助判斷,確認估值是否合理,主要風險標籤：相對強勢；產業資料不足；缺少產業分類，使用全市場相對強弱；估值風險 MEDIUM；候選分級 D，僅供排序與人工檢查。此為紙上交易輔助說明，需人工確認。,,"[{""source_name"": ""candidate"", ""source_type"": ""csv"", ""source_date"": ""2026-05-20"", ""field_name"": ""candidate_grade"", ""field_value"": ""D"", ""confidence"": 0.8, ""warning"": """"}, {""source_name"": ""candidate"", ""source_type"": ""csv"", ""source_date"": ""2026-05-20"", ""field_name"": ""decision"", ""field_value"": ""NO_TRADE"", ""confidence"": 0.8, ""warning"": """"}, {""source_name"": ""candidate"", ""source_type"": ""csv"", ""source_date"": ""2026-05-20"", ""field_name"": ""pe_ratio"", ""field_value"": 30.85, ""confidence"": 0.8, ""warning"": """"}, {""source_name"": ""candidate"", ""source_type"": ""csv"", ""source_date"": ""2026-05-20"", ""field_name"": ""pb_ratio"", ""field_value"": 1.1, ""confidence"": 0.8, ""warning"": """"}, {""source_name"": ""candidate"", ""source_type"": ""csv"", ""source_date"": ""2026-05-20"", ""field_name"": ""dividend_yield"", ""field_value"": 1.18, ""confidence"": 0.8, ""warning"": """"}, {""source_name"": ""candidate"", ""source_type"": ""csv"", ""source_date"": ""2026-05-20"", ""field_name"": ""margin_change_5d"", ""field_value"": -103.0, ""confidence"": 0.8, ""warning"": """"}, {""source_name"": ""candidate"", ""source_type"": ""csv"", ""source_date"": ""2026-05-20"", ""field_name"": ""price_return_5d"", ""field_value"": 0.1614583333333332, ""confidence"": 0.8, ""warning"": """"}, {""source_name"": ""candidate"", ""source_type"": ""csv"", ""source_date"": ""2026-05-20"", ""field_name"": ""liquidity_score"", ""field_value"": 92.0, ""confidence"": 0.8, ""warning"": """"}, {""source_name"": ""candidate"", ""source_type"": ""csv"", ""source_date"": ""2026-05-20"", ""field_name"": ""sector_strength_score"", ""field_value"": 78.0, ""confidence"": 0.8, ""warning"": """"}, {""source_name"": ""candidate"", ""source_type"": ""csv"", ""source_date"": ""2026-05-20"", ""field_name"": ""risk_flags"", ""field_value"": ""相對強勢；產業資料不足；缺少產業分類，使用全市場相對強弱"", ""confidence"": 0.8, ""warning"": """"}]"
2026-05-20,8163,達方,OK,rule_based,False,10,,全市場,candidate,PE=64.41，同業/市場中位數約 20.69，約為 3.11 倍；PB=0.89，殖利率=1.52%,HIGH,"5 日融資變化 124，5 日股價報酬 12.24%，5 日法人買賣超 637,502；未見明顯融資/價格背離",LOW,全市場；相對強弱分數 78.0；模式 market_relative_fallback,主要風險標籤：相對強勢；產業資料不足；融資連增但股價不漲；缺少產業分類，使用全市場相對強弱；PE 偏高；估值風險 HIGH,候選分級 D，僅供排序與人工檢查,資料完整度可供輔助判斷,確認估值是否合理,主要風險標籤：相對強勢；產業資料不足；融資連增但股價不漲；缺少產業分類，使用全市場相對強弱；PE 偏高；估值風險 HIGH；候選分級 D，僅供排序與人工檢查。此為紙上交易輔助說明，需人工確認。,,"[{""source_name"": ""candidate"", ""source_type"": ""csv"", ""source_date"": ""2026-05-20"", ""field_name"": ""candidate_grade"", ""field_value"": ""D"", ""confidence"": 0.8, ""warning"": """"}, {""source_name"": ""candidate"", ""source_type"": ""csv"", ""source_date"": ""2026-05-20"", ""field_name"": ""decision"", ""field_value"": ""NO_TRADE"", ""confidence"": 0.8, ""warning"": """"}, {""source_name"": ""candidate"", ""source_type"": ""csv"", ""source_date"": ""2026-05-20"", ""field_name"": ""pe_ratio"", ""field_value"": 64.41, ""confidence"": 0.8, ""warning"": """"}, {""source_name"": ""candidate"", ""source_type"": ""csv"", ""source_date"": ""2026-05-20"", ""field_name"": ""pb_ratio"", ""field_value"": 0.89, ""confidence"": 0.8, ""warning"": """"}, {""source_name"": ""candidate"", ""source_type"": ""csv"", ""source_date"": ""2026-05-20"", ""field_name"": ""dividend_yield"", ""field_value"": 1.52, ""confidence"": 0.8, ""warning"": """"}, {""source_name"": ""candidate"", ""source_type"": ""csv"", ""source_date"": ""2026-05-20"", ""field_name"": ""margin_change_5d"", ""field_value"": 124.0, ""confidence"": 0.8, ""warning"": """"}, {""source_name"": ""candidate"", ""source_type"": ""csv"", ""source_date"": ""2026-05-20"", ""field_name"": ""price_return_5d"", ""field_value"": 0.1224489795918368, ""confidence"": 0.8, ""warning"": """"}, {""source_name"": ""candidate"", ""source_type"": ""csv"", ""source_date"": ""2026-05-20"", ""field_name"": ""liquidity_score"", ""field_value"": 92.0, ""confidence"": 0.8, ""warning"": """"}, {""source_name"": ""candidate"", ""source_type"": ""csv"", ""source_date"": ""2026-05-20"", ""field_name"": ""sector_strength_score"", ""field_value"": 78.0, ""confidence"": 0.8, ""warning"": """"}, {""source_name"": ""candidate"", ""source_type"": ""csv"", ""source_date"": ""2026-05-20"", ""field_name"": ""risk_flags"", ""field_value"": ""相對強勢；產業資料不足；融資連增但股價不漲；缺少產業分類，使用全市場相對強弱；PE 偏高"", ""confidence"": 0.8, ""warning"": """"}]"
2026-05-20,2428,興勤,OK,rule_based,False,10,,全市場,candidate,PE=19.45，同業/市場中位數約 20.69，約為 0.94 倍；PB=2.33，殖利率=2.76%,LOW,"5 日融資變化 -414，5 日股價報酬 9.85%，5 日法人買賣超 361,482；未見明顯融資/價格背離",LOW,全市場；相對強弱分數 78.0；模式 market_relative_fallback,主要風險標籤：相對強勢；產業資料不足；缺少產業分類，使用全市場相對強弱,候選分級 D，僅供排序與人工檢查,資料完整度可供輔助判斷,檢查停損、流動性與事件風險,主要風險標籤：相對強勢；產業資料不足；缺少產業分類，使用全市場相對強弱；候選分級 D，僅供排序與人工檢查。此為紙上交易輔助說明，需人工確認。,,"[{""source_name"": ""candidate"", ""source_type"": ""csv"", ""source_date"": ""2026-05-20"", ""field_name"": ""candidate_grade"", ""field_value"": ""D"", ""confidence"": 0.8, ""warning"": """"}, {""source_name"": ""candidate"", ""source_type"": ""csv"", ""source_date"": ""2026-05-20"", ""field_name"": ""decision"", ""field_value"": ""NO_TRADE"", ""confidence"": 0.8, ""warning"": """"}, {""source_name"": ""candidate"", ""source_type"": ""csv"", ""source_date"": ""2026-05-20"", ""field_name"": ""pe_ratio"", ""field_value"": 19.45, ""confidence"": 0.8, ""warning"": """"}, {""source_name"": ""candidate"", ""source_type"": ""csv"", ""source_date"": ""2026-05-20"", ""field_name"": ""pb_ratio"", ""field_value"": 2.33, ""confidence"": 0.8, ""warning"": """"}, {""source_name"": ""candidate"", ""source_type"": ""csv"", ""source_date"": ""2026-05-20"", ""field_name"": ""dividend_yield"", ""field_value"": 2.76, ""confidence"": 0.8, ""warning"": """"}, {""source_name"": ""candidate"", ""source_type"": ""csv"", ""source_date"": ""2026-05-20"", ""field_name"": ""margin_change_5d"", ""field_value"": -414.0, ""confidence"": 0.8, ""warning"": """"}, {""source_name"": ""candidate"", ""source_type"": ""csv"", ""source_date"": ""2026-05-20"", ""field_name"": ""price_return_5d"", ""field_value"": 0.0985221674876848, ""confidence"": 0.8, ""warning"": """"}, {""source_name"": ""candidate"", ""source_type"": ""csv"", ""source_date"": ""2026-05-20"", ""field_name"": ""liquidity_score"", ""field_value"": 92.0, ""confidence"": 0.8, ""warning"": """"}, {""source_name"": ""candidate"", ""source_type"": ""csv"", ""source_date"": ""2026-05-20"", ""field_name"": ""sector_strength_score"", ""field_value"": 78.0, ""confidence"": 0.8, ""warning"": """"}, {""source_name"": ""candidate"", ""source_type"": ""csv"", ""source_date"": ""2026-05-20"", ""field_name"": ""risk_flags"", ""field_value"": ""相對強勢；產業資料不足；缺少產業分類，使用全市場相對強弱"", ""confidence"": 0.8, ""warning"": """"}]"
2026-05-20,2027,大成鋼,OK,rule_based,False,10,,全市場,candidate,PE=11.70，同業/市場中位數約 20.69，約為 0.57 倍；PB=1.19，殖利率=3.75%,LOW,"5 日融資變化 608，5 日股價報酬 8.01%，5 日法人買賣超 19,398,768；未見明顯融資/價格背離",LOW,全市場；相對強弱分數 78.0；模式 market_relative_fallback,主要風險標籤：相對強勢；產業資料不足；融資連增但股價不漲；缺少產業分類，使用全市場相對強弱,候選分級 D，僅供排序與人工檢查,資料完整度可供輔助判斷,檢查停損、流動性與事件風險,主要風險標籤：相對強勢；產業資料不足；融資連增但股價不漲；缺少產業分類，使用全市場相對強弱；候選分級 D，僅供排序與人工檢查。此為紙上交易輔助說明，需人工確認。,,"[{""source_name"": ""candidate"", ""source_type"": ""csv"", ""source_date"": ""2026-05-20"", ""field_name"": ""candidate_grade"", ""field_value"": ""D"", ""confidence"": 0.8, ""warning"": """"}, {""source_name"": ""candidate"", ""source_type"": ""csv"", ""source_date"": ""2026-05-20"", ""field_name"": ""decision"", ""field_value"": ""NO_TRADE"", ""confidence"": 0.8, ""warning"": """"}, {""source_name"": ""candidate"", ""source_type"": ""csv"", ""source_date"": ""2026-05-20"", ""field_name"": ""pe_ratio"", ""field_value"": 11.7, ""confidence"": 0.8, ""warning"": """"}, {""source_name"": ""candidate"", ""source_type"": ""csv"", ""source_date"": ""2026-05-20"", ""field_name"": ""pb_ratio"", ""field_value"": 1.19, ""confidence"": 0.8, ""warning"": """"}, {""source_name"": ""candidate"", ""source_type"": ""csv"", ""source_date"": ""2026-05-20"", ""field_name"": ""dividend_yield"", ""field_value"": 3.75, ""confidence"": 0.8, ""warning"": """"}, {""source_name"": ""candidate"", ""source_type"": ""csv"", ""source_date"": ""2026-05-20"", ""field_name"": ""margin_change_5d"", ""field_value"": 608.0, ""confidence"": 0.8, ""warning"": """"}, {""source_name"": ""candidate"", ""source_type"": ""csv"", ""source_date"": ""2026-05-20"", ""field_name"": ""price_return_5d"", ""field_value"": 0.0800524934383202, ""confidence"": 0.8, ""warning"": """"}, {""source_name"": ""candidate"", ""source_type"": ""csv"", ""source_date"": ""2026-05-20"", ""field_name"": ""liquidity_score"", ""field_value"": 92.0, ""confidence"": 0.8, ""warning"": """"}, {""source_name"": ""candidate"", ""source_type"": ""csv"", ""source_date"": ""2026-05-20"", ""field_name"": ""sector_strength_score"", ""field_value"": 78.0, ""confidence"": 0.8, ""warning"": """"}, {""source_name"": ""candidate"", ""source_type"": ""csv"", ""source_date"": ""2026-05-20"", ""field_name"": ""risk_flags"", ""field_value"": ""相對強勢；產業資料不足；融資連增但股價不漲；缺少產業分類，使用全市場相對強弱"", ""confidence"": 0.8, ""warning"": """"}]"
2026-05-20,3028,增你強,OK,rule_based,False,10,,全市場,candidate,PE=16.01，同業/市場中位數約 20.69，約為 0.77 倍；PB=3.05，殖利率=3.67%,LOW,"5 日融資變化 164，5 日股價報酬 15.14%，5 日法人買賣超 -127,866；未見明顯融資/價格背離",LOW,全市場；相對強弱分數 78.0；模式 market_relative_fallback,主要風險標籤：相對強勢；產業資料不足；融資連增但股價不漲；缺少產業分類，使用全市場相對強弱,候選分級 D，僅供排序與人工檢查,資料完整度可供輔助判斷,檢查停損、流動性與事件風險,主要風險標籤：相對強勢；產業資料不足；融資連增但股價不漲；缺少產業分類，使用全市場相對強弱；候選分級 D，僅供排序與人工檢查。此為紙上交易輔助說明，需人工確認。,,"[{""source_name"": ""candidate"", ""source_type"": ""csv"", ""source_date"": ""2026-05-20"", ""field_name"": ""candidate_grade"", ""field_value"": ""D"", ""confidence"": 0.8, ""warning"": """"}, {""source_name"": ""candidate"", ""source_type"": ""csv"", ""source_date"": ""2026-05-20"", ""field_name"": ""decision"", ""field_value"": ""NO_TRADE"", ""confidence"": 0.8, ""warning"": """"}, {""source_name"": ""candidate"", ""source_type"": ""csv"", ""source_date"": ""2026-05-20"", ""field_name"": ""pe_ratio"", ""field_value"": 16.01, ""confidence"": 0.8, ""warning"": """"}, {""source_name"": ""candidate"", ""source_type"": ""csv"", ""source_date"": ""2026-05-20"", ""field_name"": ""pb_ratio"", ""field_value"": 3.05, ""confidence"": 0.8, ""warning"": """"}, {""source_name"": ""candidate"", ""source_type"": ""csv"", ""source_date"": ""2026-05-20"", ""field_name"": ""dividend_yield"", ""field_value"": 3.67, ""confidence"": 0.8, ""warning"": """"}, {""source_name"": ""candidate"", ""source_type"": ""csv"", ""source_date"": ""2026-05-20"", ""field_name"": ""margin_change_5d"", ""field_value"": 164.0, ""confidence"": 0.8, ""warning"": """"}, {""source_name"": ""candidate"", ""source_type"": ""csv"", ""source_date"": ""2026-05-20"", ""field_name"": ""price_return_5d"", ""field_value"": 0.1514324693042292, ""confidence"": 0.8, ""warning"": """"}, {""source_name"": ""candidate"", ""source_type"": ""csv"", ""source_date"": ""2026-05-20"", ""field_name"": ""liquidity_score"", ""field_value"": 92.0, ""confidence"": 0.8, ""warning"": """"}, {""source_name"": ""candidate"", ""source_type"": ""csv"", ""source_date"": ""2026-05-20"", ""field_name"": ""sector_strength_score"", ""field_value"": 78.0, ""confidence"": 0.8, ""warning"": """"}, {""source_name"": ""candidate"", ""source_type"": ""csv"", ""source_date"": ""2026-05-20"", ""field_name"": ""risk_flags"", ""field_value"": ""相對強勢；產業資料不足；融資連增但股價不漲；缺少產業分類，使用全市場相對強弱"", ""confidence"": 0.8, ""warning"": """"}]"
2026-05-20,2376,技嘉,PARTIAL,rule_based,False,8,財報資料不足,全市場,position,PE=14.25，同業/市場中位數約 20.69，約為 0.69 倍；PB=3.16，殖利率=3.93%,LOW,"5 日融資變化 214，5 日股價報酬 -3.67%，5 日法人買賣超 -1,285,752；融資增加但股價未同步上漲，需檢查籌碼壓力",HIGH,全市場；相對強弱分數 50.0；模式 market_relative_fallback,融資籌碼風險 HIGH；部分資料不足,目前只能依既有分數與風險標籤輔助觀察,資料不足：財報資料不足,檢查融資與法人籌碼是否背離；補查資料缺口,融資籌碼風險 HIGH；部分資料不足；目前只能依既有分數與風險標籤輔助觀察。此為紙上交易輔助說明，需人工確認。,資料不足時不做強結論；本說明僅供人工確認,"[{""source_name"": ""position"", ""source_type"": ""csv"", ""source_date"": ""2026-05-20"", ""field_name"": ""decision"", ""field_value"": ""EXIT"", ""confidence"": 0.8, ""warning"": """"}, {""source_name"": ""position"", ""source_type"": ""csv"", ""source_date"": ""2026-05-20"", ""field_name"": ""pe_ratio"", ""field_value"": 14.25, ""confidence"": 0.8, ""warning"": """"}, {""source_name"": ""position"", ""source_type"": ""csv"", ""source_date"": ""2026-05-20"", ""field_name"": ""pb_ratio"", ""field_value"": 3.16, ""confidence"": 0.8, ""warning"": """"}, {""source_name"": ""position"", ""source_type"": ""csv"", ""source_date"": ""2026-05-20"", ""field_name"": ""dividend_yield"", ""field_value"": 3.93, ""confidence"": 0.8, ""warning"": """"}, {""source_name"": ""position"", ""source_type"": ""csv"", ""source_date"": ""2026-05-20"", ""field_name"": ""margin_change_5d"", ""field_value"": 214.0, ""confidence"": 0.8, ""warning"": """"}, {""source_name"": ""position"", ""source_type"": ""csv"", ""source_date"": ""2026-05-20"", ""field_name"": ""price_return_5d"", ""field_value"": -0.036682615629984, ""confidence"": 0.8, ""warning"": """"}, {""source_name"": ""position"", ""source_type"": ""csv"", ""source_date"": ""2026-05-20"", ""field_name"": ""liquidity_score"", ""field_value"": 50.0, ""confidence"": 0.8, ""warning"": """"}, {""source_name"": ""position"", ""source_type"": ""csv"", ""source_date"": ""2026-05-20"", ""field_name"": ""sector_strength_score"", ""field_value"": 50.0, ""confidence"": 0.8, ""warning"": """"}]"
2026-05-20,6206,飛捷,PARTIAL,rule_based,False,8,財報資料不足,全市場,position,PE=18.16，同業/市場中位數約 20.69，約為 0.88 倍；PB=3.34，殖利率=4.25%,LOW,"5 日融資變化 -58，5 日股價報酬 -5.42%，5 日法人買賣超 -10,119；未見明顯融資/價格背離",LOW,全市場；相對強弱分數 50.0；模式 market_relative_fallback,部分資料不足,目前只能依既有分數與風險標籤輔助觀察,資料不足：財報資料不足,補查資料缺口,部分資料不足；目前只能依既有分數與風險標籤輔助觀察。此為紙上交易輔助說明，需人工確認。,資料不足時不做強結論；本說明僅供人工確認,"[{""source_name"": ""position"", ""source_type"": ""csv"", ""source_date"": ""2026-05-20"", ""field_name"": ""decision"", ""field_value"": ""REDUCE"", ""confidence"": 0.8, ""warning"": """"}, {""source_name"": ""position"", ""source_type"": ""csv"", ""source_date"": ""2026-05-20"", ""field_name"": ""pe_ratio"", ""field_value"": 18.16, ""confidence"": 0.8, ""warning"": """"}, {""source_name"": ""position"", ""source_type"": ""csv"", ""source_date"": ""2026-05-20"", ""field_name"": ""pb_ratio"", ""field_value"": 3.34, ""confidence"": 0.8, ""warning"": """"}, {""source_name"": ""position"", ""source_type"": ""csv"", ""source_date"": ""2026-05-20"", ""field_name"": ""dividend_yield"", ""field_value"": 4.25, ""confidence"": 0.8, ""warning"": """"}, {""source_name"": ""position"", ""source_type"": ""csv"", ""source_date"": ""2026-05-20"", ""field_name"": ""margin_change_5d"", ""field_value"": -58.0, ""confidence"": 0.8, ""warning"": """"}, {""source_name"": ""position"", ""source_type"": ""csv"", ""source_date"": ""2026-05-20"", ""field_name"": ""price_return_5d"", ""field_value"": -0.0541516245487364, ""confidence"": 0.8, ""warning"": """"}, {""source_name"": ""position"", ""source_type"": ""csv"", ""source_date"": ""2026-05-20"", ""field_name"": ""liquidity_score"", ""field_value"": 50.0, ""confidence"": 0.8, ""warning"": """"}, {""source_name"": ""position"", ""source_type"": ""csv"", ""source_date"": ""2026-05-20"", ""field_name"": ""sector_strength_score"", ""field_value"": 50.0, ""confidence"": 0.8, ""warning"": """"}]"
2026-05-20,5258,虹堡,PARTIAL,rule_based,False,8,財報資料不足,全市場,position,PE=17.91，同業/市場中位數約 20.69，約為 0.87 倍；PB=1.51，殖利率=1.67%,LOW,"5 日融資變化 717，5 日股價報酬 2.47%，5 日法人買賣超 -681,226；未見明顯融資/價格背離",LOW,全市場；相對強弱分數 50.0；模式 market_relative_fallback,部分資料不足,目前只能依既有分數與風險標籤輔助觀察,資料不足：財報資料不足,補查資料缺口,部分資料不足；目前只能依既有分數與風險標籤輔助觀察。此為紙上交易輔助說明，需人工確認。,資料不足時不做強結論；本說明僅供人工確認,"[{""source_name"": ""position"", ""source_type"": ""csv"", ""source_date"": ""2026-05-20"", ""field_name"": ""decision"", ""field_value"": ""REDUCE"", ""confidence"": 0.8, ""warning"": """"}, {""source_name"": ""position"", ""source_type"": ""csv"", ""source_date"": ""2026-05-20"", ""field_name"": ""pe_ratio"", ""field_value"": 17.91, ""confidence"": 0.8, ""warning"": """"}, {""source_name"": ""position"", ""source_type"": ""csv"", ""source_date"": ""2026-05-20"", ""field_name"": ""pb_ratio"", ""field_value"": 1.51, ""confidence"": 0.8, ""warning"": """"}, {""source_name"": ""position"", ""source_type"": ""csv"", ""source_date"": ""2026-05-20"", ""field_name"": ""dividend_yield"", ""field_value"": 1.67, ""confidence"": 0.8, ""warning"": """"}, {""source_name"": ""position"", ""source_type"": ""csv"", ""source_date"": ""2026-05-20"", ""field_name"": ""margin_change_5d"", ""field_value"": 717.0, ""confidence"": 0.8, ""warning"": """"}, {""source_name"": ""position"", ""source_type"": ""csv"", ""source_date"": ""2026-05-20"", ""field_name"": ""price_return_5d"", ""field_value"": 0.0247349823321554, ""confidence"": 0.8, ""warning"": """"}, {""source_name"": ""position"", ""source_type"": ""csv"", ""source_date"": ""2026-05-20"", ""field_name"": ""liquidity_score"", ""field_value"": 50.0, ""confidence"": 0.8, ""warning"": """"}, {""source_name"": ""position"", ""source_type"": ""csv"", ""source_date"": ""2026-05-20"", ""field_name"": ""sector_strength_score"", ""field_value"": 50.0, ""confidence"": 0.8, ""warning"": """"}]"
2026-05-20,1256,鮮活果汁-KY,PARTIAL,rule_based,False,8,財報資料不足,全市場,position,PE=13.86，同業/市場中位數約 20.69，約為 0.67 倍；PB=1.57，殖利率=3.60%,LOW,5 日融資變化 0，5 日股價報酬 -4.19%，5 日法人買賣超 -870；未見明顯融資/價格背離,LOW,全市場；相對強弱分數 50.0；模式 market_relative_fallback,部分資料不足,目前只能依既有分數與風險標籤輔助觀察,資料不足：財報資料不足,補查資料缺口,部分資料不足；目前只能依既有分數與風險標籤輔助觀察。此為紙上交易輔助說明，需人工確認。,資料不足時不做強結論；本說明僅供人工確認,"[{""source_name"": ""position"", ""source_type"": ""csv"", ""source_date"": ""2026-05-20"", ""field_name"": ""decision"", ""field_value"": ""HOLD"", ""confidence"": 0.8, ""warning"": """"}, {""source_name"": ""position"", ""source_type"": ""csv"", ""source_date"": ""2026-05-20"", ""field_name"": ""pe_ratio"", ""field_value"": 13.86, ""confidence"": 0.8, ""warning"": """"}, {""source_name"": ""position"", ""source_type"": ""csv"", ""source_date"": ""2026-05-20"", ""field_name"": ""pb_ratio"", ""field_value"": 1.57, ""confidence"": 0.8, ""warning"": """"}, {""source_name"": ""position"", ""source_type"": ""csv"", ""source_date"": ""2026-05-20"", ""field_name"": ""dividend_yield"", ""field_value"": 3.6, ""confidence"": 0.8, ""warning"": """"}, {""source_name"": ""position"", ""source_type"": ""csv"", ""source_date"": ""2026-05-20"", ""field_name"": ""margin_change_5d"", ""field_value"": 0.0, ""confidence"": 0.8, ""warning"": """"}, {""source_name"": ""position"", ""source_type"": ""csv"", ""source_date"": ""2026-05-20"", ""field_name"": ""price_return_5d"", ""field_value"": -0.0418848167539267, ""confidence"": 0.8, ""warning"": """"}, {""source_name"": ""position"", ""source_type"": ""csv"", ""source_date"": ""2026-05-20"", ""field_name"": ""liquidity_score"", ""field_value"": 50.0, ""confidence"": 0.8, ""warning"": """"}, {""source_name"": ""position"", ""source_type"": ""csv"", ""source_date"": ""2026-05-20"", ""field_name"": ""sector_strength_score"", ""field_value"": 50.0, ""confidence"": 0.8, ""warning"": """"}]"
2026-05-20,3048,益登,PARTIAL,rule_based,False,8,財報資料不足,全市場,position,PE=20.18，同業/市場中位數約 20.69，約為 0.98 倍；PB=2.59，殖利率=1.78%,LOW,"5 日融資變化 361，5 日股價報酬 32.83%，5 日法人買賣超 432,204；未見明顯融資/價格背離",LOW,全市場；相對強弱分數 50.0；模式 market_relative_fallback,部分資料不足,目前只能依既有分數與風險標籤輔助觀察,資料不足：財報資料不足,補查資料缺口,部分資料不足；目前只能依既有分數與風險標籤輔助觀察。此為紙上交易輔助說明，需人工確認。,資料不足時不做強結論；本說明僅供人工確認,"[{""source_name"": ""position"", ""source_type"": ""csv"", ""source_date"": ""2026-05-20"", ""field_name"": ""decision"", ""field_value"": ""REDUCE"", ""confidence"": 0.8, ""warning"": """"}, {""source_name"": ""position"", ""source_type"": ""csv"", ""source_date"": ""2026-05-20"", ""field_name"": ""pe_ratio"", ""field_value"": 20.18, ""confidence"": 0.8, ""warning"": """"}, {""source_name"": ""position"", ""source_type"": ""csv"", ""source_date"": ""2026-05-20"", ""field_name"": ""pb_ratio"", ""field_value"": 2.59, ""confidence"": 0.8, ""warning"": """"}, {""source_name"": ""position"", ""source_type"": ""csv"", ""source_date"": ""2026-05-20"", ""field_name"": ""dividend_yield"", ""field_value"": 1.78, ""confidence"": 0.8, ""warning"": """"}, {""source_name"": ""position"", ""source_type"": ""csv"", ""source_date"": ""2026-05-20"", ""field_name"": ""margin_change_5d"", ""field_value"": 361.0, ""confidence"": 0.8, ""warning"": """"}, {""source_name"": ""position"", ""source_type"": ""csv"", ""source_date"": ""2026-05-20"", ""field_name"": ""price_return_5d"", ""field_value"": 0.3283100107642627, ""confidence"": 0.8, ""warning"": """"}, {""source_name"": ""position"", ""source_type"": ""csv"", ""source_date"": ""2026-05-20"", ""field_name"": ""liquidity_score"", ""field_value"": 50.0, ""confidence"": 0.8, ""warning"": """"}, {""source_name"": ""position"", ""source_type"": ""csv"", ""source_date"": ""2026-05-20"", ""field_name"": ""sector_strength_score"", ""field_value"": 50.0, ""confidence"": 0.8, ""warning"": """"}]"
2026-05-20,8926,台汽電,PARTIAL,rule_based,False,8,財報資料不足,全市場,position,PE=13.97，同業/市場中位數約 20.69，約為 0.68 倍；PB=2.39，殖利率=4.23%,LOW,"5 日融資變化 225，5 日股價報酬 5.64%，5 日法人買賣超 540,000；未見明顯融資/價格背離",LOW,全市場；相對強弱分數 50.0；模式 market_relative_fallback,部分資料不足,目前只能依既有分數與風險標籤輔助觀察,資料不足：財報資料不足,補查資料缺口,部分資料不足；目前只能依既有分數與風險標籤輔助觀察。此為紙上交易輔助說明，需人工確認。,資料不足時不做強結論；本說明僅供人工確認,"[{""source_name"": ""position"", ""source_type"": ""csv"", ""source_date"": ""2026-05-20"", ""field_name"": ""decision"", ""field_value"": ""HOLD"", ""confidence"": 0.8, ""warning"": """"}, {""source_name"": ""position"", ""source_type"": ""csv"", ""source_date"": ""2026-05-20"", ""field_name"": ""pe_ratio"", ""field_value"": 13.97, ""confidence"": 0.8, ""warning"": """"}, {""source_name"": ""position"", ""source_type"": ""csv"", ""source_date"": ""2026-05-20"", ""field_name"": ""pb_ratio"", ""field_value"": 2.39, ""confidence"": 0.8, ""warning"": """"}, {""source_name"": ""position"", ""source_type"": ""csv"", ""source_date"": ""2026-05-20"", ""field_name"": ""dividend_yield"", ""field_value"": 4.23, ""confidence"": 0.8, ""warning"": """"}, {""source_name"": ""position"", ""source_type"": ""csv"", ""source_date"": ""2026-05-20"", ""field_name"": ""margin_change_5d"", ""field_value"": 225.0, ""confidence"": 0.8, ""warning"": """"}, {""source_name"": ""position"", ""source_type"": ""csv"", ""source_date"": ""2026-05-20"", ""field_name"": ""price_return_5d"", ""field_value"": 0.0564373897707231, ""confidence"": 0.8, ""warning"": """"}, {""source_name"": ""position"", ""source_type"": ""csv"", ""source_date"": ""2026-05-20"", ""field_name"": ""liquidity_score"", ""field_value"": 50.0, ""confidence"": 0.8, ""warning"": """"}, {""source_name"": ""position"", ""source_type"": ""csv"", ""source_date"": ""2026-05-20"", ""field_name"": ""sector_strength_score"", ""field_value"": 50.0, ""confidence"": 0.8, ""warning"": """"}]"
2026-05-20,2030,彰源,PARTIAL,rule_based,False,8,財報資料不足,全市場,position,PE=25.45，同業/市場中位數約 20.69，約為 1.23 倍；PB=0.92，殖利率=2.98%,MEDIUM,"5 日融資變化 65，5 日股價報酬 -4.43%，5 日法人買賣超 -67,000；融資增加但股價未同步上漲，需檢查籌碼壓力",HIGH,全市場；相對強弱分數 50.0；模式 market_relative_fallback,估值風險 MEDIUM；融資籌碼風險 HIGH；部分資料不足,目前只能依既有分數與風險標籤輔助觀察,資料不足：財報資料不足,確認估值是否合理；檢查融資與法人籌碼是否背離；補查資料缺口,估值風險 MEDIUM；融資籌碼風險 HIGH；部分資料不足；目前只能依既有分數與風險標籤輔助觀察。此為紙上交易輔助說明，需人工確認。,資料不足時不做強結論；本說明僅供人工確認,"[{""source_name"": ""position"", ""source_type"": ""csv"", ""source_date"": ""2026-05-20"", ""field_name"": ""decision"", ""field_value"": ""HOLD"", ""confidence"": 0.8, ""warning"": """"}, {""source_name"": ""position"", ""source_type"": ""csv"", ""source_date"": ""2026-05-20"", ""field_name"": ""pe_ratio"", ""field_value"": 25.45, ""confidence"": 0.8, ""warning"": """"}, {""source_name"": ""position"", ""source_type"": ""csv"", ""source_date"": ""2026-05-20"", ""field_name"": ""pb_ratio"", ""field_value"": 0.92, ""confidence"": 0.8, ""warning"": """"}, {""source_name"": ""position"", ""source_type"": ""csv"", ""source_date"": ""2026-05-20"", ""field_name"": ""dividend_yield"", ""field_value"": 2.98, ""confidence"": 0.8, ""warning"": """"}, {""source_name"": ""position"", ""source_type"": ""csv"", ""source_date"": ""2026-05-20"", ""field_name"": ""margin_change_5d"", ""field_value"": 65.0, ""confidence"": 0.8, ""warning"": """"}, {""source_name"": ""position"", ""source_type"": ""csv"", ""source_date"": ""2026-05-20"", ""field_name"": ""price_return_5d"", ""field_value"": -0.0443213296398892, ""confidence"": 0.8, ""warning"": """"}, {""source_name"": ""position"", ""source_type"": ""csv"", ""source_date"": ""2026-05-20"", ""field_name"": ""liquidity_score"", ""field_value"": 50.0, ""confidence"": 0.8, ""warning"": """"}, {""source_name"": ""position"", ""source_type"": ""csv"", ""source_date"": ""2026-05-20"", ""field_name"": ""sector_strength_score"", ""field_value"": 50.0, ""confidence"": 0.8, ""warning"": """"}]"
2026-05-20,2425,承啟,PARTIAL,rule_based,False,7,估值資料不足；財報資料不足,全市場,position,估值資料不足，無法判斷 PE 是否偏高,UNKNOWN,"5 日融資變化 3，5 日股價報酬 -2.83%，5 日法人買賣超 91,000；融資增加但股價未同步上漲，需檢查籌碼壓力",MEDIUM,全市場；相對強弱分數 50.0；模式 market_relative_fallback,融資籌碼風險 MEDIUM；部分資料不足,目前只能依既有分數與風險標籤輔助觀察,資料不足：估值資料不足、財報資料不足,確認估值是否合理；檢查融資與法人籌碼是否背離；補查資料缺口,融資籌碼風險 MEDIUM；部分資料不足；目前只能依既有分數與風險標籤輔助觀察。此為紙上交易輔助說明，需人工確認。,資料不足時不做強結論；本說明僅供人工確認,"[{""source_name"": ""position"", ""source_type"": ""csv"", ""source_date"": ""2026-05-20"", ""field_name"": ""decision"", ""field_value"": ""EXIT"", ""confidence"": 0.8, ""warning"": """"}, {""source_name"": ""position"", ""source_type"": ""csv"", ""source_date"": ""2026-05-20"", ""field_name"": ""pb_ratio"", ""field_value"": 1.25, ""confidence"": 0.8, ""warning"": """"}, {""source_name"": ""position"", ""source_type"": ""csv"", ""source_date"": ""2026-05-20"", ""field_name"": ""dividend_yield"", ""field_value"": 0.31, ""confidence"": 0.8, ""warning"": """"}, {""source_name"": ""position"", ""source_type"": ""csv"", ""source_date"": ""2026-05-20"", ""field_name"": ""margin_change_5d"", ""field_value"": 3.0, ""confidence"": 0.8, ""warning"": """"}, {""source_name"": ""position"", ""source_type"": ""csv"", ""source_date"": ""2026-05-20"", ""field_name"": ""price_return_5d"", ""field_value"": -0.0282738095238096, ""confidence"": 0.8, ""warning"": """"}, {""source_name"": ""position"", ""source_type"": ""csv"", ""source_date"": ""2026-05-20"", ""field_name"": ""liquidity_score"", ""field_value"": 50.0, ""confidence"": 0.8, ""warning"": """"}, {""source_name"": ""position"", ""source_type"": ""csv"", ""source_date"": ""2026-05-20"", ""field_name"": ""sector_strength_score"", ""field_value"": 50.0, ""confidence"": 0.8, ""warning"": """"}]"
2026-05-20,6579,研揚,PARTIAL,rule_based,False,8,財報資料不足,全市場,position,PE=27.34，同業/市場中位數約 20.69，約為 1.32 倍；PB=2.42，殖利率=2.52%,MEDIUM,"5 日融資變化 -16，5 日股價報酬 -1.00%，5 日法人買賣超 111,900；未見明顯融資/價格背離",LOW,全市場；相對強弱分數 50.0；模式 market_relative_fallback,估值風險 MEDIUM；部分資料不足,目前只能依既有分數與風險標籤輔助觀察,資料不足：財報資料不足,確認估值是否合理；補查資料缺口,估值風險 MEDIUM；部分資料不足；目前只能依既有分數與風險標籤輔助觀察。此為紙上交易輔助說明，需人工確認。,資料不足時不做強結論；本說明僅供人工確認,"[{""source_name"": ""position"", ""source_type"": ""csv"", ""source_date"": ""2026-05-20"", ""field_name"": ""decision"", ""field_value"": ""HOLD"", ""confidence"": 0.8, ""warning"": """"}, {""source_name"": ""position"", ""source_type"": ""csv"", ""source_date"": ""2026-05-20"", ""field_name"": ""pe_ratio"", ""field_value"": 27.34, ""confidence"": 0.8, ""warning"": """"}, {""source_name"": ""position"", ""source_type"": ""csv"", ""source_date"": ""2026-05-20"", ""field_name"": ""pb_ratio"", ""field_value"": 2.42, ""confidence"": 0.8, ""warning"": """"}, {""source_name"": ""position"", ""source_type"": ""csv"", ""source_date"": ""2026-05-20"", ""field_name"": ""dividend_yield"", ""field_value"": 2.52, ""confidence"": 0.8, ""warning"": """"}, {""source_name"": ""position"", ""source_type"": ""csv"", ""source_date"": ""2026-05-20"", ""field_name"": ""margin_change_5d"", ""field_value"": -16.0, ""confidence"": 0.8, ""warning"": """"}, {""source_name"": ""position"", ""source_type"": ""csv"", ""source_date"": ""2026-05-20"", ""field_name"": ""price_return_5d"", ""field_value"": -0.0099667774086378, ""confidence"": 0.8, ""warning"": """"}, {""source_name"": ""position"", ""source_type"": ""csv"", ""source_date"": ""2026-05-20"", ""field_name"": ""liquidity_score"", ""field_value"": 50.0, ""confidence"": 0.8, ""warning"": """"}, {""source_name"": ""position"", ""source_type"": ""csv"", ""source_date"": ""2026-05-20"", ""field_name"": ""sector_strength_score"", ""field_value"": 50.0, ""confidence"": 0.8, ""warning"": """"}]"
2026-05-20,3059,華晶科,PARTIAL,rule_based,False,8,財報資料不足,全市場,position,PE=34.23，同業/市場中位數約 20.69，約為 1.65 倍；PB=1.29，殖利率=2.38%,HIGH,"5 日融資變化 109，5 日股價報酬 9.25%，5 日法人買賣超 -860,707；未見明顯融資/價格背離",LOW,全市場；相對強弱分數 50.0；模式 market_relative_fallback,估值風險 HIGH；部分資料不足,目前只能依既有分數與風險標籤輔助觀察,資料不足：財報資料不足,確認估值是否合理；補查資料缺口,估值風險 HIGH；部分資料不足；目前只能依既有分數與風險標籤輔助觀察。此為紙上交易輔助說明，需人工確認。,資料不足時不做強結論；本說明僅供人工確認,"[{""source_name"": ""position"", ""source_type"": ""csv"", ""source_date"": ""2026-05-20"", ""field_name"": ""decision"", ""field_value"": ""HOLD"", ""confidence"": 0.8, ""warning"": """"}, {""source_name"": ""position"", ""source_type"": ""csv"", ""source_date"": ""2026-05-20"", ""field_name"": ""pe_ratio"", ""field_value"": 34.23, ""confidence"": 0.8, ""warning"": """"}, {""source_name"": ""position"", ""source_type"": ""csv"", ""source_date"": ""2026-05-20"", ""field_name"": ""pb_ratio"", ""field_value"": 1.29, ""confidence"": 0.8, ""warning"": """"}, {""source_name"": ""position"", ""source_type"": ""csv"", ""source_date"": ""2026-05-20"", ""field_name"": ""dividend_yield"", ""field_value"": 2.38, ""confidence"": 0.8, ""warning"": """"}, {""source_name"": ""position"", ""source_type"": ""csv"", ""source_date"": ""2026-05-20"", ""field_name"": ""margin_change_5d"", ""field_value"": 109.0, ""confidence"": 0.8, ""warning"": """"}, {""source_name"": ""position"", ""source_type"": ""csv"", ""source_date"": ""2026-05-20"", ""field_name"": ""price_return_5d"", ""field_value"": 0.0925449871465295, ""confidence"": 0.8, ""warning"": """"}, {""source_name"": ""position"", ""source_type"": ""csv"", ""source_date"": ""2026-05-20"", ""field_name"": ""liquidity_score"", ""field_value"": 50.0, ""confidence"": 0.8, ""warning"": """"}, {""source_name"": ""position"", ""source_type"": ""csv"", ""source_date"": ""2026-05-20"", ""field_name"": ""sector_strength_score"", ""field_value"": 50.0, ""confidence"": 0.8, ""warning"": """"}]"
