trade_date,symbol,name,candidate_score,market_regime_score,official_threshold,blocked_by_market_regime,close_on_trade_date,close_plus_5d,close_plus_20d,forward_return_5d,forward_return_20d,benchmark_return_5d,benchmark_return_20d,excess_return_5d,excess_return_20d,forward_return_5d_status,forward_return_20d_status,data_sufficiency_status,is_observation_only
2026-05-08,00735,國泰臺韓科技,83.43,,60,False,,,,,,-0.010373536737145583,0.08333345351425847,,,DATA_INSUFFICIENT,DATA_INSUFFICIENT,DATA_INSUFFICIENT,True
2026-05-08,00891,中信關鍵半導體,83.64,,60,False,,,,,,-0.010373536737145583,0.08333345351425847,,,DATA_INSUFFICIENT,DATA_INSUFFICIENT,DATA_INSUFFICIENT,True
2026-05-08,00947,台新臺灣IC設計,82.71,,60,False,,,,,,-0.010373536737145583,0.08333345351425847,,,DATA_INSUFFICIENT,DATA_INSUFFICIENT,DATA_INSUFFICIENT,True
2026-05-08,009802,富邦旗艦50,82.72,,60,False,,,,,,-0.010373536737145583,0.08333345351425847,,,DATA_INSUFFICIENT,DATA_INSUFFICIENT,DATA_INSUFFICIENT,True
2026-05-08,2357,華碩,83.34,,60,False,,,,,,-0.010373536737145583,0.08333345351425847,,,DATA_INSUFFICIENT,DATA_INSUFFICIENT,DATA_INSUFFICIENT,True
2026-05-08,2376,技嘉,84.01,,60,False,,,,,,-0.010373536737145583,0.08333345351425847,,,DATA_INSUFFICIENT,DATA_INSUFFICIENT,DATA_INSUFFICIENT,True
2026-05-08,2395,研華,83.2,,60,False,,,,,,-0.010373536737145583,0.08333345351425847,,,DATA_INSUFFICIENT,DATA_INSUFFICIENT,DATA_INSUFFICIENT,True
2026-05-08,2428,興勤,82.59,,60,False,,,,,,-0.010373536737145583,0.08333345351425847,,,DATA_INSUFFICIENT,DATA_INSUFFICIENT,DATA_INSUFFICIENT,True
2026-05-08,2458,義隆,83.46,,60,False,,,,,,-0.010373536737145583,0.08333345351425847,,,DATA_INSUFFICIENT,DATA_INSUFFICIENT,DATA_INSUFFICIENT,True
2026-05-08,3014,聯陽,83.28,,60,False,,,,,,-0.010373536737145583,0.08333345351425847,,,DATA_INSUFFICIENT,DATA_INSUFFICIENT,DATA_INSUFFICIENT,True
2026-05-08,3033,威健,84.22,,60,False,,,,,,-0.010373536737145583,0.08333345351425847,,,DATA_INSUFFICIENT,DATA_INSUFFICIENT,DATA_INSUFFICIENT,True
2026-05-08,3034,聯詠,83.2,,60,False,,,,,,-0.010373536737145583,0.08333345351425847,,,DATA_INSUFFICIENT,DATA_INSUFFICIENT,DATA_INSUFFICIENT,True
2026-05-08,3048,益登,83.09,,60,False,,,,,,-0.010373536737145583,0.08333345351425847,,,DATA_INSUFFICIENT,DATA_INSUFFICIENT,DATA_INSUFFICIENT,True
2026-05-08,3416,融程電,83.93,,60,False,,,,,,-0.010373536737145583,0.08333345351425847,,,DATA_INSUFFICIENT,DATA_INSUFFICIENT,DATA_INSUFFICIENT,True
2026-05-08,3528,安馳,84.67,,60,False,,,,,,-0.010373536737145583,0.08333345351425847,,,DATA_INSUFFICIENT,DATA_INSUFFICIENT,DATA_INSUFFICIENT,True
2026-05-08,3592,瑞鼎,82.75,,60,False,,,,,,-0.010373536737145583,0.08333345351425847,,,DATA_INSUFFICIENT,DATA_INSUFFICIENT,DATA_INSUFFICIENT,True
2026-05-08,5285,界霖,83.4,,60,False,,,,,,-0.010373536737145583,0.08333345351425847,,,DATA_INSUFFICIENT,DATA_INSUFFICIENT,DATA_INSUFFICIENT,True
2026-05-08,6206,飛捷,83.56,,60,False,,,,,,-0.010373536737145583,0.08333345351425847,,,DATA_INSUFFICIENT,DATA_INSUFFICIENT,DATA_INSUFFICIENT,True
2026-05-08,6525,捷敏-KY,83.52,,60,False,,,,,,-0.010373536737145583,0.08333345351425847,,,DATA_INSUFFICIENT,DATA_INSUFFICIENT,DATA_INSUFFICIENT,True
2026-05-08,8926,台汽電,83.51,,60,False,,,,,,-0.010373536737145583,0.08333345351425847,,,DATA_INSUFFICIENT,DATA_INSUFFICIENT,DATA_INSUFFICIENT,True
2026-05-11,00735,國泰臺韓科技,83.84,,60,False,100.7,96.9,104.65,-0.037735849056603765,0.03922542204568025,-0.02149410649326655,0.04098390861367518,-0.016241742563337214,-0.0017584865679949324,OBSERVATION_ONLY,OBSERVATION_ONLY,OBSERVATION_ONLY,True
2026-05-11,00947,台新臺灣IC設計,85.0,,60,False,37.97,35.25,35.83,-0.07163550171187782,-0.05636028443508034,-0.02149410649326655,0.04098390861367518,-0.05014139521861127,-0.09734419304875552,OBSERVATION_ONLY,OBSERVATION_ONLY,OBSERVATION_ONLY,True
2026-05-11,009802,富邦旗艦50,83.74,,60,False,18.45,17.28,19.14,-0.06341463414634141,0.03739837398374002,-0.02149410649326655,0.04098390861367518,-0.04192052765307486,-0.003585534629935161,OBSERVATION_ONLY,OBSERVATION_ONLY,OBSERVATION_ONLY,True
2026-05-11,1762,中化生,82.9,,60,False,37.55,37.15,40.3,-0.010652463382157085,0.07323568575233019,-0.02149410649326655,0.04098390861367518,0.010841643111109467,0.03225177713865501,OBSERVATION_ONLY,OBSERVATION_ONLY,OBSERVATION_ONLY,True
2026-05-11,2030,彰源,83.55,,60,False,18.0,16.8,18.8,-0.06666666666666665,0.04444444444444451,-0.02149410649326655,0.04098390861367518,-0.0451725601734001,0.003460535830769329,OBSERVATION_ONLY,OBSERVATION_ONLY,OBSERVATION_ONLY,True
2026-05-11,2357,華碩,84.59,,60,False,686.0,635.0,844.0,-0.07434402332361512,0.2303206997084548,-0.02149410649326655,0.04098390861367518,-0.052849916830348564,0.18933679109477963,OBSERVATION_ONLY,OBSERVATION_ONLY,OBSERVATION_ONLY,True
2026-05-11,2376,技嘉,83.69,,60,False,324.5,330.5,345.0,0.018489984591679498,0.06317411402157158,-0.02149410649326655,0.04098390861367518,0.03998409108494605,0.0221902054078964,OBSERVATION_ONLY,OBSERVATION_ONLY,OBSERVATION_ONLY,True
2026-05-11,2377,微星,83.66,,60,False,107.5,113.0,132.0,0.051162790697674376,0.22790697674418614,-0.02149410649326655,0.04098390861367518,0.07265689719094093,0.18692306813051096,OBSERVATION_ONLY,OBSERVATION_ONLY,OBSERVATION_ONLY,True
2026-05-11,2855,統一證,85.0,,60,False,43.7,39.8,53.2,-0.08924485125858139,0.21739130434782616,-0.02149410649326655,0.04098390861367518,-0.06775074476531484,0.17640739573415098,OBSERVATION_ONLY,OBSERVATION_ONLY,OBSERVATION_ONLY,True
2026-05-11,3014,聯陽,82.54,,60,False,139.0,135.5,142.5,-0.025179856115107868,0.02517985611510798,-0.02149410649326655,0.04098390861367518,-0.0036857496218413166,-0.0158040524985672,OBSERVATION_ONLY,OBSERVATION_ONLY,OBSERVATION_ONLY,True
2026-05-11,3033,威健,82.99,,60,False,44.0,48.7,47.9,0.10681818181818192,0.08863636363636362,-0.02149410649326655,0.04098390861367518,0.12831228831144847,0.047652455022688445,OBSERVATION_ONLY,OBSERVATION_ONLY,OBSERVATION_ONLY,True
2026-05-11,3034,聯詠,83.2,,60,False,496.5,475.5,473.0,-0.04229607250755285,-0.04733131923464251,-0.02149410649326655,0.04098390861367518,-0.0208019660142863,-0.08831522784831769,OBSERVATION_ONLY,OBSERVATION_ONLY,OBSERVATION_ONLY,True
2026-05-11,3048,益登,84.25,,60,False,45.0,57.3,66.6,0.2733333333333332,0.48,-0.02149410649326655,0.04098390861367518,0.29482743982659976,0.4390160913863248,OBSERVATION_ONLY,OBSERVATION_ONLY,OBSERVATION_ONLY,True
2026-05-11,3356,奇偶,83.54,,60,False,59.7,61.5,59.1,0.03015075376884413,-0.01005025125628145,-0.02149410649326655,0.04098390861367518,0.05164486026211068,-0.05103415986995663,OBSERVATION_ONLY,OBSERVATION_ONLY,OBSERVATION_ONLY,True
2026-05-11,3592,瑞鼎,82.83,,60,False,263.5,251.5,255.0,-0.04554079696394686,-0.032258064516129004,-0.02149410649326655,0.04098390861367518,-0.02404669047068031,-0.07324197312980418,OBSERVATION_ONLY,OBSERVATION_ONLY,OBSERVATION_ONLY,True
2026-05-11,5258,虹堡,84.79,,60,False,54.3,58.8,47.95,0.08287292817679548,-0.11694290976058919,-0.02149410649326655,0.04098390861367518,0.10436703467006203,-0.15792681837426437,OBSERVATION_ONLY,OBSERVATION_ONLY,OBSERVATION_ONLY,True
2026-05-11,6206,飛捷,85.0,,60,False,130.5,130.0,134.5,-0.003831417624521105,0.03065134099616862,-0.02149410649326655,0.04098390861367518,0.017662688868745446,-0.01033256761750656,OBSERVATION_ONLY,OBSERVATION_ONLY,OBSERVATION_ONLY,True
2026-05-11,6579,研揚,83.99,,60,False,139.0,144.0,149.5,0.03597122302158273,0.07553956834532372,-0.02149410649326655,0.04098390861367518,0.057465329514849284,0.034555659731648536,OBSERVATION_ONLY,OBSERVATION_ONLY,OBSERVATION_ONLY,True
2026-05-11,8213,志超,84.81,,60,False,41.8,37.15,34.75,-0.11124401913875592,-0.16866028708133962,-0.02149410649326655,0.04098390861367518,-0.08974991264548937,-0.2096441956950148,OBSERVATION_ONLY,OBSERVATION_ONLY,OBSERVATION_ONLY,True
2026-05-11,8926,台汽電,84.16,,60,False,51.5,57.5,66.9,0.11650485436893199,0.29902912621359223,-0.02149410649326655,0.04098390861367518,0.13799896086219854,0.25804521759991705,OBSERVATION_ONLY,OBSERVATION_ONLY,OBSERVATION_ONLY,True
2026-05-12,00735,國泰臺韓科技,82.53,,60,False,100.0,94.05,109.75,-0.0595,0.09749999999999992,-0.04111763908433563,0.06697452308350327,-0.018382360915664364,0.030525476916496652,OBSERVATION_ONLY,OBSERVATION_ONLY,OBSERVATION_ONLY,True
2026-05-12,00947,台新臺灣IC設計,83.16,,60,False,37.49,32.98,37.37,-0.12029874633235538,-0.003200853560949679,-0.04111763908433563,0.06697452308350327,-0.07918110724801974,-0.07017537664445295,OBSERVATION_ONLY,OBSERVATION_ONLY,OBSERVATION_ONLY,True
2026-05-12,1256,鮮活果汁-KY,84.41,,60,False,186.5,183.5,182.0,-0.01608579088471851,-0.024128686327077764,-0.04111763908433563,0.06697452308350327,0.025031848199617124,-0.09110320941058103,OBSERVATION_ONLY,OBSERVATION_ONLY,OBSERVATION_ONLY,True
2026-05-12,1721,三晃,82.45,,60,False,34.45,28.7,25.15,-0.16690856313497837,-0.26995645863570406,-0.04111763908433563,0.06697452308350327,-0.12579092405064274,-0.3369309817192073,OBSERVATION_ONLY,OBSERVATION_ONLY,OBSERVATION_ONLY,True
2026-05-12,2030,彰源,83.22,,60,False,17.95,16.8,19.2,-0.06406685236768794,0.0696378830083566,-0.04111763908433563,0.06697452308350327,-0.02294921328335231,0.002663359924853337,OBSERVATION_ONLY,OBSERVATION_ONLY,OBSERVATION_ONLY,True
2026-05-12,2364,倫飛,83.39,,60,False,70.9,65.6,70.9,-0.07475317348378008,0.0,-0.04111763908433563,0.06697452308350327,-0.033635534399444444,-0.06697452308350327,OBSERVATION_ONLY,OBSERVATION_ONLY,OBSERVATION_ONLY,True
2026-05-12,2472,立隆電,82.45,,60,False,223.0,232.0,372.5,0.04035874439461873,0.6704035874439462,-0.04111763908433563,0.06697452308350327,0.08147638347895436,0.603429064360443,OBSERVATION_ONLY,OBSERVATION_ONLY,OBSERVATION_ONLY,True
2026-05-12,2492,華新科,82.45,,60,False,188.5,220.0,440.0,0.1671087533156499,1.3342175066312998,-0.04111763908433563,0.06697452308350327,0.20822639239998553,1.2672429835477965,OBSERVATION_ONLY,OBSERVATION_ONLY,OBSERVATION_ONLY,True
2026-05-12,3014,聯陽,82.56,,60,False,140.0,134.0,140.5,-0.042857142857142816,0.0035714285714285587,-0.04111763908433563,0.06697452308350327,-0.0017395037728071827,-0.06340309451207471,OBSERVATION_ONLY,OBSERVATION_ONLY,OBSERVATION_ONLY,True
2026-05-12,3035,智原,82.45,,60,False,208.5,188.5,186.0,-0.09592326139088725,-0.1079136690647482,-0.04111763908433563,0.06697452308350327,-0.054805622306551616,-0.17488819214825146,OBSERVATION_ONLY,OBSERVATION_ONLY,OBSERVATION_ONLY,True
2026-05-12,3048,益登,84.25,,60,False,46.9,56.1,71.6,0.19616204690831562,0.5266524520255862,-0.04111763908433563,0.06697452308350327,0.23727968599265126,0.4596779289420829,OBSERVATION_ONLY,OBSERVATION_ONLY,OBSERVATION_ONLY,True
2026-05-12,5285,界霖,82.45,,60,False,74.5,76.0,87.3,0.020134228187919545,0.17181208053691277,-0.04111763908433563,0.06697452308350327,0.06125186727225518,0.1048375574534095,OBSERVATION_ONLY,OBSERVATION_ONLY,OBSERVATION_ONLY,True
2026-05-12,5471,松翰,82.45,,60,False,52.4,47.6,49.7,-0.09160305343511443,-0.0515267175572518,-0.04111763908433563,0.06697452308350327,-0.0504854143507788,-0.11850124064075507,OBSERVATION_ONLY,OBSERVATION_ONLY,OBSERVATION_ONLY,True
2026-05-12,6116,彩晶,82.45,,60,False,10.65,10.15,15.6,-0.04694835680751175,0.464788732394366,-0.04111763908433563,0.06697452308350327,-0.005830717723176115,0.39781420931086275,OBSERVATION_ONLY,OBSERVATION_ONLY,OBSERVATION_ONLY,True
2026-05-12,6206,飛捷,83.2,,60,False,140.0,129.5,138.5,-0.07499999999999996,-0.010714285714285676,-0.04111763908433563,0.06697452308350327,-0.03388236091566432,-0.07768880879778894,OBSERVATION_ONLY,OBSERVATION_ONLY,OBSERVATION_ONLY,True
2026-05-12,6449,鈺邦,82.45,,60,False,198.5,244.5,370.5,0.23173803526448356,0.8664987405541562,-0.04111763908433563,0.06697452308350327,0.2728556743488192,0.7995242174706529,OBSERVATION_ONLY,OBSERVATION_ONLY,OBSERVATION_ONLY,True
2026-05-12,6863,永道-KY,83.05,,60,False,118.5,106.0,103.5,-0.10548523206751059,-0.12658227848101267,-0.04111763908433563,0.06697452308350327,-0.06436759298317496,-0.19355680156451593,OBSERVATION_ONLY,OBSERVATION_ONLY,OBSERVATION_ONLY,True
2026-05-12,8114,振樺電,82.45,,60,False,239.5,215.5,209.0,-0.10020876826722336,-0.12734864300626303,-0.04111763908433563,0.06697452308350327,-0.059091129182887725,-0.1943231660897663,OBSERVATION_ONLY,OBSERVATION_ONLY,OBSERVATION_ONLY,True
2026-05-12,8213,志超,83.52,,60,False,41.2,36.75,36.05,-0.10800970873786409,-0.1250000000000001,-0.04111763908433563,0.06697452308350327,-0.06689206965352845,-0.19197452308350338,OBSERVATION_ONLY,OBSERVATION_ONLY,OBSERVATION_ONLY,True
2026-05-12,8499,鼎炫-KY,82.45,,60,False,306.5,265.5,281.5,-0.13376835236541595,-0.08156606851549753,-0.04111763908433563,0.06697452308350327,-0.09265071328108032,-0.1485405915990008,OBSERVATION_ONLY,OBSERVATION_ONLY,OBSERVATION_ONLY,True
2026-05-13,1256,鮮活果汁-KY,85.0,,60,False,191.0,183.0,178.0,-0.041884816753926746,-0.0680628272251309,-0.03271773677023293,0.04473866753676781,-0.009167079983693815,-0.11280149476189871,OBSERVATION_ONLY,OBSERVATION_ONLY,OBSERVATION_ONLY,True
2026-05-13,2030,彰源,82.71,,60,False,18.05,17.25,18.65,-0.04432132963988922,0.0332409972299168,-0.03271773677023293,0.04473866753676781,-0.011603592869656287,-0.011497670306851004,OBSERVATION_ONLY,OBSERVATION_ONLY,OBSERVATION_ONLY,True
2026-05-13,2302,麗正,82.45,,60,False,26.0,24.95,32.0,-0.04038461538461546,0.23076923076923084,-0.03271773677023293,0.04473866753676781,-0.007666878614382533,0.18603056323246303,OBSERVATION_ONLY,OBSERVATION_ONLY,OBSERVATION_ONLY,True
2026-05-13,2316,楠梓電,82.45,,60,False,142.5,137.5,157.0,-0.03508771929824561,0.10175438596491237,-0.03271773677023293,0.04473866753676781,-0.002369982528012682,0.05701571842814457,OBSERVATION_ONLY,OBSERVATION_ONLY,OBSERVATION_ONLY,True
2026-05-13,2377,微星,82.45,,60,False,115.5,109.5,132.0,-0.051948051948051965,0.1428571428571428,-0.03271773677023293,0.04473866753676781,-0.019230315177819035,0.09811847532037499,OBSERVATION_ONLY,OBSERVATION_ONLY,OBSERVATION_ONLY,True
2026-05-13,2481,強茂,82.45,,60,False,121.0,133.0,135.5,0.09917355371900816,0.11983471074380159,-0.03271773677023293,0.04473866753676781,0.1318912904892411,0.07509604320703378,OBSERVATION_ONLY,OBSERVATION_ONLY,OBSERVATION_ONLY,True
2026-05-13,2492,華新科,82.45,,60,False,200.0,242.0,407.5,0.20999999999999996,1.0375,-0.03271773677023293,0.04473866753676781,0.2427177367702329,0.9927613324632323,OBSERVATION_ONLY,OBSERVATION_ONLY,OBSERVATION_ONLY,True
2026-05-13,2542,興富發,82.67,,60,False,42.7,43.7,45.45,0.023419203747072626,0.06440281030444961,-0.03271773677023293,0.04473866753676781,0.056136940517305556,0.019664142767681803,OBSERVATION_ONLY,OBSERVATION_ONLY,OBSERVATION_ONLY,True
2026-05-13,3036,文曄,82.45,,60,False,284.0,279.0,239.5,-0.017605633802816878,-0.15669014084507038,-0.03271773677023293,0.04473866753676781,0.015112102967416052,-0.2014288083818382,OBSERVATION_ONLY,OBSERVATION_ONLY,OBSERVATION_ONLY,True
2026-05-13,3481,群創,82.45,,60,False,37.5,36.95,44.3,-0.014666666666666606,0.18133333333333335,-0.03271773677023293,0.04473866753676781,0.018051070103566325,0.13659466579656554,OBSERVATION_ONLY,OBSERVATION_ONLY,OBSERVATION_ONLY,True
2026-05-13,3583,辛耘,82.45,,60,False,966.0,826.0,786.0,-0.14492753623188404,-0.1863354037267081,-0.03271773677023293,0.04473866753676781,-0.1122097994616511,-0.2310740712634759,OBSERVATION_ONLY,OBSERVATION_ONLY,OBSERVATION_ONLY,True
2026-05-13,5215,科嘉-KY,83.2,,60,False,46.3,44.6,44.0,-0.036717062634989084,-0.049676025917926525,-0.03271773677023293,0.04473866753676781,-0.003999325864756154,-0.09441469345469433,OBSERVATION_ONLY,OBSERVATION_ONLY,OBSERVATION_ONLY,True
2026-05-13,5258,虹堡,82.45,,60,False,56.6,58.0,48.85,0.02473498233215543,-0.1369257950530035,-0.03271773677023293,0.04473866753676781,0.05745271910238836,-0.18166446258977131,OBSERVATION_ONLY,OBSERVATION_ONLY,OBSERVATION_ONLY,True
2026-05-13,6116,彩晶,82.45,,60,False,11.25,9.85,14.4,-0.12444444444444447,0.28,-0.03271773677023293,0.04473866753676781,-0.09172670767421154,0.23526133246323222,OBSERVATION_ONLY,OBSERVATION_ONLY,OBSERVATION_ONLY,True
2026-05-13,6166,凌華,82.45,,60,False,111.5,115.5,125.5,0.03587443946188351,0.12556053811659185,-0.03271773677023293,0.04473866753676781,0.06859217623211644,0.08082187057982404,OBSERVATION_ONLY,OBSERVATION_ONLY,OBSERVATION_ONLY,True
2026-05-13,6449,鈺邦,82.45,,60,False,218.0,268.5,368.0,0.2316513761467891,0.6880733944954129,-0.03271773677023293,0.04473866753676781,0.26436911291702203,0.6433347269586451,OBSERVATION_ONLY,OBSERVATION_ONLY,OBSERVATION_ONLY,True
2026-05-13,6579,研揚,84.07,,60,False,150.5,149.0,162.5,-0.009966777408637828,0.07973421926910307,-0.03271773677023293,0.04473866753676781,0.022750959361595102,0.03499555173233526,OBSERVATION_ONLY,OBSERVATION_ONLY,OBSERVATION_ONLY,True
2026-05-13,6924,榮惠-KY創,83.2,,60,False,123.5,163.0,132.0,0.31983805668016196,0.06882591093117418,-0.03271773677023293,0.04473866753676781,0.3525557934503949,0.024087243394406377,OBSERVATION_ONLY,OBSERVATION_ONLY,OBSERVATION_ONLY,True
2026-05-13,8114,振樺電,82.45,,60,False,247.0,237.0,202.5,-0.04048582995951422,-0.18016194331983804,-0.03271773677023293,0.04473866753676781,-0.007768093189281289,-0.22490061085660584,OBSERVATION_ONLY,OBSERVATION_ONLY,OBSERVATION_ONLY,True
2026-05-13,8926,台汽電,85.0,,60,False,56.7,59.9,75.0,0.0564373897707231,0.3227513227513228,-0.03271773677023293,0.04473866753676781,0.08915512654095603,0.278012655214555,OBSERVATION_ONLY,OBSERVATION_ONLY,OBSERVATION_ONLY,True
2026-05-14,00903,富邦元宇宙,82.08,,60,False,21.73,21.49,20.72,-0.011044638748274327,-0.0464795213989877,-0.009186201775973513,0.03347668061817766,-0.0018584369723008143,-0.07995620201716536,OBSERVATION_ONLY,OBSERVATION_ONLY,OBSERVATION_ONLY,True
2026-05-14,2302,麗正,82.15,,60,False,25.25,26.4,31.5,0.045544554455445585,0.24752475247524752,-0.009186201775973513,0.03347668061817766,0.0547307562314191,0.21404807185706987,OBSERVATION_ONLY,OBSERVATION_ONLY,OBSERVATION_ONLY,True
2026-05-14,2356,英業達,82.19,,60,False,53.2,54.1,65.4,0.016917293233082775,0.2293233082706767,-0.009186201775973513,0.03347668061817766,0.026103495009056288,0.19584662765249905,OBSERVATION_ONLY,OBSERVATION_ONLY,OBSERVATION_ONLY,True
2026-05-14,2377,微星,82.15,,60,False,117.0,113.0,133.5,-0.03418803418803418,0.14102564102564097,-0.009186201775973513,0.03347668061817766,-0.025001832412060665,0.10754896040746331,OBSERVATION_ONLY,OBSERVATION_ONLY,OBSERVATION_ONLY,True
2026-05-14,2425,承啟,83.92,,60,False,35.2,34.05,36.45,-0.0326704545454547,0.035511363636363535,-0.009186201775973513,0.03347668061817766,-0.023484252769481184,0.002034683018185879,OBSERVATION_ONLY,OBSERVATION_ONLY,OBSERVATION_ONLY,True
2026-05-14,2428,興勤,83.49,,60,False,212.0,230.0,281.0,0.08490566037735858,0.32547169811320753,-0.009186201775973513,0.03347668061817766,0.0940918621533321,0.2919950174950299,OBSERVATION_ONLY,OBSERVATION_ONLY,OBSERVATION_ONLY,True
2026-05-14,3003,健和興,83.35,,60,False,61.0,60.5,67.0,-0.008196721311475419,0.09836065573770503,-0.009186201775973513,0.03347668061817766,0.0009894804644980937,0.06488397511952737,OBSERVATION_ONLY,OBSERVATION_ONLY,OBSERVATION_ONLY,True
2026-05-14,3048,益登,82.45,,60,False,51.0,67.8,75.0,0.3294117647058823,0.47058823529411775,-0.009186201775973513,0.03347668061817766,0.3385979664818558,0.4371115546759401,OBSERVATION_ONLY,OBSERVATION_ONLY,OBSERVATION_ONLY,True
2026-05-14,3312,弘憶股,82.37,,60,False,48.7,46.85,57.8,-0.037987679671457886,0.18685831622176585,-0.009186201775973513,0.03347668061817766,-0.028801477895484373,0.1533816356035882,OBSERVATION_ONLY,OBSERVATION_ONLY,OBSERVATION_ONLY,True
2026-05-14,3356,奇偶,83.43,,60,False,62.7,61.3,54.9,-0.022328548644338198,-0.12440191387559818,-0.009186201775973513,0.03347668061817766,-0.013142346868364685,-0.15787859449377584,OBSERVATION_ONLY,OBSERVATION_ONLY,OBSERVATION_ONLY,True
2026-05-14,6166,凌華,82.45,,60,False,111.5,118.5,128.0,0.06278026905829592,0.14798206278026904,-0.009186201775973513,0.03347668061817766,0.07196647083426944,0.11450538216209138,OBSERVATION_ONLY,OBSERVATION_ONLY,OBSERVATION_ONLY,True
2026-05-14,6192,巨路,82.09,,60,False,133.5,131.0,117.5,-0.01872659176029967,-0.11985018726591756,-0.009186201775973513,0.03347668061817766,-0.009540389984326159,-0.15332686788409522,OBSERVATION_ONLY,OBSERVATION_ONLY,OBSERVATION_ONLY,True
2026-05-14,6206,飛捷,82.22,,60,False,136.5,137.0,132.0,0.00366300366300365,-0.03296703296703296,-0.009186201775973513,0.03347668061817766,0.012849205438977163,-0.06644371358521062,OBSERVATION_ONLY,OBSERVATION_ONLY,OBSERVATION_ONLY,True
2026-05-14,6446,藥華藥,81.98,,60,False,782.0,798.0,934.0,0.020460358056265893,0.19437340153452687,-0.009186201775973513,0.03347668061817766,0.029646559832239405,0.1608967209163492,OBSERVATION_ONLY,OBSERVATION_ONLY,OBSERVATION_ONLY,True
2026-05-14,6449,鈺邦,82.45,,60,False,239.5,295.0,383.0,0.231732776617954,0.5991649269311066,-0.009186201775973513,0.03347668061817766,0.2409189783939275,0.5656882463129289,OBSERVATION_ONLY,OBSERVATION_ONLY,OBSERVATION_ONLY,True
2026-05-14,6579,研揚,82.9,,60,False,147.5,152.5,163.0,0.03389830508474567,0.10508474576271176,-0.009186201775973513,0.03347668061817766,0.043084506860719185,0.0716080651445341,OBSERVATION_ONLY,OBSERVATION_ONLY,OBSERVATION_ONLY,True
2026-05-14,6719,力智,83.77,,60,False,208.5,233.5,214.0,0.11990407673860903,0.026378896882494063,-0.009186201775973513,0.03347668061817766,0.12909027851458255,-0.007097783735683594,OBSERVATION_ONLY,OBSERVATION_ONLY,OBSERVATION_ONLY,True
2026-05-14,7788,松川精密,82.45,,60,False,206.0,185.0,271.0,-0.10194174757281549,0.31553398058252435,-0.009186201775973513,0.03347668061817766,-0.09275554579684198,0.2820572999643467,OBSERVATION_ONLY,OBSERVATION_ONLY,OBSERVATION_ONLY,True
2026-05-14,8016,矽創,81.98,,60,False,294.5,297.5,286.5,0.01018675721561979,-0.02716468590831922,-0.009186201775973513,0.03347668061817766,0.019372958991593303,-0.060641366526496876,OBSERVATION_ONLY,OBSERVATION_ONLY,OBSERVATION_ONLY,True
2026-05-14,8926,台汽電,84.7,,60,False,57.6,61.0,75.5,0.05902777777777768,0.31076388888888884,-0.009186201775973513,0.03347668061817766,0.06821397955375119,0.2772872082707112,OBSERVATION_ONLY,OBSERVATION_ONLY,OBSERVATION_ONLY,True
2026-05-15,1776,展宇,83.45,,60,False,19.0,18.95,18.2,-0.0026315789473684292,-0.04210526315789476,0.026610327899590835,0.07278378018651344,-0.029241906846959265,-0.11488904334440819,OBSERVATION_ONLY,OBSERVATION_ONLY,OBSERVATION_ONLY,True
2026-05-15,2327,國巨*,82.15,,60,False,455.5,629.0,855.0,0.3809001097694842,0.8770581778265643,0.026610327899590835,0.07278378018651344,0.35428978186989335,0.8042743976400508,OBSERVATION_ONLY,OBSERVATION_ONLY,OBSERVATION_ONLY,True
2026-05-15,2425,承啟,82.29,,60,False,34.6,34.7,35.95,0.0028901734104047616,0.039017341040462394,0.026610327899590835,0.07278378018651344,-0.023720154489186074,-0.03376643914605104,OBSERVATION_ONLY,OBSERVATION_ONLY,OBSERVATION_ONLY,True
2026-05-15,2441,超豐,82.45,,60,False,106.5,117.0,123.5,0.09859154929577474,0.15962441314554,0.026610327899590835,0.07278378018651344,0.0719812213961839,0.08684063295902655,OBSERVATION_ONLY,OBSERVATION_ONLY,OBSERVATION_ONLY,True
2026-05-15,3048,益登,82.45,,60,False,56.1,74.5,73.0,0.32798573975044554,0.30124777183600715,0.026610327899590835,0.07278378018651344,0.3013754118508547,0.22846399164949371,OBSERVATION_ONLY,OBSERVATION_ONLY,OBSERVATION_ONLY,True
2026-05-15,3059,華晶科,82.61,,60,False,42.2,43.55,46.0,0.03199052132701419,0.09004739336492884,0.026610327899590835,0.07278378018651344,0.005380193427423352,0.017263613178415405,OBSERVATION_ONLY,OBSERVATION_ONLY,OBSERVATION_ONLY,True
2026-05-15,3149,正達,82.22,,60,False,57.4,59.1,83.0,0.029616724738676048,0.44599303135888513,0.026610327899590835,0.07278378018651344,0.0030063968390852125,0.3732092511723717,OBSERVATION_ONLY,OBSERVATION_ONLY,OBSERVATION_ONLY,True
2026-05-15,3305,昇貿,82.45,,60,False,138.5,146.0,144.5,0.054151624548736566,0.04332129963898912,0.026610327899590835,0.07278378018651344,0.02754129664914573,-0.029462480547524317,OBSERVATION_ONLY,OBSERVATION_ONLY,OBSERVATION_ONLY,True
2026-05-15,3406,玉晶光,82.45,,60,False,588.0,576.0,662.0,-0.020408163265306145,0.12585034013605445,0.026610327899590835,0.07278378018651344,-0.04701849116489698,0.053066559949541015,OBSERVATION_ONLY,OBSERVATION_ONLY,OBSERVATION_ONLY,True
2026-05-15,3504,揚明光,82.45,,60,False,77.3,83.4,74.7,0.07891332470892642,-0.03363518758085371,0.026610327899590835,0.07278378018651344,0.05230299680933559,-0.10641896776736715,OBSERVATION_ONLY,OBSERVATION_ONLY,OBSERVATION_ONLY,True
2026-05-15,5285,界霖,81.89,,60,False,74.2,79.1,89.7,0.06603773584905648,0.2088948787061995,0.026610327899590835,0.07278378018651344,0.03942740794946564,0.13611109851968606,OBSERVATION_ONLY,OBSERVATION_ONLY,OBSERVATION_ONLY,True
2026-05-15,5538,東明-KY,83.77,,60,False,36.25,34.0,32.45,-0.06206896551724139,-0.10482758620689647,0.026610327899590835,0.07278378018651344,-0.08867929341683223,-0.1776113663934099,OBSERVATION_ONLY,OBSERVATION_ONLY,OBSERVATION_ONLY,True
2026-05-15,6215,和椿,82.45,,60,False,130.5,134.5,107.0,0.03065134099616862,-0.1800766283524904,0.026610327899590835,0.07278378018651344,0.0040410130965777835,-0.2528604085390038,OBSERVATION_ONLY,OBSERVATION_ONLY,OBSERVATION_ONLY,True
2026-05-15,6446,藥華藥,82.18,,60,False,826.0,810.0,949.0,-0.01937046004842613,0.14891041162227614,0.026610327899590835,0.07278378018651344,-0.045980787948016966,0.0761266314357627,OBSERVATION_ONLY,OBSERVATION_ONLY,OBSERVATION_ONLY,True
2026-05-15,6449,鈺邦,82.45,,60,False,263.0,305.5,421.0,0.16159695817490505,0.6007604562737643,0.026610327899590835,0.07278378018651344,0.1349866302753142,0.5279766760872509,OBSERVATION_ONLY,OBSERVATION_ONLY,OBSERVATION_ONLY,True
2026-05-15,6579,研揚,83.19,,60,False,150.5,154.5,163.0,0.02657807308970095,0.0830564784053156,0.026610327899590835,0.07278378018651344,-3.2254809889886715e-05,0.010272698218802168,OBSERVATION_ONLY,OBSERVATION_ONLY,OBSERVATION_ONLY,True
2026-05-15,7610,聯友金屬-創,82.45,,60,False,948.0,1250.0,1590.0,0.31856540084388185,0.6772151898734178,0.026610327899590835,0.07278378018651344,0.291955072944291,0.6044314096869043,OBSERVATION_ONLY,OBSERVATION_ONLY,OBSERVATION_ONLY,True
2026-05-15,8163,達方,82.54,,60,False,33.85,35.65,42.85,0.05317577548005903,0.26587887740029537,0.026610327899590835,0.07278378018651344,0.026565447580468193,0.19309509721378193,OBSERVATION_ONLY,OBSERVATION_ONLY,OBSERVATION_ONLY,True
2026-05-15,8374,羅昇,82.45,,60,False,103.0,109.0,90.6,0.058252427184465994,-0.12038834951456312,0.026610327899590835,0.07278378018651344,0.03164209928487516,-0.19317212970107656,OBSERVATION_ONLY,OBSERVATION_ONLY,OBSERVATION_ONLY,True
2026-05-15,8926,台汽電,83.2,,60,False,61.1,60.9,74.2,-0.00327332242225864,0.21440261865793775,0.026610327899590835,0.07278378018651344,-0.029883650321849475,0.1416188384714243,OBSERVATION_ONLY,OBSERVATION_ONLY,OBSERVATION_ONLY,True
2026-05-18,1727,中華化,81.91,,60,False,87.7,104.5,85.6,0.19156214367160773,-0.023945267958951022,0.06731370724022567,0.11017289032378597,0.12424843643138206,-0.134118158282737,OBSERVATION_ONLY,OBSERVATION_ONLY,OBSERVATION_ONLY,True
2026-05-18,2359,所羅門,81.99,,60,False,139.0,141.5,137.5,0.017985611510791477,-0.010791366906474864,0.06731370724022567,0.11017289032378597,-0.049328095729434196,-0.12096425723026083,OBSERVATION_ONLY,OBSERVATION_ONLY,OBSERVATION_ONLY,True
2026-05-18,2375,凱美,80.17,,60,False,103.0,138.0,189.5,0.3398058252427185,0.8398058252427185,0.06731370724022567,0.11017289032378597,0.27249211800249284,0.7296329349189326,OBSERVATION_ONLY,OBSERVATION_ONLY,OBSERVATION_ONLY,True
2026-05-18,2376,技嘉,80.0,,60,False,330.5,336.5,349.5,0.018154311649016597,0.05748865355521926,0.06731370724022567,0.11017289032378597,-0.049159395591209076,-0.052684236768566706,OBSERVATION_ONLY,OBSERVATION_ONLY,OBSERVATION_ONLY,True
2026-05-18,2423,固緯,80.49,,60,False,77.8,76.0,77.3,-0.023136246786632397,-0.006426735218509005,0.06731370724022567,0.11017289032378597,-0.09044995402685807,-0.11659962554229497,OBSERVATION_ONLY,OBSERVATION_ONLY,OBSERVATION_ONLY,True
2026-05-18,2464,盟立,81.78,,60,False,139.0,158.0,163.5,0.13669064748201443,0.1762589928057554,0.06731370724022567,0.11017289032378597,0.06937694024178875,0.06608610248196944,OBSERVATION_ONLY,OBSERVATION_ONLY,OBSERVATION_ONLY,True
2026-05-18,2478,大毅,82.01,,60,False,91.8,120.0,188.5,0.30718954248366015,1.053376906318083,0.06731370724022567,0.11017289032378597,0.23987583524343448,0.9432040159942969,OBSERVATION_ONLY,OBSERVATION_ONLY,OBSERVATION_ONLY,True
2026-05-18,2851,中再保,81.55,,60,False,34.55,35.1,38.0,0.01591895803183796,0.09985528219971074,0.06731370724022567,0.11017289032378597,-0.05139474920838771,-0.010317608124075228,OBSERVATION_ONLY,OBSERVATION_ONLY,OBSERVATION_ONLY,True
2026-05-18,3004,豐達科,82.14,,60,False,133.0,140.5,138.0,0.0563909774436091,0.03759398496240607,0.06731370724022567,0.11017289032378597,-0.01092272979661657,-0.0725789053613799,OBSERVATION_ONLY,OBSERVATION_ONLY,OBSERVATION_ONLY,True
2026-05-18,3024,憶聲,80.04,,60,False,17.8,16.05,12.5,-0.098314606741573,-0.2977528089887641,0.06731370724022567,0.11017289032378597,-0.16562831398179867,-0.40792569931255007,OBSERVATION_ONLY,OBSERVATION_ONLY,OBSERVATION_ONLY,True
2026-05-18,3149,正達,82.45,,60,False,59.0,65.0,87.4,0.10169491525423724,0.48135593220339,0.06731370724022567,0.11017289032378597,0.034381208014011566,0.37118304187960405,OBSERVATION_ONLY,OBSERVATION_ONLY,OBSERVATION_ONLY,True
2026-05-18,3305,昇貿,82.45,,60,False,137.0,160.5,144.0,0.17153284671532854,0.051094890510948954,0.06731370724022567,0.11017289032378597,0.10421913947510286,-0.05907799981283701,OBSERVATION_ONLY,OBSERVATION_ONLY,OBSERVATION_ONLY,True
2026-05-18,4562,穎漢,82.45,,60,False,42.95,42.25,36.45,-0.016298020954598424,-0.15133876600698482,0.06731370724022567,0.11017289032378597,-0.0836117281948241,-0.2615116563307708,OBSERVATION_ONLY,OBSERVATION_ONLY,OBSERVATION_ONLY,True
2026-05-18,4571,鈞興-KY,82.45,,60,False,232.0,227.0,180.0,-0.02155172413793105,-0.22413793103448276,0.06731370724022567,0.11017289032378597,-0.08886543137815672,-0.33431082135826873,OBSERVATION_ONLY,OBSERVATION_ONLY,OBSERVATION_ONLY,True
2026-05-18,6239,力成,80.03,,60,False,250.0,311.0,327.0,0.244,0.30800000000000005,0.06731370724022567,0.11017289032378597,0.17668629275977432,0.19782710967621409,OBSERVATION_ONLY,OBSERVATION_ONLY,OBSERVATION_ONLY,True
2026-05-18,6446,藥華藥,80.0,,60,False,806.0,840.0,952.0,0.042183622828784184,0.18114143920595538,0.06731370724022567,0.11017289032378597,-0.02513008441144149,0.07096854888216941,OBSERVATION_ONLY,OBSERVATION_ONLY,OBSERVATION_ONLY,True
2026-05-18,6719,力智,82.45,,60,False,220.0,255.0,240.5,0.15909090909090917,0.09318181818181825,0.06731370724022567,0.11017289032378597,0.0917772018506835,-0.01699107214196771,OBSERVATION_ONLY,OBSERVATION_ONLY,OBSERVATION_ONLY,True
2026-05-18,6834,天二科技,79.96,,60,False,52.7,77.5,90.9,0.47058823529411753,0.7248576850094877,0.06731370724022567,0.11017289032378597,0.40327452805389186,0.6146847946857017,OBSERVATION_ONLY,OBSERVATION_ONLY,OBSERVATION_ONLY,True
2026-05-18,7788,松川精密,82.45,,60,False,216.5,193.5,256.0,-0.10623556581986138,0.18244803695150114,0.06731370724022567,0.11017289032378597,-0.17354927306008705,0.07227514662771517,OBSERVATION_ONLY,OBSERVATION_ONLY,OBSERVATION_ONLY,True
2026-05-18,8163,達方,81.08,,60,False,33.35,35.55,45.0,0.06596701649175407,0.3493253373313343,0.06731370724022567,0.11017289032378597,-0.0013466907484716018,0.23915244700754834,OBSERVATION_ONLY,OBSERVATION_ONLY,OBSERVATION_ONLY,True
2026-05-19,00943,兆豐電子高息等權,78.81,,60,False,19.66,21.77,21.68,0.10732451678535093,0.10274669379450652,0.08337929825993728,0.1402253011532386,0.023945218525413647,-0.0374786073587321,OBSERVATION_ONLY,OBSERVATION_ONLY,OBSERVATION_ONLY,True
2026-05-19,1582,信錦,79.97,,60,False,117.0,111.5,89.1,-0.047008547008547064,-0.2384615384615385,0.08337929825993728,0.1402253011532386,-0.13038784526848435,-0.3786868396147771,OBSERVATION_ONLY,OBSERVATION_ONLY,OBSERVATION_ONLY,True
2026-05-19,2233,宇隆,79.18,,60,False,340.0,377.0,304.5,0.10882352941176476,-0.10441176470588232,0.08337929825993728,0.1402253011532386,0.02544423115182748,-0.24463706585912093,OBSERVATION_ONLY,OBSERVATION_ONLY,OBSERVATION_ONLY,True
2026-05-19,2355,敬鵬,81.62,,60,False,63.4,65.1,57.1,0.0268138801261828,-0.09936908517350151,0.08337929825993728,0.1402253011532386,-0.056565418133754486,-0.23959438632674013,OBSERVATION_ONLY,OBSERVATION_ONLY,OBSERVATION_ONLY,True
2026-05-19,2464,盟立,80.48,,60,False,135.0,173.5,179.5,0.2851851851851852,0.3296296296296297,0.08337929825993728,0.1402253011532386,0.20180588692524792,0.1894043284763911,OBSERVATION_ONLY,OBSERVATION_ONLY,OBSERVATION_ONLY,True
2026-05-19,2478,大毅,82.45,,60,False,96.3,119.0,207.0,0.2357217030114227,1.1495327102803738,0.08337929825993728,0.1402253011532386,0.15234240475148542,1.0093074091271352,OBSERVATION_ONLY,OBSERVATION_ONLY,OBSERVATION_ONLY,True
2026-05-19,3024,憶聲,80.24,,60,False,17.4,16.1,12.15,-0.07471264367816077,-0.30172413793103436,0.08337929825993728,0.1402253011532386,-0.15809194193809806,-0.441949439084273,OBSERVATION_ONLY,OBSERVATION_ONLY,OBSERVATION_ONLY,True
2026-05-19,3033,威健,78.88,,60,False,48.8,50.3,48.8,0.03073770491803285,0.0,0.08337929825993728,0.1402253011532386,-0.052641593341904436,-0.1402253011532386,OBSERVATION_ONLY,OBSERVATION_ONLY,OBSERVATION_ONLY,True
2026-05-19,3055,蔚華科,81.77,,60,False,124.0,119.0,85.1,-0.040322580645161255,-0.31370967741935485,0.08337929825993728,0.1402253011532386,-0.12370187890509854,-0.45393497857259346,OBSERVATION_ONLY,OBSERVATION_ONLY,OBSERVATION_ONLY,True
2026-05-19,3149,正達,80.22,,60,False,57.8,68.0,88.0,0.17647058823529416,0.5224913494809689,0.08337929825993728,0.1402253011532386,0.09309128997535687,0.38226604832773026,OBSERVATION_ONLY,OBSERVATION_ONLY,OBSERVATION_ONLY,True
2026-05-19,3305,昇貿,79.87,,60,False,138.0,163.5,140.5,0.1847826086956521,0.018115942028985588,0.08337929825993728,0.1402253011532386,0.10140331043571482,-0.12210935912425303,OBSERVATION_ONLY,OBSERVATION_ONLY,OBSERVATION_ONLY,True
2026-05-19,4562,穎漢,81.59,,60,False,41.8,42.9,35.45,0.026315789473684292,-0.151913875598086,0.08337929825993728,0.1402253011532386,-0.05706350878625299,-0.2921391767513246,OBSERVATION_ONLY,OBSERVATION_ONLY,OBSERVATION_ONLY,True
2026-05-19,4571,鈞興-KY,82.15,,60,False,227.5,224.0,179.5,-0.01538461538461533,-0.21098901098901102,0.08337929825993728,0.1402253011532386,-0.09876391364455261,-0.35121431214224963,OBSERVATION_ONLY,OBSERVATION_ONLY,OBSERVATION_ONLY,True
2026-05-19,4916,事欣科,79.45,,60,False,81.8,100.5,99.0,0.2286063569682153,0.2102689486552567,0.08337929825993728,0.1402253011532386,0.145227058708278,0.07004364750201808,OBSERVATION_ONLY,OBSERVATION_ONLY,OBSERVATION_ONLY,True
2026-05-19,5258,虹堡,81.78,,60,False,60.0,57.0,49.25,-0.050000000000000044,-0.1791666666666667,0.08337929825993728,0.1402253011532386,-0.13337929825993733,-0.3193919678199053,OBSERVATION_ONLY,OBSERVATION_ONLY,OBSERVATION_ONLY,True
2026-05-19,6719,力智,80.11,,60,False,211.0,273.5,239.5,0.2962085308056872,0.13507109004739326,0.08337929825993728,0.1402253011532386,0.21282923254574992,-0.005154211105845352,OBSERVATION_ONLY,OBSERVATION_ONLY,OBSERVATION_ONLY,True
2026-05-19,6834,天二科技,82.45,,60,False,55.1,81.9,84.0,0.486388384754991,0.5245009074410163,0.08337929825993728,0.1402253011532386,0.40300908649505374,0.3842756062877777,OBSERVATION_ONLY,OBSERVATION_ONLY,OBSERVATION_ONLY,True
2026-05-19,6902,GOGOLOOK,82.15,,60,False,127.0,141.0,128.5,0.11023622047244097,0.011811023622047223,0.08337929825993728,0.1402253011532386,0.026856922212503687,-0.1284142775311914,OBSERVATION_ONLY,OBSERVATION_ONLY,OBSERVATION_ONLY,True
2026-05-19,7730,暉盛-創,78.88,,60,False,218.5,216.0,173.0,-0.011441647597253968,-0.20823798627002288,0.08337929825993728,0.1402253011532386,-0.09482094585719125,-0.3484632874232615,OBSERVATION_ONLY,OBSERVATION_ONLY,OBSERVATION_ONLY,True
2026-05-19,8454,富邦媒,81.38,,60,False,199.5,188.0,321.0,-0.057644110275689275,0.6090225563909775,0.08337929825993728,0.1402253011532386,-0.14102340853562656,0.46879725523773885,OBSERVATION_ONLY,OBSERVATION_ONLY,OBSERVATION_ONLY,True
2026-05-20,1533,車王電,81.83,45.0,60,True,38.0,38.65,37.85,0.017105263157894735,-0.003947368421052588,0.10584440798564354,0.1463380810288244,-0.0887391448277488,-0.15028544944987698,OBSERVATION_ONLY,OBSERVATION_ONLY,OBSERVATION_ONLY,True
2026-05-20,2027,大成鋼,80.28,45.0,60,True,41.15,42.45,41.7,0.03159173754556521,0.013365735115431487,0.10584440798564354,0.1463380810288244,-0.07425267044007833,-0.1329723459133929,OBSERVATION_ONLY,OBSERVATION_ONLY,OBSERVATION_ONLY,True
2026-05-20,2375,凱美,80.52,45.0,60,True,111.5,147.0,199.5,0.3183856502242153,0.789237668161435,0.10584440798564354,0.1463380810288244,0.21254124223857174,0.6428995871326106,OBSERVATION_ONLY,OBSERVATION_ONLY,OBSERVATION_ONLY,True
2026-05-20,2428,興勤,80.33,45.0,60,True,223.0,266.0,299.0,0.1928251121076232,0.3408071748878925,0.10584440798564354,0.1463380810288244,0.08698070412197967,0.19446909385906808,OBSERVATION_ONLY,OBSERVATION_ONLY,OBSERVATION_ONLY,True
2026-05-20,2911,麗嬰房,81.25,45.0,60,True,7.19,9.25,8.08,0.28650904033379687,0.1237830319888733,0.10584440798564354,0.1463380810288244,0.18066463234815333,-0.02255504903995109,OBSERVATION_ONLY,OBSERVATION_ONLY,OBSERVATION_ONLY,True
2026-05-20,3028,增你強,80.2,45.0,60,True,84.4,81.4,74.3,-0.03554502369668244,-0.11966824644549767,0.10584440798564354,0.1463380810288244,-0.14138943168232598,-0.26600632747432207,OBSERVATION_ONLY,OBSERVATION_ONLY,OBSERVATION_ONLY,True
2026-05-20,3033,威健,82.15,45.0,60,True,51.4,50.7,48.9,-0.013618677042801508,-0.048638132295719894,0.10584440798564354,0.1463380810288244,-0.11946308502844505,-0.1949762133245443,OBSERVATION_ONLY,OBSERVATION_ONLY,OBSERVATION_ONLY,True
2026-05-20,3094,聯傑,82.45,45.0,60,True,36.3,35.55,39.0,-0.02066115702479343,0.07438016528925617,0.10584440798564354,0.1463380810288244,-0.12650556501043697,-0.07195791573956822,OBSERVATION_ONLY,OBSERVATION_ONLY,OBSERVATION_ONLY,True
2026-05-20,3504,揚明光,82.42,45.0,60,True,82.3,77.6,86.5,-0.057108140947752184,0.05103280680437439,0.10584440798564354,0.1463380810288244,-0.16295254893339572,-0.09530527422445001,OBSERVATION_ONLY,OBSERVATION_ONLY,OBSERVATION_ONLY,True
2026-05-20,3694,海華,81.55,45.0,60,True,71.2,68.5,61.9,-0.037921348314606806,-0.1306179775280899,0.10584440798564354,0.1463380810288244,-0.14376575630025035,-0.2769560585569143,OBSERVATION_ONLY,OBSERVATION_ONLY,OBSERVATION_ONLY,True
2026-05-20,4916,事欣科,82.45,45.0,60,True,89.9,99.4,98.7,0.10567296996662967,0.09788654060066726,0.10584440798564354,0.1463380810288244,-0.0001714380190138698,-0.048451540428157136,OBSERVATION_ONLY,OBSERVATION_ONLY,OBSERVATION_ONLY,True
2026-05-20,5285,界霖,81.08,45.0,60,True,80.4,90.0,90.0,0.11940298507462677,0.11940298507462677,0.10584440798564354,0.1463380810288244,0.013558577088983226,-0.02693509595419763,OBSERVATION_ONLY,OBSERVATION_ONLY,OBSERVATION_ONLY,True
2026-05-20,6209,今國光,80.83,45.0,60,True,78.9,81.9,95.7,0.03802281368821303,0.21292775665399244,0.10584440798564354,0.1463380810288244,-0.06782159429743051,0.06658967562516804,OBSERVATION_ONLY,OBSERVATION_ONLY,OBSERVATION_ONLY,True
2026-05-20,6719,力智,82.32,45.0,60,True,232.0,255.0,237.0,0.09913793103448265,0.02155172413793105,0.10584440798564354,0.1463380810288244,-0.006706476951160889,-0.12478635689089335,OBSERVATION_ONLY,OBSERVATION_ONLY,OBSERVATION_ONLY,True
2026-05-20,6742,澤米,82.45,45.0,60,True,56.1,57.3,67.5,0.021390374331550666,0.20320855614973254,0.10584440798564354,0.1463380810288244,-0.08445403365409287,0.05687047512090815,OBSERVATION_ONLY,OBSERVATION_ONLY,OBSERVATION_ONLY,True
2026-05-20,6834,天二科技,81.3,45.0,60,True,60.6,77.7,92.4,0.2821782178217822,0.5247524752475248,0.10584440798564354,0.1463380810288244,0.17633380983613867,0.3784143942187004,OBSERVATION_ONLY,OBSERVATION_ONLY,OBSERVATION_ONLY,True
2026-05-20,6902,GOGOLOOK,80.73,45.0,60,True,128.0,135.5,129.5,0.05859375,0.01171875,0.10584440798564354,0.1463380810288244,-0.04725065798564354,-0.1346193310288244,OBSERVATION_ONLY,OBSERVATION_ONLY,OBSERVATION_ONLY,True
2026-05-20,7823,奧義賽博-KY創,81.25,45.0,60,True,107.0,98.9,82.0,-0.07570093457943916,-0.23364485981308414,0.10584440798564354,0.1463380810288244,-0.1815453425650827,-0.37998294084190853,OBSERVATION_ONLY,OBSERVATION_ONLY,OBSERVATION_ONLY,True
2026-05-20,8163,達方,80.51,45.0,60,True,33.0,36.0,44.45,0.09090909090909083,0.34696969696969715,0.10584440798564354,0.1463380810288244,-0.014935317076552712,0.20063161594087275,OBSERVATION_ONLY,OBSERVATION_ONLY,OBSERVATION_ONLY,True
2026-05-20,8261,富鼎,80.8,45.0,60,True,149.0,195.0,195.5,0.3087248322147651,0.3120805369127517,0.10584440798564354,0.1463380810288244,0.20288042422912156,0.16574245588392733,OBSERVATION_ONLY,OBSERVATION_ONLY,OBSERVATION_ONLY,True
2026-05-21,1533,車王電,82.4,63.0,60,False,39.85,40.6,38.2,0.01882057716436636,-0.04140526976160597,0.05483026700937765,0.12321031052588438,-0.036009689845011295,-0.16461558028749035,OBSERVATION_ONLY,OBSERVATION_ONLY,OBSERVATION_ONLY,True
2026-05-21,2233,宇隆,82.15,63.0,60,False,345.0,351.5,305.5,0.018840579710144967,-0.11449275362318845,0.05483026700937765,0.12321031052588438,-0.03598968729923269,-0.23770306414907283,OBSERVATION_ONLY,OBSERVATION_ONLY,OBSERVATION_ONLY,True
2026-05-21,2355,敬鵬,81.97,63.0,60,False,65.0,61.7,57.9,-0.05076923076923068,-0.10923076923076924,0.05483026700937765,0.12321031052588438,-0.10559949777860833,-0.23244107975665362,OBSERVATION_ONLY,OBSERVATION_ONLY,OBSERVATION_ONLY,True
2026-05-21,2401,凌陽,82.45,63.0,60,False,29.55,30.05,32.25,0.016920473773265554,0.09137055837563457,0.05483026700937765,0.12321031052588438,-0.0379097932361121,-0.03183975215024981,OBSERVATION_ONLY,OBSERVATION_ONLY,OBSERVATION_ONLY,True
2026-05-21,2420,新巨,83.43,63.0,60,False,62.5,64.5,61.2,0.03200000000000003,-0.02079999999999993,0.05483026700937765,0.12321031052588438,-0.022830267009377625,-0.1440103105258843,OBSERVATION_ONLY,OBSERVATION_ONLY,OBSERVATION_ONLY,True
2026-05-21,2472,立隆電,82.42,63.0,60,False,266.0,371.0,402.0,0.39473684210526305,0.5112781954887218,0.05483026700937765,0.12321031052588438,0.3399065750958854,0.3880678849628374,OBSERVATION_ONLY,OBSERVATION_ONLY,OBSERVATION_ONLY,True
2026-05-21,3014,聯陽,81.79,63.0,60,False,145.0,148.5,157.5,0.024137931034482696,0.0862068965517242,0.05483026700937765,0.12321031052588438,-0.030692335974894958,-0.03700341397416018,OBSERVATION_ONLY,OBSERVATION_ONLY,OBSERVATION_ONLY,True
2026-05-21,3504,揚明光,82.45,63.0,60,False,85.8,77.1,91.2,-0.10139860139860146,0.06293706293706292,0.05483026700937765,0.12321031052588438,-0.15622886840797912,-0.060273247588821466,OBSERVATION_ONLY,OBSERVATION_ONLY,OBSERVATION_ONLY,True
2026-05-21,3673,TPK-KY,82.45,63.0,60,False,74.2,81.0,86.2,0.09164420485175206,0.16172506738544468,0.05483026700937765,0.12321031052588438,0.03681393784237441,0.038514756859560295,OBSERVATION_ONLY,OBSERVATION_ONLY,OBSERVATION_ONLY,True
2026-05-21,3694,海華,81.8,63.0,60,False,71.8,66.6,60.8,-0.07242339832869082,-0.15320334261838442,0.05483026700937765,0.12321031052588438,-0.12725366533806848,-0.2764136531442688,OBSERVATION_ONLY,OBSERVATION_ONLY,OBSERVATION_ONLY,True
2026-05-21,3702,大聯大,81.33,63.0,60,False,123.5,121.5,112.0,-0.01619433198380571,-0.09311740890688258,0.05483026700937765,0.12321031052588438,-0.07102459899318336,-0.21632771943276696,OBSERVATION_ONLY,OBSERVATION_ONLY,OBSERVATION_ONLY,True
2026-05-21,3704,合勤控,81.79,63.0,60,False,41.4,45.35,48.25,0.09541062801932365,0.1654589371980677,0.05483026700937765,0.12321031052588438,0.040580361009946,0.04224862667218332,OBSERVATION_ONLY,OBSERVATION_ONLY,OBSERVATION_ONLY,True
2026-05-21,4555,氣立,84.23,63.0,60,False,46.6,57.8,47.85,0.24034334763948495,0.02682403433476388,0.05483026700937765,0.12321031052588438,0.1855130806301073,-0.0963862761911205,OBSERVATION_ONLY,OBSERVATION_ONLY,OBSERVATION_ONLY,True
2026-05-21,4916,事欣科,82.45,63.0,60,False,98.8,102.5,103.5,0.037449392712550544,0.04757085020242924,0.05483026700937765,0.12321031052588438,-0.01738087429682711,-0.07563946032345514,OBSERVATION_ONLY,OBSERVATION_ONLY,OBSERVATION_ONLY,True
2026-05-21,5285,界霖,81.6,63.0,60,False,82.0,90.1,93.7,0.09878048780487791,0.14268292682926842,0.05483026700937765,0.12321031052588438,0.04395022079550026,0.019472616303384038,OBSERVATION_ONLY,OBSERVATION_ONLY,OBSERVATION_ONLY,True
2026-05-21,6155,鈞寶,82.45,63.0,60,False,59.4,64.5,98.5,0.08585858585858586,0.6582491582491583,0.05483026700937765,0.12321031052588438,0.031028318849208203,0.5350388477232739,OBSERVATION_ONLY,OBSERVATION_ONLY,OBSERVATION_ONLY,True
2026-05-21,6209,今國光,82.45,63.0,60,False,86.7,80.7,97.1,-0.0692041522491349,0.11995386389850049,0.05483026700937765,0.12321031052588438,-0.12403441925851255,-0.003256446627383891,OBSERVATION_ONLY,OBSERVATION_ONLY,OBSERVATION_ONLY,True
2026-05-21,6271,同欣電,84.08,63.0,60,False,206.0,244.5,242.5,0.18689320388349517,0.1771844660194175,0.05483026700937765,0.12321031052588438,0.13206293687411752,0.05397415549353313,OBSERVATION_ONLY,OBSERVATION_ONLY,OBSERVATION_ONLY,True
2026-05-21,6719,力智,81.55,63.0,60,False,233.5,248.5,260.5,0.06423982869379019,0.11563169164882225,0.05483026700937765,0.12321031052588438,0.009409561684412537,-0.0075786188770621266,OBSERVATION_ONLY,OBSERVATION_ONLY,OBSERVATION_ONLY,True
2026-05-21,6742,澤米,82.45,63.0,60,False,61.7,57.0,69.0,-0.07617504051863866,0.11831442463533226,0.05483026700937765,0.12321031052588438,-0.1310053075280163,-0.004895885890552121,OBSERVATION_ONLY,OBSERVATION_ONLY,OBSERVATION_ONLY,True
2026-05-22,2312,金寶,82.45,63.0,60,False,33.1,38.95,35.85,0.17673716012084606,0.08308157099697877,0.05831768121345782,0.12949616458987734,0.11841947890738824,-0.04641459359289857,OBSERVATION_ONLY,OBSERVATION_ONLY,OBSERVATION_ONLY,True
2026-05-22,2352,佳世達,84.73,63.0,60,False,28.75,28.9,31.45,0.00521739130434784,0.0939130434782609,0.05831768121345782,0.12949616458987734,-0.05310028990910998,-0.035583121111616434,OBSERVATION_ONLY,OBSERVATION_ONLY,OBSERVATION_ONLY,True
2026-05-22,2355,敬鵬,82.45,63.0,60,False,65.2,65.3,58.7,0.0015337423312882237,-0.09969325153374231,0.05831768121345782,0.12949616458987734,-0.05678393888216959,-0.22918941612361965,OBSERVATION_ONLY,OBSERVATION_ONLY,OBSERVATION_ONLY,True
2026-05-22,2356,英業達,82.15,63.0,60,False,59.5,70.2,67.8,0.17983193277310927,0.13949579831932768,0.05831768121345782,0.12949616458987734,0.12151425155965145,0.009999633729450341,OBSERVATION_ONLY,OBSERVATION_ONLY,OBSERVATION_ONLY,True
2026-05-22,2375,凱美,82.45,63.0,60,False,134.5,166.5,219.0,0.237918215613383,0.6282527881040891,0.05831768121345782,0.12949616458987734,0.17960053439992518,0.4987566235142118,OBSERVATION_ONLY,OBSERVATION_ONLY,OBSERVATION_ONLY,True
2026-05-22,2401,凌陽,82.45,63.0,60,False,30.75,30.0,34.0,-0.024390243902439046,0.10569105691056913,0.05831768121345782,0.12949616458987734,-0.08270792511589686,-0.023805107679308213,OBSERVATION_ONLY,OBSERVATION_ONLY,OBSERVATION_ONLY,True
2026-05-22,2420,新巨,81.74,63.0,60,False,62.7,64.3,64.2,0.02551834130781483,0.02392344497607657,0.05831768121345782,0.12949616458987734,-0.03279933990564299,-0.10557271961380077,OBSERVATION_ONLY,OBSERVATION_ONLY,OBSERVATION_ONLY,True
2026-05-22,3014,聯陽,81.7,63.0,60,False,148.0,154.0,160.5,0.04054054054054057,0.08445945945945943,0.05831768121345782,0.12949616458987734,-0.017777140672917247,-0.04503670513041791,OBSERVATION_ONLY,OBSERVATION_ONLY,OBSERVATION_ONLY,True
2026-05-22,3042,晶技,82.37,63.0,60,False,176.0,215.5,198.0,0.22443181818181812,0.125,0.05831768121345782,0.12949616458987734,0.1661141369683603,-0.004496164589877338,OBSERVATION_ONLY,OBSERVATION_ONLY,OBSERVATION_ONLY,True
2026-05-22,3416,融程電,83.43,63.0,60,False,183.0,183.5,177.5,0.002732240437158362,-0.030054644808743203,0.05831768121345782,0.12949616458987734,-0.055585440776299455,-0.15955080939862054,OBSERVATION_ONLY,OBSERVATION_ONLY,OBSERVATION_ONLY,True
2026-05-22,3704,合勤控,82.45,63.0,60,False,44.0,46.35,48.5,0.05340909090909096,0.10227272727272729,0.05831768121345782,0.12949616458987734,-0.0049085903043668555,-0.027223437317150045,OBSERVATION_ONLY,OBSERVATION_ONLY,OBSERVATION_ONLY,True
2026-05-22,4555,氣立,82.45,63.0,60,False,49.7,58.1,48.65,0.16901408450704225,-0.021126760563380365,0.05831768121345782,0.12949616458987734,0.11069640329358443,-0.1506229251532577,OBSERVATION_ONLY,OBSERVATION_ONLY,OBSERVATION_ONLY,True
2026-05-22,4916,事欣科,82.15,63.0,60,False,98.3,112.5,105.0,0.1444557477110886,0.06815869786368256,0.05831768121345782,0.12949616458987734,0.08613806649763078,-0.06133746672619478,OBSERVATION_ONLY,OBSERVATION_ONLY,OBSERVATION_ONLY,True
2026-05-22,6155,鈞寶,82.15,63.0,60,False,61.2,62.8,96.7,0.02614379084967311,0.5800653594771241,0.05831768121345782,0.12949616458987734,-0.03217389036378471,0.4505691948872468,OBSERVATION_ONLY,OBSERVATION_ONLY,OBSERVATION_ONLY,True
2026-05-22,6209,今國光,82.45,63.0,60,False,85.8,81.7,97.2,-0.047785547785547666,0.13286713286713292,0.05831768121345782,0.12949616458987734,-0.10610322899900548,0.0033709682772555816,OBSERVATION_ONLY,OBSERVATION_ONLY,OBSERVATION_ONLY,True
2026-05-22,6282,康舒,82.45,63.0,60,False,57.4,59.9,63.9,0.04355400696864109,0.11324041811846697,0.05831768121345782,0.12949616458987734,-0.014763674244816727,-0.01625574647141037,OBSERVATION_ONLY,OBSERVATION_ONLY,OBSERVATION_ONLY,True
2026-05-22,6742,澤米,82.45,63.0,60,False,61.5,57.9,69.0,-0.05853658536585371,0.12195121951219523,0.05831768121345782,0.12949616458987734,-0.11685426657931153,-0.007544945077682108,OBSERVATION_ONLY,OBSERVATION_ONLY,OBSERVATION_ONLY,True
2026-05-22,6834,天二科技,82.45,63.0,60,False,70.5,75.2,111.5,0.06666666666666665,0.5815602836879432,0.05831768121345782,0.12949616458987734,0.008348985453208835,0.4520641190980659,OBSERVATION_ONLY,OBSERVATION_ONLY,OBSERVATION_ONLY,True
2026-05-22,7730,暉盛-創,81.9,63.0,60,False,230.0,213.5,187.5,-0.07173913043478264,-0.18478260869565222,0.05831768121345782,0.12949616458987734,-0.13005681164824046,-0.31427877328552956,OBSERVATION_ONLY,OBSERVATION_ONLY,OBSERVATION_ONLY,True
2026-05-22,9105,泰金寶-DR,83.2,63.0,60,False,6.75,8.8,9.7,0.3037037037037038,0.4370370370370369,0.05831768121345782,0.12949616458987734,0.245386022490246,0.30754087244715955,OBSERVATION_ONLY,OBSERVATION_ONLY,OBSERVATION_ONLY,True
2026-05-25,00861,元大全球未來通訊,82.43,63.0,60,False,88.5,91.5,96.55,0.03389830508474567,0.09096045197740099,0.03880245804730964,0.07919114479749978,-0.004904152962563968,0.011769307179901212,OBSERVATION_ONLY,OBSERVATION_ONLY,OBSERVATION_ONLY,True
2026-05-25,00901,永豐智能車供應鏈,83.91,63.0,60,False,45.22,47.68,48.18,0.05440070765148164,0.06545776205218923,0.03880245804730964,0.07919114479749978,0.015598249604171999,-0.013733382745310552,OBSERVATION_ONLY,OBSERVATION_ONLY,OBSERVATION_ONLY,True
2026-05-25,00935,野村臺灣新科技50,82.39,63.0,60,False,59.8,62.4,63.2,0.04347826086956519,0.056856187290970084,0.03880245804730964,0.07919114479749978,0.004675802822255548,-0.022334957506529696,OBSERVATION_ONLY,OBSERVATION_ONLY,OBSERVATION_ONLY,True
2026-05-25,00988A,主動統一全球創新,82.81,63.0,60,False,22.08,21.99,22.91,-0.0040760869565217295,0.03759057971014501,0.03880245804730964,0.07919114479749978,-0.04287854500383137,-0.04160056508735477,OBSERVATION_ONLY,OBSERVATION_ONLY,OBSERVATION_ONLY,True
2026-05-25,2030,彰源,82.79,63.0,60,False,18.5,18.3,20.15,-0.010810810810810811,0.08918918918918917,0.03880245804730964,0.07919114479749978,-0.04961326885812045,0.009998044391689387,OBSERVATION_ONLY,OBSERVATION_ONLY,OBSERVATION_ONLY,True
2026-05-25,2338,光罩,82.45,63.0,60,False,57.1,57.2,52.9,0.0017513134851139256,-0.0735551663747811,0.03880245804730964,0.07919114479749978,-0.037051144562195715,-0.15274631117228088,OBSERVATION_ONLY,OBSERVATION_ONLY,OBSERVATION_ONLY,True
2026-05-25,2352,佳世達,84.53,63.0,60,False,28.65,30.65,31.1,0.06980802792321117,0.08551483420593375,0.03880245804730964,0.07919114479749978,0.03100556987590153,0.0063236894084339745,OBSERVATION_ONLY,OBSERVATION_ONLY,OBSERVATION_ONLY,True
2026-05-25,2353,宏碁,84.64,63.0,60,False,32.5,38.7,33.4,0.1907692307692308,0.027692307692307683,0.03880245804730964,0.07919114479749978,0.15196677272192116,-0.0514988371051921,OBSERVATION_ONLY,OBSERVATION_ONLY,OBSERVATION_ONLY,True
2026-05-25,2356,英業達,82.45,63.0,60,False,65.4,77.2,66.1,0.1804281345565748,0.010703363914372988,0.03880245804730964,0.07919114479749978,0.14162567650926516,-0.06848778088312679,OBSERVATION_ONLY,OBSERVATION_ONLY,OBSERVATION_ONLY,True
2026-05-25,2375,凱美,82.45,63.0,60,False,138.0,164.0,200.5,0.18840579710144922,0.4528985507246377,0.03880245804730964,0.07919114479749978,0.14960333905413958,0.3737074059271379,OBSERVATION_ONLY,OBSERVATION_ONLY,OBSERVATION_ONLY,True
2026-05-25,2397,友通,82.96,63.0,60,False,64.9,64.8,59.5,-0.0015408320493067729,-0.08320493066255785,0.03880245804730964,0.07919114479749978,-0.04034329009661641,-0.16239607546005763,OBSERVATION_ONLY,OBSERVATION_ONLY,OBSERVATION_ONLY,True
2026-05-25,3021,鴻名,83.2,63.0,60,False,20.65,33.1,29.8,0.602905569007264,0.44309927360774837,0.03880245804730964,0.07919114479749978,0.5641031109599544,0.3639081288102486,OBSERVATION_ONLY,OBSERVATION_ONLY,OBSERVATION_ONLY,True
2026-05-25,3032,偉訓,82.45,63.0,60,False,91.0,91.0,81.7,0.0,-0.10219780219780217,0.03880245804730964,0.07919114479749978,-0.03880245804730964,-0.18138894699530195,OBSERVATION_ONLY,OBSERVATION_ONLY,OBSERVATION_ONLY,True
2026-05-25,3051,力特,82.45,63.0,60,False,30.8,28.8,27.2,-0.06493506493506496,-0.11688311688311692,0.03880245804730964,0.07919114479749978,-0.1037375229823746,-0.1960742616806167,OBSERVATION_ONLY,OBSERVATION_ONLY,OBSERVATION_ONLY,True
2026-05-25,3167,大量,82.45,63.0,60,False,879.0,786.0,780.0,-0.10580204778156999,-0.11262798634812288,0.03880245804730964,0.07919114479749978,-0.14460450582887963,-0.19181913114562266,OBSERVATION_ONLY,OBSERVATION_ONLY,OBSERVATION_ONLY,True
2026-05-25,3416,融程電,83.67,63.0,60,False,190.5,184.0,171.5,-0.034120734908136496,-0.09973753280839892,0.03880245804730964,0.07919114479749978,-0.07292319295544614,-0.1789286776058987,OBSERVATION_ONLY,OBSERVATION_ONLY,OBSERVATION_ONLY,True
2026-05-25,4555,氣立,82.45,63.0,60,False,53.2,57.1,48.05,0.07330827067669166,-0.09680451127819556,0.03880245804730964,0.07919114479749978,0.034505812629382016,-0.17599565607569534,OBSERVATION_ONLY,OBSERVATION_ONLY,OBSERVATION_ONLY,True
2026-05-25,4764,雙鍵,82.45,63.0,60,False,352.0,320.0,346.5,-0.09090909090909094,-0.015625,0.03880245804730964,0.07919114479749978,-0.12971154895640058,-0.09481614479749978,OBSERVATION_ONLY,OBSERVATION_ONLY,OBSERVATION_ONLY,True
2026-05-25,5484,慧友,82.45,63.0,60,False,49.15,53.6,45.5,0.09053916581892163,-0.074262461851475,0.03880245804730964,0.07919114479749978,0.05173670777161199,-0.15345360664897478,OBSERVATION_ONLY,OBSERVATION_ONLY,OBSERVATION_ONLY,True
2026-05-25,6271,同欣電,82.45,63.0,60,False,243.5,247.5,244.5,0.01642710472279263,0.004106776180698102,0.03880245804730964,0.07919114479749978,-0.02237535332451701,-0.07508436861680168,OBSERVATION_ONLY,OBSERVATION_ONLY,OBSERVATION_ONLY,True
2026-05-26,00930,永豐ESG低碳高息,82.62,59.0,60,True,23.24,25.56,,0.09982788296041312,,0.04668403737865967,,0.053143845581753446,,OBSERVATION_ONLY,DATA_INSUFFICIENT,DATA_INSUFFICIENT,True
2026-05-26,00935,野村臺灣新科技50,83.29,59.0,60,True,60.0,62.0,,0.03333333333333344,,0.04668403737865967,,-0.013350704045326234,,OBSERVATION_ONLY,DATA_INSUFFICIENT,DATA_INSUFFICIENT,True
2026-05-26,1530,亞崴,83.54,59.0,60,True,31.95,32.5,,0.017214397496087663,,0.04668403737865967,,-0.029469639882572007,,OBSERVATION_ONLY,DATA_INSUFFICIENT,DATA_INSUFFICIENT,True
2026-05-26,1563,巧新,83.15,59.0,60,True,50.6,69.8,,0.37944664031620534,,0.04668403737865967,,0.33276260293754567,,OBSERVATION_ONLY,DATA_INSUFFICIENT,DATA_INSUFFICIENT,True
2026-05-26,1568,倉佑,83.2,59.0,60,True,35.1,48.4,,0.37891737891737876,,0.04668403737865967,,0.3322333415387191,,OBSERVATION_ONLY,DATA_INSUFFICIENT,DATA_INSUFFICIENT,True
2026-05-26,1597,直得,82.45,59.0,60,True,221.0,169.5,,-0.23303167420814475,,0.04668403737865967,,-0.2797157115868044,,OBSERVATION_ONLY,DATA_INSUFFICIENT,DATA_INSUFFICIENT,True
2026-05-26,2312,金寶,82.45,59.0,60,True,40.0,41.3,,0.03249999999999997,,0.04668403737865967,,-0.014184037378659697,,OBSERVATION_ONLY,DATA_INSUFFICIENT,DATA_INSUFFICIENT,True
2026-05-26,2353,宏碁,82.63,59.0,60,True,31.9,42.55,,0.33385579937304066,,0.04668403737865967,,0.287171761994381,,OBSERVATION_ONLY,DATA_INSUFFICIENT,DATA_INSUFFICIENT,True
2026-05-26,2453,凌群,84.41,59.0,60,True,61.6,61.6,,0.0,,0.04668403737865967,,-0.04668403737865967,,OBSERVATION_ONLY,DATA_INSUFFICIENT,DATA_INSUFFICIENT,True
2026-05-26,2476,鉅祥,83.04,59.0,60,True,131.0,119.0,,-0.09160305343511455,,0.04668403737865967,,-0.13828709081377422,,OBSERVATION_ONLY,DATA_INSUFFICIENT,DATA_INSUFFICIENT,True
2026-05-26,2484,希華,82.45,59.0,60,True,56.0,51.9,,-0.07321428571428579,,0.04668403737865967,,-0.11989832309294546,,OBSERVATION_ONLY,DATA_INSUFFICIENT,DATA_INSUFFICIENT,True
2026-05-26,2493,揚博,82.45,59.0,60,True,163.5,147.0,,-0.1009174311926605,,0.04668403737865967,,-0.14760146857132017,,OBSERVATION_ONLY,DATA_INSUFFICIENT,DATA_INSUFFICIENT,True
2026-05-26,2606,裕民,82.81,59.0,60,True,70.0,72.0,,0.02857142857142847,,0.04668403737865967,,-0.0181126088072312,,OBSERVATION_ONLY,DATA_INSUFFICIENT,DATA_INSUFFICIENT,True
2026-05-26,3042,晶技,82.45,59.0,60,True,203.0,210.0,,0.034482758620689724,,0.04668403737865967,,-0.012201278757969947,,OBSERVATION_ONLY,DATA_INSUFFICIENT,DATA_INSUFFICIENT,True
2026-05-26,3168,眾福科,83.8,59.0,60,True,52.1,48.25,,-0.07389635316698662,,0.04668403737865967,,-0.12058039054564629,,OBSERVATION_ONLY,DATA_INSUFFICIENT,DATA_INSUFFICIENT,True
2026-05-26,4952,凌通,82.54,59.0,60,True,55.0,51.1,,-0.07090909090909092,,0.04668403737865967,,-0.11759312828775059,,OBSERVATION_ONLY,DATA_INSUFFICIENT,DATA_INSUFFICIENT,True
2026-05-26,6116,彩晶,82.45,59.0,60,True,13.65,20.65,,0.5128205128205128,,0.04668403737865967,,0.4661364754418531,,OBSERVATION_ONLY,DATA_INSUFFICIENT,DATA_INSUFFICIENT,True
2026-05-26,6271,同欣電,82.45,59.0,60,True,260.5,249.5,,-0.04222648752399227,,0.04668403737865967,,-0.08891052490265194,,OBSERVATION_ONLY,DATA_INSUFFICIENT,DATA_INSUFFICIENT,True
2026-05-26,6282,康舒,82.45,59.0,60,True,62.4,63.0,,0.009615384615384581,,0.04668403737865967,,-0.03706865276327509,,OBSERVATION_ONLY,DATA_INSUFFICIENT,DATA_INSUFFICIENT,True
2026-05-26,6719,力智,82.45,59.0,60,True,273.5,240.5,,-0.12065813528336378,,0.04668403737865967,,-0.16734217266202345,,OBSERVATION_ONLY,DATA_INSUFFICIENT,DATA_INSUFFICIENT,True
2026-05-27,00876,元大全球5G,84.32,45.0,60,True,93.05,95.55,,0.026867275658248202,,0.049763200231376814,,-0.022895924573128612,,OBSERVATION_ONLY,DATA_INSUFFICIENT,DATA_INSUFFICIENT,True
2026-05-27,00901,永豐智能車供應鏈,85.0,45.0,60,True,46.87,48.39,,0.03243012588009386,,0.049763200231376814,,-0.01733307435128295,,OBSERVATION_ONLY,DATA_INSUFFICIENT,DATA_INSUFFICIENT,True
2026-05-27,00910,第一金太空衛星,83.2,45.0,60,True,87.15,80.0,,-0.08204245553643152,,0.049763200231376814,,-0.13180565576780834,,OBSERVATION_ONLY,DATA_INSUFFICIENT,DATA_INSUFFICIENT,True
2026-05-27,00911,兆豐洲際半導體,84.87,45.0,60,True,61.3,65.25,,0.06443719412724302,,0.049763200231376814,,0.01467399389586621,,OBSERVATION_ONLY,DATA_INSUFFICIENT,DATA_INSUFFICIENT,True
2026-05-27,00913,兆豐台灣晶圓製造,83.2,45.0,60,True,51.45,51.45,,0.0,,0.049763200231376814,,-0.049763200231376814,,OBSERVATION_ONLY,DATA_INSUFFICIENT,DATA_INSUFFICIENT,True
2026-05-27,00923,群益台ESG低碳50,84.89,45.0,60,True,41.86,43.48,,0.03870043000477774,,0.049763200231376814,,-0.011062770226599072,,OBSERVATION_ONLY,DATA_INSUFFICIENT,DATA_INSUFFICIENT,True
2026-05-27,00927,群益半導體收益,82.82,45.0,60,True,40.86,40.79,,-0.0017131669114047732,,0.049763200231376814,,-0.05147636714278159,,OBSERVATION_ONLY,DATA_INSUFFICIENT,DATA_INSUFFICIENT,True
2026-05-27,00930,永豐ESG低碳高息,82.7,45.0,60,True,24.06,25.8,,0.07231920199501252,,0.049763200231376814,,0.022556001763635702,,OBSERVATION_ONLY,DATA_INSUFFICIENT,DATA_INSUFFICIENT,True
2026-05-27,00991A,主動復華未來50,83.64,45.0,60,True,19.74,19.99,,0.012664640324214771,,0.049763200231376814,,-0.03709855990716204,,OBSERVATION_ONLY,DATA_INSUFFICIENT,DATA_INSUFFICIENT,True
2026-05-27,1409,新纖,83.68,45.0,60,True,18.9,30.3,,0.6031746031746033,,0.049763200231376814,,0.5534114029432264,,OBSERVATION_ONLY,DATA_INSUFFICIENT,DATA_INSUFFICIENT,True
2026-05-27,1513,中興電,84.41,45.0,60,True,169.0,184.5,,0.09171597633136086,,0.049763200231376814,,0.041952776099984046,,OBSERVATION_ONLY,DATA_INSUFFICIENT,DATA_INSUFFICIENT,True
2026-05-27,1530,亞崴,83.27,45.0,60,True,32.7,33.0,,0.00917431192660545,,0.049763200231376814,,-0.040588888304771364,,OBSERVATION_ONLY,DATA_INSUFFICIENT,DATA_INSUFFICIENT,True
2026-05-27,1568,倉佑,83.2,45.0,60,True,37.5,46.3,,0.23466666666666658,,0.049763200231376814,,0.18490346643528977,,OBSERVATION_ONLY,DATA_INSUFFICIENT,DATA_INSUFFICIENT,True
2026-05-27,1583,程泰,83.46,45.0,60,True,53.8,55.5,,0.03159851301115246,,0.049763200231376814,,-0.01816468722022435,,OBSERVATION_ONLY,DATA_INSUFFICIENT,DATA_INSUFFICIENT,True
2026-05-27,1810,和成,82.95,45.0,60,True,19.9,20.1,,0.01005025125628145,,0.049763200231376814,,-0.039712948975095363,,OBSERVATION_ONLY,DATA_INSUFFICIENT,DATA_INSUFFICIENT,True
2026-05-27,2453,凌群,84.78,45.0,60,True,62.5,61.6,,-0.014399999999999968,,0.049763200231376814,,-0.06416320023137678,,OBSERVATION_ONLY,DATA_INSUFFICIENT,DATA_INSUFFICIENT,True
2026-05-27,2606,裕民,83.42,45.0,60,True,72.5,71.1,,-0.019310344827586312,,0.049763200231376814,,-0.06907354505896313,,OBSERVATION_ONLY,DATA_INSUFFICIENT,DATA_INSUFFICIENT,True
2026-05-27,2881,富邦金,84.95,45.0,60,True,110.0,113.0,,0.027272727272727337,,0.049763200231376814,,-0.022490472958649477,,OBSERVATION_ONLY,DATA_INSUFFICIENT,DATA_INSUFFICIENT,True
2026-05-27,3617,碩天,84.72,45.0,60,True,215.0,217.5,,0.011627906976744207,,0.049763200231376814,,-0.03813529325463261,,OBSERVATION_ONLY,DATA_INSUFFICIENT,DATA_INSUFFICIENT,True
2026-05-27,4952,凌通,83.43,45.0,60,True,55.8,52.0,,-0.06810035842293904,,0.049763200231376814,,-0.11786355865431586,,OBSERVATION_ONLY,DATA_INSUFFICIENT,DATA_INSUFFICIENT,True
2026-05-28,00876,元大全球5G,82.93,59.0,60,True,90.7,95.1,,0.04851157662624028,,0.04677329314673684,,0.001738283479503444,,OBSERVATION_ONLY,DATA_INSUFFICIENT,DATA_INSUFFICIENT,True
2026-05-28,00901,永豐智能車供應鏈,83.31,59.0,60,True,45.32,47.53,,0.04876434245366279,,0.04677329314673684,,0.0019910493069259516,,OBSERVATION_ONLY,DATA_INSUFFICIENT,DATA_INSUFFICIENT,True
2026-05-28,00913,兆豐台灣晶圓製造,85.0,59.0,60,True,50.4,50.45,,0.0009920634920634885,,0.04677329314673684,,-0.04578122965467335,,OBSERVATION_ONLY,DATA_INSUFFICIENT,DATA_INSUFFICIENT,True
2026-05-28,00927,群益半導體收益,83.13,59.0,60,True,40.1,40.05,,-0.0012468827930175452,,0.04677329314673684,,-0.048020175939754384,,OBSERVATION_ONLY,DATA_INSUFFICIENT,DATA_INSUFFICIENT,True
2026-05-28,00935,野村臺灣新科技50,82.28,59.0,60,True,59.95,61.45,,0.025020850708924014,,0.04677329314673684,,-0.021752442437812824,,OBSERVATION_ONLY,DATA_INSUFFICIENT,DATA_INSUFFICIENT,True
2026-05-28,1409,新纖,85.0,59.0,60,True,20.75,27.3,,0.3156626506024096,,0.04677329314673684,,0.2688893574556728,,OBSERVATION_ONLY,DATA_INSUFFICIENT,DATA_INSUFFICIENT,True
2026-05-28,1530,亞崴,83.2,59.0,60,True,35.8,33.2,,-0.07262569832402221,,0.04677329314673684,,-0.11939899147075905,,OBSERVATION_ONLY,DATA_INSUFFICIENT,DATA_INSUFFICIENT,True
2026-05-28,1563,巧新,83.2,59.0,60,True,61.1,66.3,,0.0851063829787233,,0.04677329314673684,,0.03833308983198647,,OBSERVATION_ONLY,DATA_INSUFFICIENT,DATA_INSUFFICIENT,True
2026-05-28,1568,倉佑,83.2,59.0,60,True,41.25,45.05,,0.09212121212121205,,0.04677329314673684,,0.04534791897447521,,OBSERVATION_ONLY,DATA_INSUFFICIENT,DATA_INSUFFICIENT,True
2026-05-28,2353,宏碁,82.38,59.0,60,True,32.0,39.1,,0.22187500000000004,,0.04677329314673684,,0.1751017068532632,,OBSERVATION_ONLY,DATA_INSUFFICIENT,DATA_INSUFFICIENT,True
2026-05-28,2438,翔耀,82.74,59.0,60,True,27.8,25.95,,-0.06654676258992809,,0.04677329314673684,,-0.11332005573666493,,OBSERVATION_ONLY,DATA_INSUFFICIENT,DATA_INSUFFICIENT,True
2026-05-28,2881,富邦金,84.05,59.0,60,True,110.0,114.0,,0.036363636363636376,,0.04677329314673684,,-0.010409656783100463,,OBSERVATION_ONLY,DATA_INSUFFICIENT,DATA_INSUFFICIENT,True
2026-05-28,3257,虹冠電,82.45,59.0,60,True,65.6,62.3,,-0.05030487804878048,,0.04677329314673684,,-0.09707817119551732,,OBSERVATION_ONLY,DATA_INSUFFICIENT,DATA_INSUFFICIENT,True
2026-05-28,3311,閎暉,83.19,59.0,60,True,36.45,40.15,,0.10150891632373105,,0.04677329314673684,,0.05473562317699421,,OBSERVATION_ONLY,DATA_INSUFFICIENT,DATA_INSUFFICIENT,True
2026-05-28,4555,氣立,82.45,59.0,60,True,57.8,53.5,,-0.07439446366781999,,0.04677329314673684,,-0.12116775681455683,,OBSERVATION_ONLY,DATA_INSUFFICIENT,DATA_INSUFFICIENT,True
2026-05-28,6005,群益證,82.87,59.0,60,True,36.0,42.45,,0.1791666666666667,,0.04677329314673684,,0.13239337351992986,,OBSERVATION_ONLY,DATA_INSUFFICIENT,DATA_INSUFFICIENT,True
2026-05-28,6116,彩晶,82.45,59.0,60,True,15.55,20.45,,0.315112540192926,,0.04677329314673684,,0.26833924704618917,,OBSERVATION_ONLY,DATA_INSUFFICIENT,DATA_INSUFFICIENT,True
2026-05-28,6239,力成,82.45,59.0,60,True,357.5,354.0,,-0.009790209790209836,,0.04677329314673684,,-0.056563502936946675,,OBSERVATION_ONLY,DATA_INSUFFICIENT,DATA_INSUFFICIENT,True
2026-05-28,6770,力積電,82.45,59.0,60,True,80.7,81.0,,0.0037174721189590088,,0.04677329314673684,,-0.04305582102777783,,OBSERVATION_ONLY,DATA_INSUFFICIENT,DATA_INSUFFICIENT,True
2026-05-28,8150,南茂,82.45,59.0,60,True,103.0,99.1,,-0.03786407766990296,,0.04677329314673684,,-0.0846373708166398,,OBSERVATION_ONLY,DATA_INSUFFICIENT,DATA_INSUFFICIENT,True
2026-05-29,02001L,富邦蘋果正二N,82.45,45.0,60,True,172.3,166.45,,-0.0339524085896693,,0.007555953174551044,,-0.04150836176422035,,OBSERVATION_ONLY,DATA_INSUFFICIENT,DATA_INSUFFICIENT,True
2026-05-29,1524,耿鼎,82.66,45.0,60,True,33.45,32.3,,-0.034379671150971736,,0.007555953174551044,,-0.04193562432552278,,OBSERVATION_ONLY,DATA_INSUFFICIENT,DATA_INSUFFICIENT,True
2026-05-29,1563,巧新,83.2,45.0,60,True,66.7,65.3,,-0.020989505247376417,,0.007555953174551044,,-0.02854545842192746,,OBSERVATION_ONLY,DATA_INSUFFICIENT,DATA_INSUFFICIENT,True
2026-05-29,1568,倉佑,83.2,45.0,60,True,45.35,43.8,,-0.034178610804851295,,0.007555953174551044,,-0.04173456397940234,,OBSERVATION_ONLY,DATA_INSUFFICIENT,DATA_INSUFFICIENT,True
2026-05-29,2317,鴻海,85.0,45.0,60,True,289.0,284.5,,-0.01557093425605538,,0.007555953174551044,,-0.023126887430606424,,OBSERVATION_ONLY,DATA_INSUFFICIENT,DATA_INSUFFICIENT,True
2026-05-29,2324,仁寶,82.45,45.0,60,True,36.7,41.4,,0.12806539509536763,,0.007555953174551044,,0.12050944192081658,,OBSERVATION_ONLY,DATA_INSUFFICIENT,DATA_INSUFFICIENT,True
2026-05-29,2356,英業達,82.45,45.0,60,True,70.2,76.8,,0.0940170940170939,,0.007555953174551044,,0.08646114084254286,,OBSERVATION_ONLY,DATA_INSUFFICIENT,DATA_INSUFFICIENT,True
2026-05-29,2369,菱生,82.25,45.0,60,True,40.3,34.9,,-0.1339950372208436,,0.007555953174551044,,-0.14155099039539465,,OBSERVATION_ONLY,DATA_INSUFFICIENT,DATA_INSUFFICIENT,True
2026-05-29,2438,翔耀,82.45,45.0,60,True,28.2,24.15,,-0.1436170212765958,,0.007555953174551044,,-0.15117297445114686,,OBSERVATION_ONLY,DATA_INSUFFICIENT,DATA_INSUFFICIENT,True
2026-05-29,2881,富邦金,85.0,45.0,60,True,110.0,118.0,,0.07272727272727275,,0.007555953174551044,,0.06517131955272171,,OBSERVATION_ONLY,DATA_INSUFFICIENT,DATA_INSUFFICIENT,True
2026-05-29,3046,建碁,83.2,45.0,60,True,58.2,60.3,,0.036082474226803996,,0.007555953174551044,,0.02852652105225295,,OBSERVATION_ONLY,DATA_INSUFFICIENT,DATA_INSUFFICIENT,True
2026-05-29,3257,虹冠電,82.45,45.0,60,True,68.8,60.6,,-0.1191860465116279,,0.007555953174551044,,-0.12674199968617894,,OBSERVATION_ONLY,DATA_INSUFFICIENT,DATA_INSUFFICIENT,True
2026-05-29,3528,安馳,82.45,45.0,60,True,117.5,138.0,,0.1744680851063829,,0.007555953174551044,,0.16691213193183185,,OBSERVATION_ONLY,DATA_INSUFFICIENT,DATA_INSUFFICIENT,True
2026-05-29,3652,精聯,82.89,45.0,60,True,35.1,33.95,,-0.03276353276353272,,0.007555953174551044,,-0.040319485938083766,,OBSERVATION_ONLY,DATA_INSUFFICIENT,DATA_INSUFFICIENT,True
2026-05-29,6141,柏承,82.45,45.0,60,True,46.0,38.5,,-0.1630434782608695,,0.007555953174551044,,-0.17059943143542056,,OBSERVATION_ONLY,DATA_INSUFFICIENT,DATA_INSUFFICIENT,True
2026-05-29,6770,力積電,82.45,45.0,60,True,88.7,74.6,,-0.15896279594137552,,0.007555953174551044,,-0.16651874911592657,,OBSERVATION_ONLY,DATA_INSUFFICIENT,DATA_INSUFFICIENT,True
2026-05-29,8110,華東,82.45,45.0,60,True,64.9,56.5,,-0.1294298921417566,,0.007555953174551044,,-0.13698584531630764,,OBSERVATION_ONLY,DATA_INSUFFICIENT,DATA_INSUFFICIENT,True
2026-05-29,8454,富邦媒,83.2,45.0,60,True,231.0,353.0,,0.5281385281385282,,0.007555953174551044,,0.5205825749639772,,OBSERVATION_ONLY,DATA_INSUFFICIENT,DATA_INSUFFICIENT,True
2026-05-29,8473,山林水,83.2,45.0,60,True,50.4,54.4,,0.0793650793650793,,0.007555953174551044,,0.07180912619052826,,OBSERVATION_ONLY,DATA_INSUFFICIENT,DATA_INSUFFICIENT,True
2026-05-29,9105,泰金寶-DR,82.31,45.0,60,True,8.8,11.45,,0.30113636363636354,,0.007555953174551044,,0.2935804104618125,,OBSERVATION_ONLY,DATA_INSUFFICIENT,DATA_INSUFFICIENT,True
2026-06-01,00735,國泰臺韓科技,82.53,45.0,60,True,116.35,104.65,,-0.10055865921787699,,-0.040476722460298764,,-0.060081936757578225,,OBSERVATION_ONLY,DATA_INSUFFICIENT,DATA_INSUFFICIENT,True
2026-06-01,00757,統一FANG+,80.4,45.0,60,True,137.9,127.1,,-0.07831762146482968,,-0.040476722460298764,,-0.037840899004530915,,OBSERVATION_ONLY,DATA_INSUFFICIENT,DATA_INSUFFICIENT,True
2026-06-01,00913,兆豐台灣晶圓製造,83.08,45.0,60,True,52.1,46.7,,-0.10364683301343569,,-0.040476722460298764,,-0.06317011055313693,,OBSERVATION_ONLY,DATA_INSUFFICIENT,DATA_INSUFFICIENT,True
2026-06-01,00918,大華優利高填息30,83.34,45.0,60,True,30.46,29.61,,-0.027905449770190494,,-0.040476722460298764,,0.01257127269010827,,OBSERVATION_ONLY,DATA_INSUFFICIENT,DATA_INSUFFICIENT,True
2026-06-01,00919,群益台灣精選高息,80.26,45.0,60,True,30.0,29.48,,-0.01733333333333331,,-0.040476722460298764,,0.023143389126965452,,OBSERVATION_ONLY,DATA_INSUFFICIENT,DATA_INSUFFICIENT,True
2026-06-01,00946,群益科技高息成長,80.67,45.0,60,True,15.32,14.52,,-0.052219321148825104,,-0.040476722460298764,,-0.01174259868852634,,OBSERVATION_ONLY,DATA_INSUFFICIENT,DATA_INSUFFICIENT,True
2026-06-01,00962,台新AI優息動能,83.2,45.0,60,True,15.77,14.68,,-0.06911857958148382,,-0.040476722460298764,,-0.028641857121185055,,OBSERVATION_ONLY,DATA_INSUFFICIENT,DATA_INSUFFICIENT,True
2026-06-01,02001L,富邦蘋果正二N,80.16,45.0,60,True,179.35,155.85,,-0.1310287148034569,,-0.040476722460298764,,-0.09055199234315814,,OBSERVATION_ONLY,DATA_INSUFFICIENT,DATA_INSUFFICIENT,True
2026-06-01,1563,巧新,82.45,45.0,60,True,69.9,60.5,,-0.13447782546495002,,-0.040476722460298764,,-0.09400110300465125,,OBSERVATION_ONLY,DATA_INSUFFICIENT,DATA_INSUFFICIENT,True
2026-06-01,3652,精聯,82.92,45.0,60,True,36.4,31.85,,-0.12499999999999989,,-0.040476722460298764,,-0.08452327753970112,,OBSERVATION_ONLY,DATA_INSUFFICIENT,DATA_INSUFFICIENT,True
2026-06-01,4545,銘鈺,80.95,45.0,60,True,42.05,37.3,,-0.11296076099881092,,-0.040476722460298764,,-0.07248403853851215,,OBSERVATION_ONLY,DATA_INSUFFICIENT,DATA_INSUFFICIENT,True
2026-06-01,6277,宏正,80.89,45.0,60,True,81.0,75.5,,-0.0679012345679012,,-0.040476722460298764,,-0.02742451210760244,,OBSERVATION_ONLY,DATA_INSUFFICIENT,DATA_INSUFFICIENT,True
2026-06-01,6698,旭暉應材,82.0,45.0,60,True,39.5,41.2,,0.04303797468354431,,-0.040476722460298764,,0.08351469714384308,,OBSERVATION_ONLY,DATA_INSUFFICIENT,DATA_INSUFFICIENT,True
2026-06-01,6706,惠特,80.3,45.0,60,True,216.5,173.0,,-0.2009237875288684,,-0.040476722460298764,,-0.16044706506856965,,OBSERVATION_ONLY,DATA_INSUFFICIENT,DATA_INSUFFICIENT,True
2026-06-01,6770,力積電,82.15,45.0,60,True,87.0,67.5,,-0.22413793103448276,,-0.040476722460298764,,-0.183661208574184,,OBSERVATION_ONLY,DATA_INSUFFICIENT,DATA_INSUFFICIENT,True
2026-06-01,7765,中華資安,82.28,45.0,60,True,271.0,253.0,,-0.06642066420664205,,-0.040476722460298764,,-0.02594394174634329,,OBSERVATION_ONLY,DATA_INSUFFICIENT,DATA_INSUFFICIENT,True
2026-06-01,8104,錸寶,82.45,45.0,60,True,41.5,40.25,,-0.030120481927710885,,-0.040476722460298764,,0.01035624053258788,,OBSERVATION_ONLY,DATA_INSUFFICIENT,DATA_INSUFFICIENT,True
2026-06-01,8105,凌巨,81.62,45.0,60,True,19.3,19.7,,0.02072538860103612,,-0.040476722460298764,,0.061202111061334885,,OBSERVATION_ONLY,DATA_INSUFFICIENT,DATA_INSUFFICIENT,True
2026-06-01,8454,富邦媒,82.45,45.0,60,True,241.5,388.0,,0.6066252587991718,,-0.040476722460298764,,0.6471019812594706,,OBSERVATION_ONLY,DATA_INSUFFICIENT,DATA_INSUFFICIENT,True
2026-06-01,8473,山林水,82.15,45.0,60,True,55.4,53.9,,-0.027075812274368283,,-0.040476722460298764,,0.013400910185930481,,OBSERVATION_ONLY,DATA_INSUFFICIENT,DATA_INSUFFICIENT,True
2026-06-02,00735,國泰臺韓科技,81.4,45.0,60,True,116.45,109.75,,-0.05753542292829539,,-0.0187208156056623,,-0.03881460732263309,,OBSERVATION_ONLY,DATA_INSUFFICIENT,DATA_INSUFFICIENT,True
2026-06-02,00913,兆豐台灣晶圓製造,80.98,45.0,60,True,51.7,48.56,,-0.06073500967117984,,-0.0187208156056623,,-0.04201419406551754,,OBSERVATION_ONLY,DATA_INSUFFICIENT,DATA_INSUFFICIENT,True
2026-06-02,00915,凱基優選高股息30,80.57,45.0,60,True,30.15,30.62,,0.015588723051409792,,-0.0187208156056623,,0.03430953865707209,,OBSERVATION_ONLY,DATA_INSUFFICIENT,DATA_INSUFFICIENT,True
2026-06-02,00916,國泰全球品牌50,83.0,45.0,60,True,31.09,29.0,,-0.06722418784174977,,-0.0187208156056623,,-0.04850337223608747,,OBSERVATION_ONLY,DATA_INSUFFICIENT,DATA_INSUFFICIENT,True
2026-06-02,00918,大華優利高填息30,84.33,45.0,60,True,31.41,30.88,,-0.01687360713148678,,-0.0187208156056623,,0.0018472084741755213,,OBSERVATION_ONLY,DATA_INSUFFICIENT,DATA_INSUFFICIENT,True
2026-06-02,00919,群益台灣精選高息,82.1,45.0,60,True,30.3,30.72,,0.013861386138613874,,-0.0187208156056623,,0.032582201744276174,,OBSERVATION_ONLY,DATA_INSUFFICIENT,DATA_INSUFFICIENT,True
2026-06-02,00961,FT臺灣永續高息,84.38,45.0,60,True,13.37,13.01,,-0.026925953627524257,,-0.0187208156056623,,-0.008205138021861957,,OBSERVATION_ONLY,DATA_INSUFFICIENT,DATA_INSUFFICIENT,True
2026-06-02,00962,台新AI優息動能,83.95,45.0,60,True,16.08,15.15,,-0.057835820895522305,,-0.0187208156056623,,-0.039115005289860005,,OBSERVATION_ONLY,DATA_INSUFFICIENT,DATA_INSUFFICIENT,True
2026-06-02,1563,巧新,82.26,45.0,60,True,69.8,62.0,,-0.11174785100286533,,-0.0187208156056623,,-0.09302703539720303,,OBSERVATION_ONLY,DATA_INSUFFICIENT,DATA_INSUFFICIENT,True
2026-06-02,2405,輔信,80.65,45.0,60,True,20.2,19.75,,-0.022277227722772297,,-0.0187208156056623,,-0.003556412117109997,,OBSERVATION_ONLY,DATA_INSUFFICIENT,DATA_INSUFFICIENT,True
2026-06-02,4545,銘鈺,82.15,45.0,60,True,42.4,38.6,,-0.08962264150943389,,-0.0187208156056623,,-0.07090182590377159,,OBSERVATION_ONLY,DATA_INSUFFICIENT,DATA_INSUFFICIENT,True
2026-06-02,4935,茂林-KY,83.69,45.0,60,True,42.35,38.1,,-0.10035419126328216,,-0.0187208156056623,,-0.08163337565761986,,OBSERVATION_ONLY,DATA_INSUFFICIENT,DATA_INSUFFICIENT,True
2026-06-02,6277,宏正,80.64,45.0,60,True,79.6,75.1,,-0.05653266331658291,,-0.0187208156056623,,-0.03781184771092061,,OBSERVATION_ONLY,DATA_INSUFFICIENT,DATA_INSUFFICIENT,True
2026-06-02,6585,鼎基,82.47,45.0,60,True,102.0,127.0,,0.2450980392156863,,-0.0187208156056623,,0.2638188548213486,,OBSERVATION_ONLY,DATA_INSUFFICIENT,DATA_INSUFFICIENT,True
2026-06-02,6698,旭暉應材,82.45,45.0,60,True,43.45,40.3,,-0.07249712313003465,,-0.0187208156056623,,-0.053776307524372347,,OBSERVATION_ONLY,DATA_INSUFFICIENT,DATA_INSUFFICIENT,True
2026-06-02,6890,來億-KY,82.69,45.0,60,True,191.5,274.0,,0.43080939947780683,,-0.0187208156056623,,0.44953021508346913,,OBSERVATION_ONLY,DATA_INSUFFICIENT,DATA_INSUFFICIENT,True
2026-06-02,6957,裕慶-KY,83.57,45.0,60,True,181.0,192.0,,0.06077348066298338,,-0.0187208156056623,,0.07949429626864568,,OBSERVATION_ONLY,DATA_INSUFFICIENT,DATA_INSUFFICIENT,True
2026-06-02,8105,凌巨,82.45,45.0,60,True,21.2,21.65,,0.021226415094339535,,-0.0187208156056623,,0.039947230700001835,,OBSERVATION_ONLY,DATA_INSUFFICIENT,DATA_INSUFFICIENT,True
2026-06-02,8454,富邦媒,82.45,45.0,60,True,265.5,426.5,,0.6064030131826741,,-0.0187208156056623,,0.6251238287883364,,OBSERVATION_ONLY,DATA_INSUFFICIENT,DATA_INSUFFICIENT,True
2026-06-02,8473,山林水,82.15,45.0,60,True,56.0,53.6,,-0.042857142857142816,,-0.0187208156056623,,-0.024136327251480516,,OBSERVATION_ONLY,DATA_INSUFFICIENT,DATA_INSUFFICIENT,True
2026-06-03,00896,中信綠能及電動車,81.68,63.0,60,False,30.08,27.58,,-0.08311170212765961,,-0.06960134449266842,,-0.013510357634991199,,OBSERVATION_ONLY,DATA_INSUFFICIENT,DATA_INSUFFICIENT,True
2026-06-03,00907,永豐優息存股,81.68,63.0,60,False,16.43,16.16,,-0.016433353621424174,,-0.06960134449266842,,0.05316799087124424,,OBSERVATION_ONLY,DATA_INSUFFICIENT,DATA_INSUFFICIENT,True
2026-06-03,00916,國泰全球品牌50,83.52,63.0,60,False,31.2,27.55,,-0.1169871794871794,,-0.06960134449266842,,-0.04738583499451099,,OBSERVATION_ONLY,DATA_INSUFFICIENT,DATA_INSUFFICIENT,True
2026-06-03,00918,大華優利高填息30,83.83,63.0,60,False,31.73,30.1,,-0.05137094232587458,,-0.06960134449266842,,0.018230402166793835,,OBSERVATION_ONLY,DATA_INSUFFICIENT,DATA_INSUFFICIENT,True
2026-06-03,00952,凱基台灣AI50,81.05,63.0,60,False,20.21,17.91,,-0.11380504700643246,,-0.06960134449266842,,-0.04420370251376404,,OBSERVATION_ONLY,DATA_INSUFFICIENT,DATA_INSUFFICIENT,True
2026-06-03,00961,FT臺灣永續高息,84.01,63.0,60,False,13.47,12.95,,-0.03860430586488506,,-0.06960134449266842,,0.030997038627783358,,OBSERVATION_ONLY,DATA_INSUFFICIENT,DATA_INSUFFICIENT,True
2026-06-03,00962,台新AI優息動能,84.46,63.0,60,False,16.38,14.46,,-0.11721611721611713,,-0.06960134449266842,,-0.04761477272344872,,OBSERVATION_ONLY,DATA_INSUFFICIENT,DATA_INSUFFICIENT,True
2026-06-03,1714,和桐,82.72,63.0,60,False,11.0,13.1,,0.19090909090909092,,-0.06960134449266842,,0.26051043540175933,,OBSERVATION_ONLY,DATA_INSUFFICIENT,DATA_INSUFFICIENT,True
2026-06-03,2390,云辰,82.45,63.0,60,False,12.85,11.55,,-0.10116731517509725,,-0.06960134449266842,,-0.031565970682428834,,OBSERVATION_ONLY,DATA_INSUFFICIENT,DATA_INSUFFICIENT,True
2026-06-03,4306,炎洲,81.1,63.0,60,False,14.95,15.3,,0.0234113712374584,,-0.06960134449266842,,0.09301271573012682,,OBSERVATION_ONLY,DATA_INSUFFICIENT,DATA_INSUFFICIENT,True
2026-06-03,4935,茂林-KY,81.24,63.0,60,False,41.95,37.6,,-0.10369487485101314,,-0.06960134449266842,,-0.034093530358344726,,OBSERVATION_ONLY,DATA_INSUFFICIENT,DATA_INSUFFICIENT,True
2026-06-03,5203,訊連,82.14,63.0,60,False,71.4,68.0,,-0.04761904761904767,,-0.06960134449266842,,0.021982296873620744,,OBSERVATION_ONLY,DATA_INSUFFICIENT,DATA_INSUFFICIENT,True
2026-06-03,6272,驊陞,82.45,63.0,60,False,40.35,35.35,,-0.12391573729863692,,-0.06960134449266842,,-0.0543143928059685,,OBSERVATION_ONLY,DATA_INSUFFICIENT,DATA_INSUFFICIENT,True
2026-06-03,6768,志強-KY,81.78,63.0,60,False,96.9,94.7,,-0.02270381836945312,,-0.06960134449266842,,0.046897526123215294,,OBSERVATION_ONLY,DATA_INSUFFICIENT,DATA_INSUFFICIENT,True
2026-06-03,6890,來億-KY,83.2,63.0,60,False,210.5,280.0,,0.33016627078384797,,-0.06960134449266842,,0.3997676152765164,,OBSERVATION_ONLY,DATA_INSUFFICIENT,DATA_INSUFFICIENT,True
2026-06-03,6957,裕慶-KY,82.03,63.0,60,False,188.0,189.0,,0.005319148936170137,,-0.06960134449266842,,0.07492049342883855,,OBSERVATION_ONLY,DATA_INSUFFICIENT,DATA_INSUFFICIENT,True
2026-06-03,8104,錸寶,82.45,63.0,60,False,44.6,39.25,,-0.11995515695067271,,-0.06960134449266842,,-0.0503538124580043,,OBSERVATION_ONLY,DATA_INSUFFICIENT,DATA_INSUFFICIENT,True
2026-06-03,8105,凌巨,82.15,63.0,60,False,20.6,20.7,,0.004854368932038833,,-0.06960134449266842,,0.07445571342470725,,OBSERVATION_ONLY,DATA_INSUFFICIENT,DATA_INSUFFICIENT,True
2026-06-03,8454,富邦媒,82.45,63.0,60,False,292.0,449.5,,0.5393835616438356,,-0.06960134449266842,,0.608984906136504,,OBSERVATION_ONLY,DATA_INSUFFICIENT,DATA_INSUFFICIENT,True
2026-06-03,9933,中鼎,80.88,63.0,60,False,42.7,40.5,,-0.051522248243559776,,-0.06960134449266842,,0.01807909624910864,,OBSERVATION_ONLY,DATA_INSUFFICIENT,DATA_INSUFFICIENT,True
2026-06-04,00735,國泰臺韓科技,82.43,45.0,60,True,115.25,104.55,,-0.09284164859002175,,-0.05534458352106264,,-0.03749706506895911,,OBSERVATION_ONLY,DATA_INSUFFICIENT,DATA_INSUFFICIENT,True
2026-06-04,00896,中信綠能及電動車,82.33,45.0,60,True,29.6,27.45,,-0.0726351351351352,,-0.05534458352106264,,-0.017290551614072558,,OBSERVATION_ONLY,DATA_INSUFFICIENT,DATA_INSUFFICIENT,True
2026-06-04,00907,永豐優息存股,82.76,45.0,60,True,16.4,16.15,,-0.015243902439024404,,-0.05534458352106264,,0.040100681082038236,,OBSERVATION_ONLY,DATA_INSUFFICIENT,DATA_INSUFFICIENT,True
2026-06-04,00911,兆豐洲際半導體,81.58,45.0,60,True,64.7,59.0,,-0.08809891808346215,,-0.05534458352106264,,-0.03275433456239951,,OBSERVATION_ONLY,DATA_INSUFFICIENT,DATA_INSUFFICIENT,True
2026-06-04,00916,國泰全球品牌50,83.46,45.0,60,True,31.27,27.28,,-0.1275983370642788,,-0.05534458352106264,,-0.07225375354321617,,OBSERVATION_ONLY,DATA_INSUFFICIENT,DATA_INSUFFICIENT,True
2026-06-04,00918,大華優利高填息30,83.17,45.0,60,True,30.88,30.3,,-0.018782383419689075,,-0.05534458352106264,,0.036562200101373565,,OBSERVATION_ONLY,DATA_INSUFFICIENT,DATA_INSUFFICIENT,True
2026-06-04,00961,FT臺灣永續高息,83.12,45.0,60,True,13.27,12.84,,-0.03240391861341374,,-0.05534458352106264,,0.0229406649076489,,OBSERVATION_ONLY,DATA_INSUFFICIENT,DATA_INSUFFICIENT,True
2026-06-04,00962,台新AI優息動能,83.68,45.0,60,True,15.86,14.43,,-0.0901639344262295,,-0.05534458352106264,,-0.03481935090516686,,OBSERVATION_ONLY,DATA_INSUFFICIENT,DATA_INSUFFICIENT,True
2026-06-04,1709,和益,81.61,45.0,60,True,20.7,20.85,,0.007246376811594235,,-0.05534458352106264,,0.06259096033265688,,OBSERVATION_ONLY,DATA_INSUFFICIENT,DATA_INSUFFICIENT,True
2026-06-04,1714,和桐,83.2,45.0,60,True,12.1,14.4,,0.1900826446280992,,-0.05534458352106264,,0.24542722814916185,,OBSERVATION_ONLY,DATA_INSUFFICIENT,DATA_INSUFFICIENT,True
2026-06-04,1904,正隆,82.45,45.0,60,True,22.3,22.75,,0.020179372197309364,,-0.05534458352106264,,0.075523955718372,,OBSERVATION_ONLY,DATA_INSUFFICIENT,DATA_INSUFFICIENT,True
2026-06-04,2390,云辰,82.45,45.0,60,True,13.1,12.2,,-0.06870229007633588,,-0.05534458352106264,,-0.013357706555273241,,OBSERVATION_ONLY,DATA_INSUFFICIENT,DATA_INSUFFICIENT,True
2026-06-04,4306,炎洲,80.79,45.0,60,True,15.0,15.85,,0.05666666666666664,,-0.05534458352106264,,0.11201125018772928,,OBSERVATION_ONLY,DATA_INSUFFICIENT,DATA_INSUFFICIENT,True
2026-06-04,5203,訊連,82.76,45.0,60,True,72.0,68.0,,-0.05555555555555558,,-0.05534458352106264,,-0.00021097203449294,,OBSERVATION_ONLY,DATA_INSUFFICIENT,DATA_INSUFFICIENT,True
2026-06-04,6585,鼎基,84.14,45.0,60,True,109.0,124.5,,0.14220183486238525,,-0.05534458352106264,,0.19754641838344789,,OBSERVATION_ONLY,DATA_INSUFFICIENT,DATA_INSUFFICIENT,True
2026-06-04,6698,旭暉應材,82.15,45.0,60,True,44.75,37.75,,-0.15642458100558654,,-0.05534458352106264,,-0.1010799974845239,,OBSERVATION_ONLY,DATA_INSUFFICIENT,DATA_INSUFFICIENT,True
2026-06-04,6768,志強-KY,81.29,45.0,60,True,95.7,95.3,,-0.004179728317659448,,-0.05534458352106264,,0.05116485520340319,,OBSERVATION_ONLY,DATA_INSUFFICIENT,DATA_INSUFFICIENT,True
2026-06-04,6890,來億-KY,83.2,45.0,60,True,231.5,284.0,,0.22678185745140378,,-0.05534458352106264,,0.2821264409724664,,OBSERVATION_ONLY,DATA_INSUFFICIENT,DATA_INSUFFICIENT,True
2026-06-04,6957,裕慶-KY,83.92,45.0,60,True,194.0,185.5,,-0.04381443298969068,,-0.05534458352106264,,0.011530150531371963,,OBSERVATION_ONLY,DATA_INSUFFICIENT,DATA_INSUFFICIENT,True
2026-06-04,8454,富邦媒,82.45,45.0,60,True,321.0,396.0,,0.23364485981308403,,-0.05534458352106264,,0.28898944333414667,,OBSERVATION_ONLY,DATA_INSUFFICIENT,DATA_INSUFFICIENT,True
2026-06-05,1342,八貫,82.46,77.0,60,False,104.0,117.5,,0.1298076923076923,,-0.020010676502420388,,0.14981836881011268,,OBSERVATION_ONLY,DATA_INSUFFICIENT,DATA_INSUFFICIENT,True
2026-06-05,1714,和桐,82.37,77.0,60,False,11.5,15.2,,0.3217391304347825,,-0.020010676502420388,,0.3417498069372029,,OBSERVATION_ONLY,DATA_INSUFFICIENT,DATA_INSUFFICIENT,True
2026-06-05,1810,和成,83.2,77.0,60,False,22.6,20.55,,-0.09070796460176989,,-0.020010676502420388,,-0.0706972880993495,,OBSERVATION_ONLY,DATA_INSUFFICIENT,DATA_INSUFFICIENT,True
2026-06-05,1904,正隆,83.2,77.0,60,True,21.9,22.9,,0.04566210045662111,,-0.020010676502420388,,0.0656727769590415,,OBSERVATION_ONLY,DATA_INSUFFICIENT,DATA_INSUFFICIENT,True
2026-06-05,2108,南帝,84.51,77.0,60,False,32.15,30.35,,-0.055987558320373165,,-0.020010676502420388,,-0.03597688181795278,,OBSERVATION_ONLY,DATA_INSUFFICIENT,DATA_INSUFFICIENT,True
2026-06-05,2483,百容,82.45,77.0,60,True,30.45,38.1,,0.2512315270935961,,-0.020010676502420388,,0.2712422035960165,,OBSERVATION_ONLY,DATA_INSUFFICIENT,DATA_INSUFFICIENT,True
2026-06-05,2597,潤弘,83.84,77.0,60,False,184.5,190.5,,0.03252032520325199,,-0.020010676502420388,,0.052531001705672375,,OBSERVATION_ONLY,DATA_INSUFFICIENT,DATA_INSUFFICIENT,True
2026-06-05,2855,統一證,82.45,77.0,60,False,59.1,50.5,,-0.14551607445008463,,-0.020010676502420388,,-0.12550539794766424,,OBSERVATION_ONLY,DATA_INSUFFICIENT,DATA_INSUFFICIENT,True
2026-06-05,2882,國泰金,83.08,77.0,60,False,100.0,100.5,,0.004999999999999893,,-0.020010676502420388,,0.02501067650242028,,OBSERVATION_ONLY,DATA_INSUFFICIENT,DATA_INSUFFICIENT,True
2026-06-05,2883,凱基金,83.2,77.0,60,False,27.6,27.45,,-0.005434782608695676,,-0.020010676502420388,,0.014575893893724712,,OBSERVATION_ONLY,DATA_INSUFFICIENT,DATA_INSUFFICIENT,True
2026-06-05,3015,全漢,83.2,77.0,60,False,68.9,60.7,,-0.11901306240928888,,-0.020010676502420388,,-0.0990023859068685,,OBSERVATION_ONLY,DATA_INSUFFICIENT,DATA_INSUFFICIENT,True
2026-06-05,3311,閎暉,82.76,77.0,60,False,39.75,37.55,,-0.05534591194968563,,-0.020010676502420388,,-0.035335235447265245,,OBSERVATION_ONLY,DATA_INSUFFICIENT,DATA_INSUFFICIENT,True
2026-06-05,3376,新日興,82.45,77.0,60,False,237.0,200.5,,-0.1540084388185654,,-0.020010676502420388,,-0.13399776231614502,,OBSERVATION_ONLY,DATA_INSUFFICIENT,DATA_INSUFFICIENT,True
2026-06-05,4807,日成-KY,82.45,77.0,60,False,38.5,41.0,,0.06493506493506485,,-0.020010676502420388,,0.08494574143748523,,OBSERVATION_ONLY,DATA_INSUFFICIENT,DATA_INSUFFICIENT,True
2026-06-05,6585,鼎基,85.0,77.0,60,False,112.0,136.0,,0.2142857142857142,,-0.020010676502420388,,0.23429639078813458,,OBSERVATION_ONLY,DATA_INSUFFICIENT,DATA_INSUFFICIENT,True
2026-06-05,6698,旭暉應材,82.45,77.0,60,True,45.75,38.3,,-0.16284153005464486,,-0.020010676502420388,,-0.14283085355222447,,OBSERVATION_ONLY,DATA_INSUFFICIENT,DATA_INSUFFICIENT,True
2026-06-05,6890,來億-KY,82.45,77.0,60,True,242.5,256.0,,0.05567010309278353,,-0.020010676502420388,,0.07568077959520392,,OBSERVATION_ONLY,DATA_INSUFFICIENT,DATA_INSUFFICIENT,True
2026-06-05,7788,松川精密,82.45,77.0,60,True,224.0,266.0,,0.1875,,-0.020010676502420388,,0.2075106765024204,,OBSERVATION_ONLY,DATA_INSUFFICIENT,DATA_INSUFFICIENT,True
2026-06-05,8070,長華*,82.38,77.0,60,False,62.7,57.3,,-0.08612440191387571,,-0.020010676502420388,,-0.06611372541145533,,OBSERVATION_ONLY,DATA_INSUFFICIENT,DATA_INSUFFICIENT,True
2026-06-05,9934,成霖,84.64,77.0,60,False,11.05,10.5,,-0.04977375565610864,,-0.020010676502420388,,-0.029763079153688254,,OBSERVATION_ONLY,DATA_INSUFFICIENT,DATA_INSUFFICIENT,True
2026-06-08,0055,元大MSCI金融,81.59,53.0,60,True,38.15,41.0,,0.07470511140235914,,0.0435422747695664,,0.031162836632792734,,OBSERVATION_ONLY,DATA_INSUFFICIENT,DATA_INSUFFICIENT,True
2026-06-08,1342,八貫,85.0,53.0,60,True,112.0,115.5,,0.03125,,0.0435422747695664,,-0.012292274769566403,,OBSERVATION_ONLY,DATA_INSUFFICIENT,DATA_INSUFFICIENT,True
2026-06-08,1714,和桐,81.43,53.0,60,True,12.65,16.7,,0.32015810276679835,,0.0435422747695664,,0.27661582799723194,,OBSERVATION_ONLY,DATA_INSUFFICIENT,DATA_INSUFFICIENT,True
2026-06-08,1718,中纖,80.81,53.0,60,True,10.0,9.28,,-0.07200000000000006,,0.0435422747695664,,-0.11554227476956647,,OBSERVATION_ONLY,DATA_INSUFFICIENT,DATA_INSUFFICIENT,True
2026-06-08,1810,和成,80.87,53.0,60,True,22.0,20.45,,-0.07045454545454544,,0.0435422747695664,,-0.11399682022411184,,OBSERVATION_ONLY,DATA_INSUFFICIENT,DATA_INSUFFICIENT,True
2026-06-08,2025,千興,82.45,53.0,60,True,14.7,15.0,,0.020408163265306145,,0.0435422747695664,,-0.023134111504260257,,OBSERVATION_ONLY,DATA_INSUFFICIENT,DATA_INSUFFICIENT,True
2026-06-08,2241,艾姆勒,81.63,53.0,60,True,38.9,44.55,,0.1452442159383034,,0.0435422747695664,,0.10170194116873699,,OBSERVATION_ONLY,DATA_INSUFFICIENT,DATA_INSUFFICIENT,True
2026-06-08,2468,華經,80.95,53.0,60,True,44.95,39.5,,-0.12124582869855405,,0.0435422747695664,,-0.16478810346812045,,OBSERVATION_ONLY,DATA_INSUFFICIENT,DATA_INSUFFICIENT,True
2026-06-08,2483,百容,82.45,53.0,60,True,33.45,38.15,,0.14050822122570983,,0.0435422747695664,,0.09696594645614343,,OBSERVATION_ONLY,DATA_INSUFFICIENT,DATA_INSUFFICIENT,True
2026-06-08,2597,潤弘,83.74,53.0,60,True,184.5,190.5,,0.03252032520325199,,0.0435422747695664,,-0.011021949566314415,,OBSERVATION_ONLY,DATA_INSUFFICIENT,DATA_INSUFFICIENT,True
2026-06-08,2883,凱基金,82.09,53.0,60,True,26.75,28.8,,0.07663551401869162,,0.0435422747695664,,0.03309323924912522,,OBSERVATION_ONLY,DATA_INSUFFICIENT,DATA_INSUFFICIENT,True
2026-06-08,3022,威強電,81.73,53.0,60,True,79.0,85.3,,0.07974683544303796,,0.0435422747695664,,0.03620456067347155,,OBSERVATION_ONLY,DATA_INSUFFICIENT,DATA_INSUFFICIENT,True
2026-06-08,3311,閎暉,83.25,53.0,60,True,40.5,41.3,,0.01975308641975304,,0.0435422747695664,,-0.02378918834981336,,OBSERVATION_ONLY,DATA_INSUFFICIENT,DATA_INSUFFICIENT,True
2026-06-08,3376,新日興,80.95,53.0,60,True,236.5,203.0,,-0.14164904862579286,,0.0435422747695664,,-0.18519132339535926,,OBSERVATION_ONLY,DATA_INSUFFICIENT,DATA_INSUFFICIENT,True
2026-06-08,6585,鼎基,83.2,53.0,60,True,123.0,136.0,,0.10569105691056913,,0.0435422747695664,,0.06214878214100272,,OBSERVATION_ONLY,DATA_INSUFFICIENT,DATA_INSUFFICIENT,True
2026-06-08,6890,來億-KY,82.45,53.0,60,True,249.5,230.5,,-0.0761523046092184,,0.0435422747695664,,-0.1196945793787848,,OBSERVATION_ONLY,DATA_INSUFFICIENT,DATA_INSUFFICIENT,True
2026-06-08,6957,裕慶-KY,80.88,53.0,60,True,191.5,192.5,,0.005221932114882533,,0.0435422747695664,,-0.03832034265468387,,OBSERVATION_ONLY,DATA_INSUFFICIENT,DATA_INSUFFICIENT,True
2026-06-08,7788,松川精密,82.45,53.0,60,True,246.0,256.0,,0.04065040650406515,,0.0435422747695664,,-0.0028918682655012518,,OBSERVATION_ONLY,DATA_INSUFFICIENT,DATA_INSUFFICIENT,True
2026-06-08,9103,美德醫療-DR,82.15,53.0,60,True,6.06,5.46,,-0.09900990099009899,,0.0435422747695664,,-0.1425521757596654,,OBSERVATION_ONLY,DATA_INSUFFICIENT,DATA_INSUFFICIENT,True
2026-06-08,9136,巨騰-DR,81.37,53.0,60,True,17.75,16.65,,-0.06197183098591552,,0.0435422747695664,,-0.10551410575548192,,OBSERVATION_ONLY,DATA_INSUFFICIENT,DATA_INSUFFICIENT,True
2026-06-09,0055,元大MSCI金融,82.74,53.0,60,True,40.3,41.98,,0.0416873449131514,,0.02471231045506883,,0.016975034458082572,,OBSERVATION_ONLY,DATA_INSUFFICIENT,DATA_INSUFFICIENT,True
2026-06-09,1342,八貫,85.0,53.0,60,True,111.5,116.5,,0.04484304932735417,,0.02471231045506883,,0.020130738872285336,,OBSERVATION_ONLY,DATA_INSUFFICIENT,DATA_INSUFFICIENT,True
2026-06-09,2025,千興,81.25,53.0,60,True,15.3,14.35,,-0.06209150326797397,,0.02471231045506883,,-0.0868038137230428,,OBSERVATION_ONLY,DATA_INSUFFICIENT,DATA_INSUFFICIENT,True
2026-06-09,2059,川湖,82.45,53.0,60,True,6795.0,6650.0,,-0.021339220014716664,,0.02471231045506883,,-0.046051530469785495,,OBSERVATION_ONLY,DATA_INSUFFICIENT,DATA_INSUFFICIENT,True
2026-06-09,2241,艾姆勒,82.15,53.0,60,True,39.7,43.3,,0.09068010075566746,,0.02471231045506883,,0.06596779030059863,,OBSERVATION_ONLY,DATA_INSUFFICIENT,DATA_INSUFFICIENT,True
2026-06-09,2414,精技,83.45,53.0,60,True,56.9,60.2,,0.05799648506151156,,0.02471231045506883,,0.03328417460644273,,OBSERVATION_ONLY,DATA_INSUFFICIENT,DATA_INSUFFICIENT,True
2026-06-09,2457,飛宏,82.19,53.0,60,True,31.05,29.0,,-0.06602254428341392,,0.02471231045506883,,-0.09073485473848275,,OBSERVATION_ONLY,DATA_INSUFFICIENT,DATA_INSUFFICIENT,True
2026-06-09,2478,大毅,82.45,53.0,60,True,167.0,207.0,,0.23952095808383222,,0.02471231045506883,,0.2148086476287634,,OBSERVATION_ONLY,DATA_INSUFFICIENT,DATA_INSUFFICIENT,True
2026-06-09,2484,希華,82.45,53.0,60,True,60.8,70.4,,0.1578947368421053,,0.02471231045506883,,0.13318242638703648,,OBSERVATION_ONLY,DATA_INSUFFICIENT,DATA_INSUFFICIENT,True
2026-06-09,2535,達欣工,82.15,53.0,60,True,90.7,96.6,,0.06504961411245858,,0.02471231045506883,,0.040337303657389745,,OBSERVATION_ONLY,DATA_INSUFFICIENT,DATA_INSUFFICIENT,True
2026-06-09,2597,潤弘,83.15,53.0,60,True,191.0,187.5,,-0.01832460732984298,,0.02471231045506883,,-0.04303691778491181,,OBSERVATION_ONLY,DATA_INSUFFICIENT,DATA_INSUFFICIENT,True
2026-06-09,2881,富邦金,81.33,53.0,60,True,125.0,132.0,,0.05600000000000005,,0.02471231045506883,,0.03128768954493122,,OBSERVATION_ONLY,DATA_INSUFFICIENT,DATA_INSUFFICIENT,True
2026-06-09,2882,國泰金,82.0,53.0,60,True,104.0,109.5,,0.05288461538461542,,0.02471231045506883,,0.028172304929546588,,OBSERVATION_ONLY,DATA_INSUFFICIENT,DATA_INSUFFICIENT,True
2026-06-09,2883,凱基金,82.07,53.0,60,True,29.05,29.7,,0.022375215146299476,,0.02471231045506883,,-0.0023370953087693547,,OBSERVATION_ONLY,DATA_INSUFFICIENT,DATA_INSUFFICIENT,True
2026-06-09,3022,威強電,84.05,53.0,60,True,86.9,82.6,,-0.04948216340621414,,0.02471231045506883,,-0.07419447386128297,,OBSERVATION_ONLY,DATA_INSUFFICIENT,DATA_INSUFFICIENT,True
2026-06-09,3550,聯穎,82.45,53.0,60,True,25.9,30.85,,0.1911196911196913,,0.02471231045506883,,0.16640738066462246,,OBSERVATION_ONLY,DATA_INSUFFICIENT,DATA_INSUFFICIENT,True
2026-06-09,4739,康普,82.45,53.0,60,True,130.0,116.0,,-0.10769230769230764,,0.02471231045506883,,-0.13240461814737647,,OBSERVATION_ONLY,DATA_INSUFFICIENT,DATA_INSUFFICIENT,True
2026-06-09,5288,豐祥-KY,82.08,53.0,60,True,176.0,183.0,,0.03977272727272729,,0.02471231045506883,,0.015060416817658462,,OBSERVATION_ONLY,DATA_INSUFFICIENT,DATA_INSUFFICIENT,True
2026-06-09,6585,鼎基,82.45,53.0,60,True,127.0,138.5,,0.09055118110236227,,0.02471231045506883,,0.06583887064729343,,OBSERVATION_ONLY,DATA_INSUFFICIENT,DATA_INSUFFICIENT,True
2026-06-09,7788,松川精密,82.15,53.0,60,True,235.0,274.0,,0.16595744680851054,,0.02471231045506883,,0.1412451363534417,,OBSERVATION_ONLY,DATA_INSUFFICIENT,DATA_INSUFFICIENT,True
