rank,trade_date,stock_id,stock_name,close,total_score,original_total_score,multi_factor_score,multi_factor_reason,trend_score,momentum_score,fundamental_score,chip_score,risk_score,credit_score,event_risk_score,liquidity_score,sector_strength_score,revenue_score,monthly_revenue,revenue_yoy,revenue_mom,accumulated_revenue_yoy,revenue_data_month,requested_revenue_month,latest_available_month,revenue_source_status,revenue_3m_trend,revenue_12m_high,revenue_warning,revenue_reason,fundamental_reason,valuation_score,pe_ratio,pb_ratio,dividend_yield,valuation_source,valuation_source_status,valuation_reason,valuation_warning,financial_score,eps,roe,gross_margin,operating_margin,debt_ratio,financial_source,financial_source_status,financial_period,financial_reason,financial_warning,event_score,event_reason,event_risk_level,event_keywords,event_warning,event_blocked,institutional_score,foreign_net_buy,investment_trust_net_buy,dealer_net_buy,total_institutional_net_buy,foreign_buy_days,investment_trust_buy_days,institutional_buy_ratio,institutional_warning,institutional_reason,margin_balance,margin_change,short_balance,short_change,securities_lending_sell_volume,securities_lending_balance,margin_usage_warning,short_selling_warning,is_attention_stock,attention_reason,is_disposition_stock,disposition_start_date,disposition_end_date,disposition_reason,industry,sub_industry,industry_source,sector_strength_mode,stock_return_5d,stock_return_20d,market_return_5d,market_return_20d,sector_return_5d,sector_return_20d,relative_strength_5d,relative_strength_20d,sector_strength_rank,sector_strength_reason,sector_strength_warning,avg_volume_20d,avg_turnover_20d,latest_volume,latest_turnover,turnover_ratio_20d,intraday_trading_ratio,liquidity_warning,slippage_risk_score,market_type,tracking_index,fund_size,expense_ratio,discount_premium,top_holdings_available,etf_data_quality_flags,positive_signals,warning_signals,blocking_risks,momentum_signal,risk_flags,data_quality_flags,investment_risk_flags,candidate_grade,grade_reason,grade_risk_flags,requires_manual_review,review_level,review_reason,data_source_warning,system_comment,market_intel_status,requested_date,actual_data_date,fallback_date,fallback_reason,cache_age_days,is_stale_data,data_freshness_level,market_intel_source,market_intel_warning,market_close,market_volume,volume_change_ratio,market_pe_ratio,market_pb_ratio,market_dividend_yield,market_revenue_growth_yoy,market_eps_growth_yoy,latest_news_titles,matched_news_keywords,news_sentiment_score,market_fundamental_score,market_valuation_score,market_momentum_score,market_chip_score,final_market_score,confidence_score,market_risk_score,final_comment,is_candidate,risk_pass,risk_reason,reason,stop_loss_price,suggested_position_pct
1,2026-06-01,00918,大華優利高填息30,30.46,83.34,83.34,63.99,原始技術總分 83.34；ETF 不適用一般 EPS / ROE 公司財報檢查；無重大事件資料；三大法人籌碼中性；融資連增但股價不漲；融資暴增但法人賣超；個股 20 日強於大盤；短線相對強勢；缺少產業分類，使用全市場相對強弱；ETF_METADATA_MISSING,100.0,93.34,50.0,50.0,100.0,22.0,50.0,92.0,78.0,50.0,,,,,,,,MISSING,neutral,False,,基本面資料不足，採中性分數,基本面資料不足，採中性分數,50.0,,,,,MISSING,估值資料不足，採中性分數,,50.0,,,,,,,MISSING,,財報資料不足，採中性分數,,50.0,無重大事件資料,NONE,,,False,50.0,-13875450.0,0.0,0.0,-67171311.0,0,0,,,三大法人籌碼中性,5863.0,3774.0,170.0,4.0,,,,,False,,False,,,,全市場,nan,nan,market_relative_fallback,0.094502335609055,0.2514379622021365,0.0316782190131192,0.0702184336009229,0.0316782190131192,0.0702184336009229,0.0628241165959357,0.1812195286012136,89.0,個股 20 日強於大盤；短線相對強勢；缺少產業分類，使用全市場相對強弱,缺少產業分類，使用全市場相對強弱,36349842.15,975555341.5,108961858.0,3303302090.0,3.3860735003725053,,nan,90.0,,,,,,,,相對強勢；短線相對強勢；產業 / 相對強弱偏強；流動性佳,融資連增但股價不漲；融資暴增但法人賣超,,20 日相對強勢；5 日相對強勢；動能分數偏強,融資連增但股價不漲；融資暴增但法人賣超,ETF_METADATA_MISSING；ETF metadata 資料不足；產業分類資料不足；缺少產業分類，使用全市場相對強弱,融資連增但股價不漲；融資暴增但法人賣超,C,資料可信度偏低；部分資料不足,融資連增但股價不漲；融資暴增但法人賣超,True,RISK_REVIEW,投資風險：融資連增但股價不漲；融資暴增但法人賣超；資料不足：ETF_METADATA_MISSING；ETF metadata 資料不足；產業分類資料不足；缺少產業分類，使用全市場相對強弱；資料可信度偏低；資料不足,,有投資風險標籤，需降低優先度；非交易日，使用最近交易日資料。,WARNING,2026-06-01,2026-06-01,2026-06-01,no trading data,0,False,CURRENT,mixed,市場事件資料不足，採中性處理；基本面資料不足，採中性分數；估值資料不足，採中性分數,30.46,,,,,,,,無重大事件資料 原始技術總分 83.34；ETF 不適用一般 EPS / ROE 公司財報檢查；無重大事件資料；三大法人籌碼中性；融資連增但股價不漲；融資暴增但法人賣超；個股 20 日強於大盤；短線相對強勢；缺少產業分類，使用全市場相對強弱；ETF_METADATA_MISSING 收盤價高於 20 日均線；收盤價高於 60 日均線；20 日均線高於 60 日均線；20 日均線斜率為正；收盤價接近 20 日高點；20 日報酬為正且具動能；5 日短線動能為正；成交量高於 20 日均量；基本面資料不足，採中性分數；籌碼資料不足，採中性分數,,0.0,50.0,50.0,93.34,50.0,62.17,50.0,37.83,有投資風險標籤，需降低優先度,1,1,通過資料品質、停損、部位、流動性與波動檢查,收盤價高於 20 日均線；收盤價高於 60 日均線；20 日均線高於 60 日均線；20 日均線斜率為正；收盤價接近 20 日高點；20 日報酬為正且具動能；5 日短線動能為正；成交量高於 20 日均量；基本面資料不足，採中性分數；籌碼資料不足，採中性分數,29.08,0.1
2,2026-06-01,00962,台新AI優息動能,15.77,83.2,83.2,63.75,原始技術總分 83.2；ETF 不適用一般 EPS / ROE 公司財報檢查；無重大事件資料；三大法人籌碼中性；融資連增但股價不漲；個股 20 日強於大盤；短線相對強勢；缺少產業分類，使用全市場相對強弱；ETF_METADATA_MISSING,100.0,92.78,50.0,50.0,100.0,40.0,50.0,60.0,78.0,50.0,,,,,,,,MISSING,neutral,False,,基本面資料不足，採中性分數,基本面資料不足，採中性分數,50.0,,,,,MISSING,估值資料不足，採中性分數,,50.0,,,,,,,MISSING,,財報資料不足，採中性分數,,50.0,無重大事件資料,NONE,,,False,50.0,1859000.0,0.0,0.0,-6973875.0,1,0,,,三大法人籌碼中性,438.0,260.0,0.0,0.0,,,,,False,,False,,,,全市場,nan,nan,market_relative_fallback,0.0898410504492051,0.1892911010558069,0.0316782190131192,0.0702184336009229,0.0316782190131192,0.0702184336009229,0.0581628314360858,0.1190726674548839,137.0,個股 20 日強於大盤；短線相對強勢；缺少產業分類，使用全市場相對強弱,缺少產業分類，使用全市場相對強弱,1358257.8,20050005.0,11743503.0,184751677.0,9.21454518340519,,nan,65.0,,,,,,,,相對強勢；短線相對強勢；產業 / 相對強弱偏強,融資連增但股價不漲,,20 日相對強勢；5 日相對強勢；動能分數偏強,融資連增但股價不漲,ETF_METADATA_MISSING；ETF metadata 資料不足；產業分類資料不足；缺少產業分類，使用全市場相對強弱,融資連增但股價不漲,C,資料可信度偏低；部分資料不足,融資連增但股價不漲,True,RISK_REVIEW,投資風險：融資連增但股價不漲；資料不足：ETF_METADATA_MISSING；ETF metadata 資料不足；產業分類資料不足；缺少產業分類，使用全市場相對強弱；資料可信度偏低；資料不足,,有投資風險標籤，需降低優先度；非交易日，使用最近交易日資料。,WARNING,2026-06-01,2026-06-01,2026-06-01,no trading data,0,False,CURRENT,mixed,市場事件資料不足，採中性處理；基本面資料不足，採中性分數；估值資料不足，採中性分數,15.77,,,,,,,,無重大事件資料 原始技術總分 83.2；ETF 不適用一般 EPS / ROE 公司財報檢查；無重大事件資料；三大法人籌碼中性；融資連增但股價不漲；個股 20 日強於大盤；短線相對強勢；缺少產業分類，使用全市場相對強弱；ETF_METADATA_MISSING 收盤價高於 20 日均線；收盤價高於 60 日均線；20 日均線高於 60 日均線；20 日均線斜率為正；收盤價接近 20 日高點；20 日報酬為正且具動能；5 日短線動能為正；成交量高於 20 日均量；基本面資料不足，採中性分數；籌碼資料不足，採中性分數,,0.0,50.0,50.0,92.78,50.0,60.46,50.0,39.54,有投資風險標籤，需降低優先度,1,1,通過資料品質、停損、部位、流動性與波動檢查,收盤價高於 20 日均線；收盤價高於 60 日均線；20 日均線高於 60 日均線；20 日均線斜率為正；收盤價接近 20 日高點；20 日報酬為正且具動能；5 日短線動能為正；成交量高於 20 日均量；基本面資料不足，採中性分數；籌碼資料不足，採中性分數,14.92,0.1
3,2026-06-01,00913,兆豐台灣晶圓製造,52.1,83.08,83.08,64.32,原始技術總分 83.08；ETF 不適用一般 EPS / ROE 公司財報檢查；無重大事件資料；三大法人籌碼中性；信用交易結構中性；個股 20 日強於大盤；短線相對強勢；nan；ETF_METADATA_MISSING,100.0,92.33,50.0,50.0,100.0,50.0,50.0,75.0,68.0,50.0,,,,,,,,MISSING,neutral,False,,基本面資料不足，採中性分數,基本面資料不足，採中性分數,50.0,,,,,MISSING,估值資料不足，採中性分數,,50.0,,,,,,,MISSING,,財報資料不足，採中性分數,,50.0,無重大事件資料,NONE,,,False,50.0,-841200.0,0.0,0.0,-2209937.0,0,0,,,三大法人籌碼中性,201.0,-13.0,0.0,0.0,,,,,False,,False,,,,ETF,晶圓製造 ETF,manual,industry_relative,0.0860954763393788,0.2074159907300117,0.0316782190131192,0.0702184336009229,0.0419091434108903,0.1747306617485209,0.0441863329284884,0.0326853289814907,341.0,個股 20 日強於大盤；短線相對強勢；nan,nan,1581491.25,75038119.8,4261981.0,222887222.0,2.9703199199828565,,nan,80.0,,,,,,,,相對強勢；短線相對強勢；產業 / 相對強弱偏強；流動性佳,,,20 日相對強勢；5 日相對強勢；動能分數偏強,,ETF_METADATA_MISSING；ETF metadata 資料不足,,C,資料可信度偏低；部分資料不足,,True,DATA_REVIEW,資料不足：ETF_METADATA_MISSING；ETF metadata 資料不足；資料可信度偏低；資料不足,,資料不足，需人工補查後再判斷；非交易日，使用最近交易日資料。,WARNING,2026-06-01,2026-06-01,2026-06-01,no trading data,0,False,CURRENT,mixed,市場事件資料不足，採中性處理；基本面資料不足，採中性分數；估值資料不足，採中性分數,52.1,,,,,,,,無重大事件資料 原始技術總分 83.08；ETF 不適用一般 EPS / ROE 公司財報檢查；無重大事件資料；三大法人籌碼中性；信用交易結構中性；個股 20 日強於大盤；短線相對強勢；nan；ETF_METADATA_MISSING 收盤價高於 20 日均線；收盤價高於 60 日均線；20 日均線高於 60 日均線；20 日均線斜率為正；收盤價接近 20 日高點；20 日報酬為正且具動能；5 日短線動能為正；成交量高於 20 日均量；基本面資料不足，採中性分數；籌碼資料不足，採中性分數,,0.0,50.0,50.0,92.33,50.0,60.62,50.0,39.38,資料不足，需人工補查後再判斷,1,1,通過資料品質、停損、部位、流動性與波動檢查,收盤價高於 20 日均線；收盤價高於 60 日均線；20 日均線高於 60 日均線；20 日均線斜率為正；收盤價接近 20 日高點；20 日報酬為正且具動能；5 日短線動能為正；成交量高於 20 日均量；基本面資料不足，採中性分數；籌碼資料不足，採中性分數,48.01,0.1
4,2026-06-01,3652,精聯,36.4,82.92,82.92,68.38,原始技術總分 82.92；月營收年增率大於 20%；累計營收 YoY 大於 10%；PB 相對合理；殖利率穩定；EPS 為正；無重大事件資料；三大法人籌碼中性；融資連增但股價不漲；個股 20 日強於大盤；短線相對強勢；nan,100.0,96.5,80.0,50.0,92.0,40.0,50.0,50.0,78.0,80.0,257582.0,34.55675703912657,9.126419250974411,16.31618535076382,202604,202606,202604,OK_WITH_FALLBACK,neutral,False,,月營收年增率大於 20%；累計營收 YoY 大於 10%,月營收年增率大於 20%；累計營收 YoY 大於 10%,60.0,25.07,1.4,3.42,TWSE OpenAPI BWIBBU_ALL,OK,PB 相對合理；殖利率穩定,,56.0,0.4,,34.9169,5.2055,,TWSE OpenAPI t187ap06_L_ci,OK,115Q1,EPS 為正,,50.0,無重大事件資料,NONE,,,False,50.0,68100.0,0.0,0.0,63100.0,1,0,,,三大法人籌碼中性,800.0,11.0,0.0,0.0,,,,,False,,False,,,,電腦及週邊設備業,電腦及週邊設備業,twse,industry_relative,0.1392801251956181,0.2214765100671141,0.0316782190131192,0.0702184336009229,0.0633697372394142,0.1549879366330756,0.0759103879562038,0.0664885734340384,241.0,個股 20 日強於大盤；短線相對強勢；nan,nan,232789.15,7661768.35,460504.0,16409106.0,2.141686520710327,,nan,50.0,,,,,,,,相對強勢；短線相對強勢；產業 / 相對強弱偏強；營收動能正向,融資連增但股價不漲；流動性偏低,,20 日相對強勢；5 日相對強勢；動能分數偏強,融資連增但股價不漲；流動性偏低,,融資連增但股價不漲；流動性偏低,C,資料可信度偏低,融資連增但股價不漲；流動性偏低,True,RISK_REVIEW,投資風險：融資連增但股價不漲；流動性偏低；資料不足：資料可信度偏低,,有投資風險標籤，需降低優先度；非交易日，使用最近交易日資料。,WARNING,2026-06-01,2026-06-01,2026-06-01,no trading data,0,False,CURRENT,mixed,市場事件資料不足，採中性處理,36.4,,,25.07,1.4,3.42,34.55675703912657,,無重大事件資料 原始技術總分 82.92；月營收年增率大於 20%；累計營收 YoY 大於 10%；PB 相對合理；殖利率穩定；EPS 為正；無重大事件資料；三大法人籌碼中性；融資連增但股價不漲；個股 20 日強於大盤；短線相對強勢；nan 收盤價高於 20 日均線；收盤價高於 60 日均線；20 日均線高於 60 日均線；20 日均線斜率為正；收盤價接近 20 日高點；20 日報酬為正且具動能；5 日短線動能為正；成交量高於 20 日均量；基本面資料不足，採中性分數；籌碼資料不足，採中性分數,,0.0,62.0,61.0,96.5,50.0,65.6,90.0,34.4,有投資風險標籤，需降低優先度,1,1,通過資料品質、停損、部位、流動性與波動檢查,收盤價高於 20 日均線；收盤價高於 60 日均線；20 日均線高於 60 日均線；20 日均線斜率為正；收盤價接近 20 日高點；20 日報酬為正且具動能；5 日短線動能為正；成交量高於 20 日均量；基本面資料不足，採中性分數；籌碼資料不足，採中性分數,33.84,0.1
5,2026-06-01,00735,國泰臺韓科技,116.35,82.53,82.53,64.76,原始技術總分 82.53；ETF 不適用一般 EPS / ROE 公司財報檢查；無重大事件資料；三大法人籌碼中性；融資連增但股價不漲；個股 20 日強於大盤；短線相對強勢；缺少產業分類，使用全市場相對強弱；ETF_METADATA_MISSING,100.0,90.1,50.0,50.0,100.0,40.0,50.0,92.0,78.0,50.0,,,,,,,,MISSING,neutral,False,,基本面資料不足，採中性分數,基本面資料不足，採中性分數,50.0,,,,,MISSING,估值資料不足，採中性分數,,50.0,,,,,,,MISSING,,財報資料不足，採中性分數,,50.0,無重大事件資料,NONE,,,False,50.0,-1706468.0,35000.0,0.0,-3577794.0,0,1,,,三大法人籌碼中性,2994.0,328.0,25.0,3.0,,,,,False,,False,,,,全市場,nan,nan,market_relative_fallback,0.108095238095238,0.1994845360824741,0.0316782190131192,0.0702184336009229,0.0316782190131192,0.0702184336009229,0.0764170190821187,0.1292661024815512,127.0,個股 20 日強於大盤；短線相對強勢；缺少產業分類，使用全市場相對強弱,缺少產業分類，使用全市場相對強弱,3579636.3,368168554.35,6131463.0,715411740.0,1.943163617715957,,nan,90.0,,,,,,,,相對強勢；短線相對強勢；產業 / 相對強弱偏強；流動性佳,融資連增但股價不漲,,20 日相對強勢；5 日相對強勢；動能分數偏強,融資連增但股價不漲,ETF_METADATA_MISSING；ETF metadata 資料不足；產業分類資料不足；缺少產業分類，使用全市場相對強弱,融資連增但股價不漲,C,資料可信度偏低；部分資料不足,融資連增但股價不漲,True,RISK_REVIEW,投資風險：融資連增但股價不漲；資料不足：ETF_METADATA_MISSING；ETF metadata 資料不足；產業分類資料不足；缺少產業分類，使用全市場相對強弱；資料可信度偏低；資料不足,,有投資風險標籤，需降低優先度；非交易日，使用最近交易日資料。,WARNING,2026-06-01,2026-06-01,2026-06-01,no trading data,0,False,CURRENT,mixed,市場事件資料不足，採中性處理；基本面資料不足，採中性分數；估值資料不足，採中性分數,116.35,,,,,,,,無重大事件資料 原始技術總分 82.53；ETF 不適用一般 EPS / ROE 公司財報檢查；無重大事件資料；三大法人籌碼中性；融資連增但股價不漲；個股 20 日強於大盤；短線相對強勢；缺少產業分類，使用全市場相對強弱；ETF_METADATA_MISSING 收盤價高於 20 日均線；收盤價高於 60 日均線；20 日均線高於 60 日均線；20 日均線斜率為正；收盤價接近 20 日高點；20 日報酬為正且具動能；5 日短線動能為正；成交量高於 20 日均量；基本面資料不足，採中性分數；籌碼資料不足，採中性分數,,0.0,50.0,50.0,90.1,50.0,61.52,50.0,38.48,有投資風險標籤，需降低優先度,1,1,通過資料品質、停損、部位、流動性與波動檢查,收盤價高於 20 日均線；收盤價高於 60 日均線；20 日均線高於 60 日均線；20 日均線斜率為正；收盤價接近 20 日高點；20 日報酬為正且具動能；5 日短線動能為正；成交量高於 20 日均量；基本面資料不足，採中性分數；籌碼資料不足，採中性分數,108.21,0.1
6,2026-06-01,8104,錸寶,41.5,82.45,82.45,61.2,原始技術總分 82.45；月營收年增率低於 -20%；PB 相對合理；無重大事件資料；三大法人籌碼中性；融資連增但股價不漲；個股 20 日強於大盤；短線相對強勢；nan,100.0,100.0,32.0,50.0,83.0,40.0,50.0,75.0,78.0,32.0,283433.0,-24.452517778512256,16.28115923002445,-34.26790926003825,202604,202606,202604,OK_WITH_FALLBACK,neutral,False,月營收 YoY 明顯衰退,月營收年增率低於 -20%,月營收年增率低於 -20%,55.0,,1.52,0.49,TWSE OpenAPI BWIBBU_ALL,OK,PB 相對合理,PE 為空或負值,40.0,-0.39,,18.7667,-3.5106,,TWSE OpenAPI t187ap06_L_ci,OK,115Q1,,EPS 為負,50.0,無重大事件資料,NONE,,,False,50.0,-511474.0,0.0,0.0,-509474.0,0,0,,,三大法人籌碼中性,4779.0,258.0,69.0,15.0,,,,,False,,False,,,,光電業,光電業,twse,industry_relative,0.1559888579387187,0.2011577424023156,0.0316782190131192,0.0702184336009229,0.0236495804561308,0.1193315952756458,0.1323392774825879,0.0818261471266698,200.0,個股 20 日強於大盤；短線相對強勢；nan,nan,2286988.45,89863078.35,7200896.0,301219439.0,3.3519821992610384,,nan,80.0,,,,,,,,相對強勢；短線相對強勢；產業 / 相對強弱偏強；流動性佳,融資連增但股價不漲；PE 為空或負值；EPS 為負；月營收 YoY 明顯衰退,未通過既有風控,20 日相對強勢；5 日相對強勢；動能分數偏強,融資連增但股價不漲；PE 為空或負值；EPS 為負；月營收 YoY 明顯衰退；未通過既有風控,,融資連增但股價不漲；PE 為空或負值；EPS 為負；月營收 YoY 明顯衰退,D,未通過既有風控,融資連增但股價不漲；PE 為空或負值；EPS 為負；月營收 YoY 明顯衰退；未通過既有風控,True,RISK_REVIEW,投資風險：融資連增但股價不漲；PE 為空或負值；EPS 為負；月營收 YoY 明顯衰退；未通過既有風控,,有投資風險標籤，需降低優先度；非交易日，使用最近交易日資料。,WARNING,2026-06-01,2026-06-01,2026-06-01,no trading data,0,False,CURRENT,mixed,市場事件資料不足，採中性處理,41.5,,,,1.52,0.49,-24.452517778512256,,無重大事件資料 原始技術總分 82.45；月營收年增率低於 -20%；PB 相對合理；無重大事件資料；三大法人籌碼中性；融資連增但股價不漲；個股 20 日強於大盤；短線相對強勢；nan 收盤價高於 20 日均線；收盤價高於 60 日均線；20 日均線高於 60 日均線；20 日均線斜率為正；收盤價接近 20 日高點；20 日報酬為正且具動能；5 日短線動能為正；成交量高於 20 日均量；基本面資料不足，採中性分數；籌碼資料不足，採中性分數,,0.0,38.0,56.0,100.0,50.0,63.45,90.0,36.55,有投資風險標籤，需降低優先度,1,0,投資組合總曝險超過上限,收盤價高於 20 日均線；收盤價高於 60 日均線；20 日均線高於 60 日均線；20 日均線斜率為正；收盤價接近 20 日高點；20 日報酬為正且具動能；5 日短線動能為正；成交量高於 20 日均量；基本面資料不足，採中性分數；籌碼資料不足，採中性分數,38.18,0.0
7,2026-06-01,1563,巧新,69.9,82.45,82.45,65.41,原始技術總分 82.45；月營收 YoY 正成長；PE 過高扣分；PB 相對合理；殖利率穩定；EPS 為正；無重大事件資料；三大法人籌碼中性；融資連增但股價不漲；個股 20 日強於大盤；短線相對強勢；nan；注意股,100.0,100.0,58.0,50.0,83.0,40.0,35.0,92.0,78.0,58.0,595372.0,5.74221060278026,-11.92669779111119,-0.5630962394021475,202604,202606,202604,OK_WITH_FALLBACK,neutral,False,,月營收 YoY 正成長,月營收 YoY 正成長,46.0,151.59,1.76,3.0,TWSE OpenAPI BWIBBU_ALL,OK,PE 過高扣分；PB 相對合理；殖利率穩定,PE 偏高,56.0,0.6,,22.0054,8.7159,,TWSE OpenAPI t187ap06_L_ci,OK,115Q1,EPS 為正,,50.0,無重大事件資料,MEDIUM,,,False,50.0,1001140.0,0.0,0.0,991336.0,1,0,,,三大法人籌碼中性,3573.0,714.0,70.0,19.0,,,,,True,最近六個營業日累積收盤價漲幅達43.62%﹝第一款﹞。且06月01日之成交量為最近六十個營業日日平均成交量之6.68倍﹝第三款﹞。,False,,,nan,汽車工業,汽車工業,manual,industry_relative,0.5195652173913046,0.6623067776456601,0.0316782190131192,0.0702184336009229,0.0679720074690066,0.066952918075293,0.4515932099222979,0.5953538595703671,21.0,個股 20 日強於大盤；短線相對強勢；nan,nan,2170537.65,127395149.55,7979932.0,537419240.0,4.21852199160121,,nan,90.0,,,,,,,,相對強勢；短線相對強勢；產業 / 相對強弱偏強；營收動能正向；流動性佳,融資連增但股價不漲；PE 偏高,未通過既有風控；注意股,20 日相對強勢；5 日相對強勢；動能分數偏強,融資連增但股價不漲；PE 偏高；未通過既有風控；注意股,,融資連增但股價不漲；PE 偏高,D,未通過既有風控,融資連增但股價不漲；PE 偏高；未通過既有風控,True,RISK_REVIEW,投資風險：融資連增但股價不漲；PE 偏高；未通過既有風控,,有投資風險標籤，需降低優先度；非交易日，使用最近交易日資料。,OK,2026-06-01,2026-06-01,2026-06-01,no trading data,0,False,CURRENT,mixed,,69.9,,,151.59,1.76,3.0,5.74221060278026,,無重大事件資料 原始技術總分 82.45；月營收 YoY 正成長；PE 過高扣分；PB 相對合理；殖利率穩定；EPS 為正；無重大事件資料；三大法人籌碼中性；融資連增但股價不漲；個股 20 日強於大盤；短線相對強勢；nan；注意股 收盤價高於 20 日均線；收盤價高於 60 日均線；20 日均線高於 60 日均線；20 日均線斜率為正；收盤價接近 20 日高點；20 日報酬為正且具動能；5 日短線動能為正；成交量高於 20 日均量；基本面資料不足，採中性分數；籌碼資料不足，採中性分數,注意股,-25.0,62.0,41.0,100.0,50.0,64.78,100.0,40.22,有投資風險標籤，需降低優先度,1,0,投資組合總曝險超過上限,收盤價高於 20 日均線；收盤價高於 60 日均線；20 日均線高於 60 日均線；20 日均線斜率為正；收盤價接近 20 日高點；20 日報酬為正且具動能；5 日短線動能為正；成交量高於 20 日均量；基本面資料不足，採中性分數；籌碼資料不足，採中性分數,64.31,0.0
8,2026-06-01,8454,富邦媒,241.5,82.45,82.45,66.51,原始技術總分 82.45；月營收 YoY 正成長；PB 過高扣分；殖利率穩定；EPS 為正；無重大事件資料；三大法人籌碼中性；信用交易結構中性；個股 20 日強於大盤；短線相對強勢；nan,100.0,100.0,58.0,50.0,83.0,50.0,50.0,92.0,78.0,58.0,8280847.0,1.3234449482091937,-9.418346968597962,0.8574016851601092,202604,202606,202604,OK_WITH_FALLBACK,neutral,False,,月營收 YoY 正成長,月營收 YoY 正成長,45.0,22.04,5.91,4.33,TWSE OpenAPI BWIBBU_ALL,OK,PB 過高扣分；殖利率穩定,PB 偏高,56.0,2.43,,9.0531,2.965,,TWSE OpenAPI t187ap06_L_ci,OK,115Q1,EPS 為正,,50.0,無重大事件資料,NONE,,,False,50.0,-919991.0,0.0,0.0,-970852.0,0,0,,,三大法人籌碼中性,1401.0,-172.0,7.0,-1.0,,,,,False,,False,,,,數位雲端,數位雲端,twse,industry_relative,0.2845744680851063,0.2777777777777777,0.0316782190131192,0.0702184336009229,0.057592903142598,0.13464582987158,0.2269815649425082,0.1431319479061976,116.0,個股 20 日強於大盤；短線相對強勢；nan,nan,1264520.8,268760715.65,6217906.0,1541641576.0,5.736112036580671,,nan,90.0,,,,,,,,相對強勢；短線相對強勢；產業 / 相對強弱偏強；營收動能正向；流動性佳,PB 偏高,,20 日相對強勢；5 日相對強勢；動能分數偏強,PB 偏高；PB 過高,,PB 偏高,C,資料可信度偏低,PB 偏高,True,RISK_REVIEW,投資風險：PB 偏高；資料不足：資料可信度偏低,,有投資風險標籤，需降低優先度；非交易日，使用最近交易日資料。,WARNING,2026-06-01,2026-06-01,2026-06-01,no trading data,0,False,CURRENT,mixed,市場事件資料不足，採中性處理,241.5,,,22.04,5.91,4.33,1.3234449482091937,,無重大事件資料 原始技術總分 82.45；月營收 YoY 正成長；PB 過高扣分；殖利率穩定；EPS 為正；無重大事件資料；三大法人籌碼中性；信用交易結構中性；個股 20 日強於大盤；短線相對強勢；nan 收盤價高於 20 日均線；收盤價高於 60 日均線；20 日均線高於 60 日均線；20 日均線斜率為正；收盤價接近 20 日高點；20 日報酬為正且具動能；5 日短線動能為正；成交量高於 20 日均量；基本面資料不足，採中性分數；籌碼資料不足，採中性分數,,0.0,62.0,43.0,100.0,50.0,66.6,90.0,33.4,有投資風險標籤，需降低優先度,1,1,通過資料品質、停損、部位、流動性與波動檢查,收盤價高於 20 日均線；收盤價高於 60 日均線；20 日均線高於 60 日均線；20 日均線斜率為正；收盤價接近 20 日高點；20 日報酬為正且具動能；5 日短線動能為正；成交量高於 20 日均量；基本面資料不足，採中性分數；籌碼資料不足，採中性分數,222.18,0.1
9,2026-06-01,7765,中華資安,271.0,82.28,82.28,66.93,原始技術總分 82.28；月營收年增率大於 20%；累計營收 YoY 大於 10%；殖利率穩定；EPS 為正；無重大事件資料；三大法人籌碼中性；融資連增但股價不漲；短線相對強勢；產業強但個股較弱，列入觀察；nan,100.0,89.11,80.0,50.0,100.0,40.0,50.0,60.0,50.0,80.0,245804.0,75.03168748308813,10.11293335543321,28.436327862661106,202604,202606,202604,OK_WITH_FALLBACK,neutral,False,,月營收年增率大於 20%；累計營收 YoY 大於 10%,月營收年增率大於 20%；累計營收 YoY 大於 10%,55.0,22.32,4.58,3.91,TWSE OpenAPI BWIBBU_ALL,OK,殖利率穩定,,56.0,3.38,,49.0297,27.5422,,TWSE OpenAPI t187ap06_L_ci,OK,115Q1,EPS 為正,,50.0,無重大事件資料,NONE,,,False,50.0,-33772.0,0.0,0.0,-49392.0,0,0,,,三大法人籌碼中性,441.0,63.0,0.0,0.0,,,,,False,,False,,,,數位雲端,數位雲端,twse,industry_relative,0.1016260162601625,0.1106557377049179,0.0316782190131192,0.0702184336009229,0.057592903142598,0.13464582987158,0.0440331131175644,-0.023990092166662,673.0,短線相對強勢；產業強但個股較弱，列入觀察；nan,nan,132765.3,33166324.8,449068.0,120406450.0,3.6303826464366047,,nan,65.0,,,,,,,,短線相對強勢；營收動能正向,融資連增但股價不漲,未通過既有風控,5 日相對強勢；動能分數偏強,融資連增但股價不漲；未通過既有風控,,融資連增但股價不漲,D,未通過既有風控,融資連增但股價不漲；未通過既有風控,True,RISK_REVIEW,投資風險：融資連增但股價不漲；未通過既有風控,,有投資風險標籤，需降低優先度；非交易日，使用最近交易日資料。,WARNING,2026-06-01,2026-06-01,2026-06-01,no trading data,0,False,CURRENT,mixed,市場事件資料不足，採中性處理,271.0,,,22.32,4.58,3.91,75.03168748308813,,無重大事件資料 原始技術總分 82.28；月營收年增率大於 20%；累計營收 YoY 大於 10%；殖利率穩定；EPS 為正；無重大事件資料；三大法人籌碼中性；融資連增但股價不漲；短線相對強勢；產業強但個股較弱，列入觀察；nan 收盤價高於 20 日均線；收盤價高於 60 日均線；20 日均線高於 60 日均線；20 日均線斜率為正；收盤價接近 20 日高點；20 日報酬為正且具動能；5 日短線動能為正；成交量高於 20 日均量；基本面資料不足，採中性分數；籌碼資料不足，採中性分數,,0.0,62.0,55.0,89.11,50.0,62.62,90.0,37.38,有投資風險標籤，需降低優先度,1,0,投資組合總曝險超過上限,收盤價高於 20 日均線；收盤價高於 60 日均線；20 日均線高於 60 日均線；20 日均線斜率為正；收盤價接近 20 日高點；20 日報酬為正且具動能；5 日短線動能為正；成交量高於 20 日均量；基本面資料不足，採中性分數；籌碼資料不足，採中性分數,255.86,0.0
10,2026-06-01,8473,山林水,55.4,82.15,82.15,67.53,原始技術總分 82.15；月營收 YoY 正成長；累計營收 YoY 大於 10%；PB 相對合理；殖利率穩定；EPS 為正；無重大事件資料；三大法人籌碼中性；融資連增但股價不漲；個股 20 日強於大盤；短線相對強勢；nan；注意股,99.0,100.0,70.0,50.0,83.0,40.0,35.0,75.0,78.0,70.0,343710.0,19.775858043427505,-47.01899984893841,12.181010328535326,202604,202606,202604,OK_WITH_FALLBACK,neutral,False,,月營收 YoY 正成長；累計營收 YoY 大於 10%,月營收 YoY 正成長；累計營收 YoY 大於 10%,60.0,17.68,1.29,3.73,TWSE OpenAPI BWIBBU_ALL,OK,PB 相對合理；殖利率穩定,,56.0,1.23,,32.8714,26.678,,TWSE OpenAPI t187ap06_L_ci,OK,115Q1,EPS 為正,,50.0,無重大事件資料,MEDIUM,,,False,50.0,-841220.0,0.0,0.0,-798172.0,0,0,,,三大法人籌碼中性,1796.0,134.0,365.0,118.0,,,,,True,最近六個營業日累積收盤價漲幅達34.35%﹝第一款﹞。且06月01日之成交量為最近六十個營業日日平均成交量之5.71倍﹝第三款﹞。且06月01日元大證券商買進之比率為45.77%﹝第五款﹞。,False,,,nan,綠能環保,綠能環保,twse,industry_relative,0.3159144893111638,0.5649717514124295,0.0316782190131192,0.0702184336009229,0.039530857980797,0.0284478395394084,0.2763836313303667,0.5365239118730211,23.0,個股 20 日強於大盤；短線相對強勢；nan,nan,1983801.1,86647917.6,6381007.0,340228337.0,3.926561034860923,,nan,80.0,,,,,,,,相對強勢；短線相對強勢；產業 / 相對強弱偏強；營收動能正向；流動性佳,融資連增但股價不漲,未通過既有風控；注意股,20 日相對強勢；5 日相對強勢；動能分數偏強,融資連增但股價不漲；未通過既有風控；注意股,,融資連增但股價不漲,D,未通過既有風控,融資連增但股價不漲；未通過既有風控,True,RISK_REVIEW,投資風險：融資連增但股價不漲；未通過既有風控,,有投資風險標籤，需降低優先度；非交易日，使用最近交易日資料。,OK,2026-06-01,2026-06-01,2026-06-01,no trading data,0,False,CURRENT,mixed,,55.4,,,17.68,1.29,3.73,19.775858043427505,,無重大事件資料 原始技術總分 82.15；月營收 YoY 正成長；累計營收 YoY 大於 10%；PB 相對合理；殖利率穩定；EPS 為正；無重大事件資料；三大法人籌碼中性；融資連增但股價不漲；個股 20 日強於大盤；短線相對強勢；nan；注意股 收盤價高於 20 日均線；收盤價高於 60 日均線；20 日均線高於 60 日均線；20 日均線斜率為正；20 日報酬為正且具動能；5 日短線動能為正；成交量高於 20 日均量；基本面資料不足，採中性分數；籌碼資料不足，採中性分數,注意股,-25.0,62.0,73.0,100.0,50.0,67.12,100.0,37.88,有投資風險標籤，需降低優先度,1,0,投資組合總曝險超過上限,收盤價高於 20 日均線；收盤價高於 60 日均線；20 日均線高於 60 日均線；20 日均線斜率為正；20 日報酬為正且具動能；5 日短線動能為正；成交量高於 20 日均量；基本面資料不足，採中性分數；籌碼資料不足，採中性分數,50.97,0.0
11,2026-06-01,6770,力積電,87.0,82.15,82.15,66.46,原始技術總分 82.15；月營收年增率大於 20%；累計營收 YoY 大於 10%；PE 過高扣分；EPS 為正；無重大事件資料；三大法人籌碼中性；融資連增但股價不漲；融資使用偏高；個股 20 日強於大盤；短線相對強勢；nan；注意股,99.0,100.0,80.0,50.0,83.0,32.0,35.0,92.0,78.0,80.0,5045881.0,32.463827544095274,6.640323673484398,24.73993228337003,202604,202606,202604,OK_WITH_FALLBACK,neutral,False,,月營收年增率大於 20%；累計營收 YoY 大於 10%,月營收年增率大於 20%；累計營收 YoY 大於 10%,36.0,50.11,3.9,,TWSE OpenAPI BWIBBU_ALL,OK,PE 過高扣分,PE 偏高,56.0,3.36,,10.2282,104.816,,TWSE OpenAPI t187ap06_L_ci,OK,115Q1,EPS 為正,,50.0,無重大事件資料,MEDIUM,,,False,50.0,-158205128.0,199000.0,0.0,-165279739.0,0,1,,,三大法人籌碼中性,169822.0,4183.0,8784.0,-1238.0,,,,,True,最近六個營業日累積收盤價漲幅達32.20%﹝第一款﹞。且06月01日之週轉率為18.01%﹝第四款﹞。,False,,,nan,半導體業,半導體業,manual,industry_relative,0.2869822485207101,0.4974182444061961,0.0316782190131192,0.0702184336009229,0.0171744658461068,0.1576205503447849,0.2698077826746032,0.3397976940614111,43.0,個股 20 日強於大盤；短線相對強勢；nan,nan,311969469.3,22562837719.95,770941542.0,69440101937.0,3.077631581580771,,nan,90.0,,,,,,,,相對強勢；短線相對強勢；產業 / 相對強弱偏強；營收動能正向；流動性佳,融資連增但股價不漲；融資使用偏高；PE 偏高,未通過既有風控；注意股,20 日相對強勢；5 日相對強勢；動能分數偏強,融資連增但股價不漲；融資使用偏高；PE 偏高；未通過既有風控；注意股,,融資連增但股價不漲；融資使用偏高；PE 偏高,D,未通過既有風控,融資連增但股價不漲；融資使用偏高；PE 偏高；未通過既有風控,True,RISK_REVIEW,投資風險：融資連增但股價不漲；融資使用偏高；PE 偏高；未通過既有風控,,有投資風險標籤，需降低優先度；非交易日，使用最近交易日資料。,OK,2026-06-01,2026-06-01,2026-06-01,no trading data,0,False,CURRENT,mixed,,87.0,,,50.11,3.9,,32.463827544095274,,無重大事件資料 原始技術總分 82.15；月營收年增率大於 20%；累計營收 YoY 大於 10%；PE 過高扣分；EPS 為正；無重大事件資料；三大法人籌碼中性；融資連增但股價不漲；融資使用偏高；個股 20 日強於大盤；短線相對強勢；nan；注意股 收盤價高於 20 日均線；收盤價高於 60 日均線；20 日均線高於 60 日均線；20 日均線斜率為正；20 日報酬為正且具動能；5 日短線動能為正；成交量高於 20 日均量；基本面資料不足，採中性分數；籌碼資料不足，採中性分數,注意股,-25.0,62.0,30.0,100.0,50.0,63.67,100.0,41.33,有投資風險標籤，需降低優先度,1,0,投資組合總曝險超過上限,收盤價高於 20 日均線；收盤價高於 60 日均線；20 日均線高於 60 日均線；20 日均線斜率為正；20 日報酬為正且具動能；5 日短線動能為正；成交量高於 20 日均量；基本面資料不足，採中性分數；籌碼資料不足，採中性分數,80.04,0.0
12,2026-06-01,6698,旭暉應材,39.5,82.0,82.0,59.99,原始技術總分 82.0；月營收年增率低於 -20%；無重大事件資料；三大法人籌碼中性；融資連增但股價不漲；個股 20 日強於大盤；短線相對強勢；nan,100.0,98.21,32.0,50.0,83.0,40.0,50.0,60.0,78.0,32.0,45754.0,-44.63254958432663,-10.36009560753889,-20.55471209866202,202604,202606,202604,OK_WITH_FALLBACK,neutral,False,月營收 YoY 明顯衰退,月營收年增率低於 -20%,月營收年增率低於 -20%,50.0,,2.31,1.33,TWSE OpenAPI BWIBBU_ALL,OK,,PE 為空或負值,40.0,-0.35,,20.5601,-16.4712,,TWSE OpenAPI t187ap06_L_ci,OK,115Q1,,EPS 為負,50.0,無重大事件資料,NONE,,,False,50.0,84000.0,0.0,0.0,86089.0,1,0,,,三大法人籌碼中性,2183.0,107.0,57.0,30.0,,,,,False,,False,,,,其他電子業,其他電子業,twse,industry_relative,0.1350574712643679,0.2887438825448614,0.0316782190131192,0.0702184336009229,0.0131149112930293,0.0785271517493619,0.1219425599713386,0.2102167307954994,81.0,個股 20 日強於大盤；短線相對強勢；nan,nan,1089086.35,38461144.4,3294169.0,131530411.0,3.41982572416644,,nan,65.0,,,,,,,,相對強勢；短線相對強勢；產業 / 相對強弱偏強,融資連增但股價不漲；PE 為空或負值；EPS 為負；月營收 YoY 明顯衰退,未通過既有風控,20 日相對強勢；5 日相對強勢；動能分數偏強,融資連增但股價不漲；PE 為空或負值；EPS 為負；月營收 YoY 明顯衰退；未通過既有風控,,融資連增但股價不漲；PE 為空或負值；EPS 為負；月營收 YoY 明顯衰退,D,未通過既有風控,融資連增但股價不漲；PE 為空或負值；EPS 為負；月營收 YoY 明顯衰退；未通過既有風控,True,RISK_REVIEW,投資風險：融資連增但股價不漲；PE 為空或負值；EPS 為負；月營收 YoY 明顯衰退；未通過既有風控,,有投資風險標籤，需降低優先度；非交易日，使用最近交易日資料。,WARNING,2026-06-01,2026-06-01,2026-06-01,no trading data,0,False,CURRENT,mixed,市場事件資料不足，採中性處理,39.5,,,,2.31,1.33,-44.63254958432663,,無重大事件資料 原始技術總分 82.0；月營收年增率低於 -20%；無重大事件資料；三大法人籌碼中性；融資連增但股價不漲；個股 20 日強於大盤；短線相對強勢；nan 收盤價高於 20 日均線；收盤價高於 60 日均線；20 日均線高於 60 日均線；20 日均線斜率為正；收盤價接近 20 日高點；20 日報酬為正且具動能；5 日短線動能為正；成交量高於 20 日均量；基本面資料不足，採中性分數；籌碼資料不足，採中性分數,,0.0,38.0,50.0,98.21,50.0,61.74,90.0,38.26,有投資風險標籤，需降低優先度,1,0,投資組合總曝險超過上限,收盤價高於 20 日均線；收盤價高於 60 日均線；20 日均線高於 60 日均線；20 日均線斜率為正；收盤價接近 20 日高點；20 日報酬為正且具動能；5 日短線動能為正；成交量高於 20 日均量；基本面資料不足，採中性分數；籌碼資料不足，採中性分數,36.34,0.0
13,2026-06-01,8105,凌巨,19.3,81.62,81.62,63.76,原始技術總分 81.62；基本面資料中性；PE 過高扣分；PB 相對合理；EPS 為正；無重大事件資料；三大法人籌碼中性；融資明顯增加；融資連增但股價不漲；個股 20 日強於大盤；短線相對強勢；nan,100.0,96.69,50.0,50.0,83.0,32.0,50.0,92.0,78.0,50.0,688138.0,-4.559027695909482,-6.433449860154218,1.696377841037361,202604,202606,202604,OK_WITH_FALLBACK,neutral,False,,基本面資料中性,基本面資料中性,41.0,585.0,0.96,,TWSE OpenAPI BWIBBU_ALL,OK,PE 過高扣分；PB 相對合理,PE 偏高,56.0,0.43,,8.6602,0.5299,,TWSE OpenAPI t187ap06_L_ci,OK,115Q1,EPS 為正,,50.0,無重大事件資料,NONE,,,False,50.0,2516000.0,0.0,0.0,2560008.0,1,0,,,三大法人籌碼中性,11016.0,4125.0,170.0,40.0,,,融資明顯增加,,False,,False,,,,光電業,光電業,twse,industry_relative,0.1626506024096385,0.3935018050541516,0.0316782190131192,0.0702184336009229,0.0236495804561308,0.1193315952756458,0.1390010219535077,0.2741702097785058,59.0,個股 20 日強於大盤；短線相對強勢；nan,nan,10711209.35,177893542.75,20015423.0,379499720.0,2.1332967691431284,,nan,90.0,,,,,,,,相對強勢；短線相對強勢；產業 / 相對強弱偏強；流動性佳,融資連增但股價不漲；PE 偏高,未通過既有風控,20 日相對強勢；5 日相對強勢；動能分數偏強,融資連增但股價不漲；PE 偏高；未通過既有風控,,融資連增但股價不漲；PE 偏高,D,未通過既有風控,融資連增但股價不漲；PE 偏高；未通過既有風控,True,RISK_REVIEW,投資風險：融資連增但股價不漲；PE 偏高；未通過既有風控,,有投資風險標籤，需降低優先度；非交易日，使用最近交易日資料。,WARNING,2026-06-01,2026-06-01,2026-06-01,no trading data,0,False,CURRENT,mixed,市場事件資料不足，採中性處理,19.3,,,585.0,0.96,,-4.559027695909482,,無重大事件資料 原始技術總分 81.62；基本面資料中性；PE 過高扣分；PB 相對合理；EPS 為正；無重大事件資料；三大法人籌碼中性；融資明顯增加；融資連增但股價不漲；個股 20 日強於大盤；短線相對強勢；nan 收盤價高於 20 日均線；收盤價高於 60 日均線；20 日均線高於 60 日均線；20 日均線斜率為正；收盤價接近 20 日高點；20 日報酬為正且具動能；5 日短線動能為正；成交量高於 20 日均量；基本面資料不足，採中性分數；籌碼資料不足，採中性分數,,0.0,38.0,36.0,96.69,50.0,61.64,90.0,38.36,有投資風險標籤，需降低優先度,1,0,投資組合總曝險超過上限,收盤價高於 20 日均線；收盤價高於 60 日均線；20 日均線高於 60 日均線；20 日均線斜率為正；收盤價接近 20 日高點；20 日報酬為正且具動能；5 日短線動能為正；成交量高於 20 日均量；基本面資料不足，採中性分數；籌碼資料不足，採中性分數,17.76,0.0
14,2026-06-01,4545,銘鈺,42.05,80.95,80.95,65.88,原始技術總分 80.95；月營收年增率大於 20%；PB 相對合理；EPS 為正；無重大事件資料；三大法人籌碼中性；融資連增但股價不漲；個股 20 日強於大盤；短線相對強勢；nan,99.0,100.0,68.0,50.0,75.0,40.0,50.0,50.0,78.0,68.0,222618.0,22.601857053167237,41.364508058268456,-3.388770660332933,202604,202606,202604,OK_WITH_FALLBACK,neutral,False,,月營收年增率大於 20%,月營收年增率大於 20%,55.0,,1.53,0.34,TWSE OpenAPI BWIBBU_ALL,OK,PB 相對合理,PE 為空或負值,56.0,0.21,,15.2276,0.5588,,TWSE OpenAPI t187ap06_L_ci,OK,115Q1,EPS 為正,,50.0,無重大事件資料,NONE,,,False,50.0,91535.0,0.0,0.0,94995.0,1,0,,,三大法人籌碼中性,1445.0,178.0,5.0,-2.0,,,,,False,,False,,,,電子零組件業,電子零組件業,twse,industry_relative,0.2665662650602407,0.3719412724306687,0.0316782190131192,0.0702184336009229,0.0476872710230657,0.1847429465630907,0.2188789940371749,0.187198325867578,86.0,個股 20 日強於大盤；短線相對強勢；nan,nan,398228.25,14083153.4,1086731.0,44607216.0,3.1674167519896503,,nan,50.0,,,,,,,,相對強勢；短線相對強勢；產業 / 相對強弱偏強；營收動能正向,融資連增但股價不漲；流動性偏低；PE 為空或負值,未通過既有風控,20 日相對強勢；5 日相對強勢；動能分數偏強,融資連增但股價不漲；流動性偏低；PE 為空或負值；未通過既有風控,,融資連增但股價不漲；流動性偏低；PE 為空或負值,D,未通過既有風控,融資連增但股價不漲；流動性偏低；PE 為空或負值；未通過既有風控,True,RISK_REVIEW,投資風險：融資連增但股價不漲；流動性偏低；PE 為空或負值；未通過既有風控,,有投資風險標籤，需降低優先度；非交易日，使用最近交易日資料。,WARNING,2026-06-01,2026-06-01,2026-06-01,no trading data,0,False,CURRENT,mixed,市場事件資料不足，採中性處理,42.05,,,,1.53,0.34,22.601857053167237,,無重大事件資料 原始技術總分 80.95；月營收年增率大於 20%；PB 相對合理；EPS 為正；無重大事件資料；三大法人籌碼中性；融資連增但股價不漲；個股 20 日強於大盤；短線相對強勢；nan 收盤價高於 20 日均線；收盤價高於 60 日均線；20 日均線高於 60 日均線；20 日均線斜率為正；20 日報酬為正且具動能；5 日短線動能為正；成交量高於 20 日均量；基本面資料不足，採中性分數；籌碼資料不足，採中性分數,,0.0,62.0,56.0,100.0,50.0,65.8,90.0,34.2,有投資風險標籤，需降低優先度,1,0,投資組合總曝險超過上限,收盤價高於 20 日均線；收盤價高於 60 日均線；20 日均線高於 60 日均線；20 日均線斜率為正；20 日報酬為正且具動能；5 日短線動能為正；成交量高於 20 日均量；基本面資料不足，採中性分數；籌碼資料不足，採中性分數,38.69,0.0
15,2026-06-01,6277,宏正,81.0,80.89,80.89,63.74,原始技術總分 80.89；月營收 YoY 正成長；PB 相對合理；殖利率穩定；EPS 為正；無重大事件資料；三大法人籌碼中性；融資連增但股價不漲；產業強但個股較弱，列入觀察；nan,100.0,83.57,58.0,50.0,100.0,40.0,50.0,60.0,36.0,58.0,439785.0,12.516406004149792,-1.272412577757923,8.611500384816905,202604,202606,202604,OK_WITH_FALLBACK,neutral,False,,月營收 YoY 正成長,月營收 YoY 正成長,60.0,24.0,2.0,4.49,TWSE OpenAPI BWIBBU_ALL,OK,PB 相對合理；殖利率穩定,,56.0,1.08,,60.228,14.4247,,TWSE OpenAPI t187ap06_L_ci,OK,115Q1,EPS 為正,,50.0,無重大事件資料,NONE,,,False,50.0,89050.0,0.0,0.0,88108.0,1,0,,,三大法人籌碼中性,468.0,34.0,0.0,0.0,,,,,False,,False,,,,電腦及週邊設備業,電腦及週邊設備業,twse,industry_relative,0.0384615384615385,0.1328671328671329,0.0316782190131192,0.0702184336009229,0.0633697372394142,0.1549879366330756,-0.0249081987778757,-0.0221208037659427,662.0,產業強但個股較弱，列入觀察；nan,nan,434994.4,32635938.3,871475.0,69846869.0,2.1401826525698517,,nan,65.0,,,,,,,,營收動能正向,產業弱勢；融資連增但股價不漲,未通過既有風控,動能分數偏強,產業弱勢；融資連增但股價不漲；未通過既有風控,,產業弱勢；融資連增但股價不漲,D,未通過既有風控,產業弱勢；融資連增但股價不漲；未通過既有風控,True,RISK_REVIEW,投資風險：產業弱勢；融資連增但股價不漲；未通過既有風控,,有投資風險標籤，需降低優先度；非交易日，使用最近交易日資料。,WARNING,2026-06-01,2026-06-01,2026-06-01,no trading data,0,False,CURRENT,mixed,市場事件資料不足，採中性處理,81.0,,,24.0,2.0,4.49,12.516406004149792,,無重大事件資料 原始技術總分 80.89；月營收 YoY 正成長；PB 相對合理；殖利率穩定；EPS 為正；無重大事件資料；三大法人籌碼中性；融資連增但股價不漲；產業強但個股較弱，列入觀察；nan 收盤價高於 20 日均線；收盤價高於 60 日均線；20 日均線高於 60 日均線；20 日均線斜率為正；收盤價接近 20 日高點；20 日報酬為正且具動能；5 日短線動能為正；成交量高於 20 日均量；基本面資料不足，採中性分數；籌碼資料不足，採中性分數,,0.0,62.0,61.0,83.57,50.0,61.41,90.0,38.59,有投資風險標籤，需降低優先度,1,0,投資組合總曝險超過上限,收盤價高於 20 日均線；收盤價高於 60 日均線；20 日均線高於 60 日均線；20 日均線斜率為正；收盤價接近 20 日高點；20 日報酬為正且具動能；5 日短線動能為正；成交量高於 20 日均量；基本面資料不足，採中性分數；籌碼資料不足，採中性分數,74.99,0.0
16,2026-06-01,00946,群益科技高息成長,15.32,80.67,80.67,64.05,原始技術總分 80.67；ETF 不適用一般 EPS / ROE 公司財報檢查；無重大事件資料；三大法人籌碼中性；融資連增但股價不漲；個股 20 日強於大盤；短線相對強勢；缺少產業分類，使用全市場相對強弱；ETF_METADATA_MISSING,100.0,82.68,50.0,50.0,100.0,40.0,50.0,92.0,78.0,50.0,,,,,,,,MISSING,neutral,False,,基本面資料不足，採中性分數,基本面資料不足，採中性分數,50.0,,,,,MISSING,估值資料不足，採中性分數,,50.0,,,,,,,MISSING,,財報資料不足，採中性分數,,50.0,無重大事件資料,NONE,,,False,50.0,-44000.0,0.0,0.0,-2528871.0,0,0,,,三大法人籌碼中性,1281.0,679.0,0.0,0.0,,,,,False,,False,,,,全市場,nan,nan,market_relative_fallback,0.0865248226950354,0.2265812650120096,0.0316782190131192,0.0702184336009229,0.0316782190131192,0.0702184336009229,0.0548466036819161,0.1563628314110866,107.0,個股 20 日強於大盤；短線相對強勢；缺少產業分類，使用全市場相對強弱,缺少產業分類，使用全市場相對強弱,7835525.45,106229886.85,9636439.0,147465513.0,1.3881734921569298,,nan,90.0,,,,,,,,相對強勢；短線相對強勢；產業 / 相對強弱偏強；流動性佳,融資連增但股價不漲,未通過既有風控,20 日相對強勢；5 日相對強勢；動能分數偏強,融資連增但股價不漲；未通過既有風控,ETF_METADATA_MISSING；ETF metadata 資料不足；產業分類資料不足；缺少產業分類，使用全市場相對強弱,融資連增但股價不漲,D,未通過既有風控,融資連增但股價不漲；未通過既有風控,True,RISK_REVIEW,投資風險：融資連增但股價不漲；未通過既有風控；資料不足：ETF_METADATA_MISSING；ETF metadata 資料不足；產業分類資料不足；缺少產業分類，使用全市場相對強弱,,有投資風險標籤，需降低優先度；非交易日，使用最近交易日資料。,WARNING,2026-06-01,2026-06-01,2026-06-01,no trading data,0,False,CURRENT,mixed,市場事件資料不足，採中性處理；基本面資料不足，採中性分數；估值資料不足，採中性分數,15.32,,,,,,,,無重大事件資料 原始技術總分 80.67；ETF 不適用一般 EPS / ROE 公司財報檢查；無重大事件資料；三大法人籌碼中性；融資連增但股價不漲；個股 20 日強於大盤；短線相對強勢；缺少產業分類，使用全市場相對強弱；ETF_METADATA_MISSING 收盤價高於 20 日均線；收盤價高於 60 日均線；20 日均線高於 60 日均線；20 日均線斜率為正；收盤價接近 20 日高點；20 日報酬為正且具動能；5 日短線動能為正；成交量高於 20 日均量；基本面資料不足，採中性分數；籌碼資料不足，採中性分數,,0.0,50.0,50.0,82.68,50.0,60.04,50.0,39.96,有投資風險標籤，需降低優先度,1,0,投資組合總曝險超過上限,收盤價高於 20 日均線；收盤價高於 60 日均線；20 日均線高於 60 日均線；20 日均線斜率為正；收盤價接近 20 日高點；20 日報酬為正且具動能；5 日短線動能為正；成交量高於 20 日均量；基本面資料不足，採中性分數；籌碼資料不足，採中性分數,14.47,0.0
17,2026-06-01,00757,統一FANG+,137.9,80.4,80.4,63.32,原始技術總分 80.4；ETF 不適用一般 EPS / ROE 公司財報檢查；無重大事件資料；三大法人籌碼中性；融資連增但股價不漲；個股 20 日強於大盤；短線相對強勢；缺少產業分類，使用全市場相對強弱；ETF_METADATA_MISSING,100.0,81.59,50.0,50.0,100.0,40.0,50.0,92.0,68.0,50.0,,,,,,,,MISSING,neutral,False,,基本面資料不足，採中性分數,基本面資料不足，採中性分數,50.0,,,,,MISSING,估值資料不足，採中性分數,,50.0,,,,,,,MISSING,,財報資料不足，採中性分數,,50.0,無重大事件資料,NONE,,,False,50.0,1338715.0,0.0,0.0,-1004349.0,1,0,,,三大法人籌碼中性,446.0,26.0,7.0,0.0,,,,,False,,False,,,,全市場,nan,nan,market_relative_fallback,0.0648648648648648,0.1107531212243253,0.0316782190131192,0.0702184336009229,0.0316782190131192,0.0702184336009229,0.0331866458517455,0.0405346876234024,314.0,個股 20 日強於大盤；短線相對強勢；缺少產業分類，使用全市場相對強弱,缺少產業分類，使用全市場相對強弱,2434481.3,314165150.95,4592931.0,632280083.0,2.012572308189041,,nan,90.0,,,,,,,,相對強勢；短線相對強勢；產業 / 相對強弱偏強；流動性佳,融資連增但股價不漲,未通過既有風控,20 日相對強勢；5 日相對強勢；動能分數偏強,融資連增但股價不漲；未通過既有風控,ETF_METADATA_MISSING；ETF metadata 資料不足；產業分類資料不足；缺少產業分類，使用全市場相對強弱,融資連增但股價不漲,D,未通過既有風控,融資連增但股價不漲；未通過既有風控,True,RISK_REVIEW,投資風險：融資連增但股價不漲；未通過既有風控；資料不足：ETF_METADATA_MISSING；ETF metadata 資料不足；產業分類資料不足；缺少產業分類，使用全市場相對強弱,,有投資風險標籤，需降低優先度；非交易日，使用最近交易日資料。,WARNING,2026-06-01,2026-06-01,2026-06-01,no trading data,0,False,CURRENT,mixed,市場事件資料不足，採中性處理；基本面資料不足，採中性分數；估值資料不足，採中性分數,137.9,,,,,,,,無重大事件資料 原始技術總分 80.4；ETF 不適用一般 EPS / ROE 公司財報檢查；無重大事件資料；三大法人籌碼中性；融資連增但股價不漲；個股 20 日強於大盤；短線相對強勢；缺少產業分類，使用全市場相對強弱；ETF_METADATA_MISSING 收盤價高於 20 日均線；收盤價高於 60 日均線；20 日均線高於 60 日均線；20 日均線斜率為正；收盤價接近 20 日高點；20 日報酬為正且具動能；5 日短線動能為正；成交量高於 20 日均量；基本面資料不足，採中性分數；籌碼資料不足，採中性分數,,0.0,50.0,50.0,81.59,50.0,59.32,50.0,40.68,有投資風險標籤，需降低優先度,1,0,投資組合總曝險超過上限,收盤價高於 20 日均線；收盤價高於 60 日均線；20 日均線高於 60 日均線；20 日均線斜率為正；收盤價接近 20 日高點；20 日報酬為正且具動能；5 日短線動能為正；成交量高於 20 日均量；基本面資料不足，採中性分數；籌碼資料不足，採中性分數,134.44,0.0
18,2026-06-01,6706,惠特,216.5,80.3,80.3,60.55,原始技術總分 80.3；月營收年增率低於 -20%；無重大事件資料；三大法人籌碼中性；融資連增但股價不漲；個股 20 日強於大盤；短線相對強勢；nan,100.0,91.39,32.0,50.0,83.0,40.0,50.0,92.0,78.0,32.0,53989.0,-41.83849352552087,-2.715511027821825,-58.3015021710152,202604,202606,202604,OK_WITH_FALLBACK,neutral,False,月營收 YoY 明顯衰退,月營收年增率低於 -20%,月營收年增率低於 -20%,50.0,,4.29,,TWSE OpenAPI BWIBBU_ALL,OK,,PE 為空或負值,40.0,-0.96,,-2.0091,-77.0928,,TWSE OpenAPI t187ap06_L_ci,OK,115Q1,,EPS 為負,50.0,無重大事件資料,NONE,,,False,50.0,-1027667.0,0.0,0.0,-952596.0,0,0,,,三大法人籌碼中性,13160.0,333.0,675.0,28.0,,,,,False,,False,,,,光電業,光電業,twse,industry_relative,0.2061281337047353,0.2886904761904763,0.0316782190131192,0.0702184336009229,0.0236495804561308,0.1193315952756458,0.1824785532486045,0.1693588809148304,100.0,個股 20 日強於大盤；短線相對強勢；nan,nan,10230031.2,1880813060.75,13702699.0,2943853116.0,1.565202399661186,,nan,90.0,,,,,,,,相對強勢；短線相對強勢；產業 / 相對強弱偏強；流動性佳,融資連增但股價不漲；PE 為空或負值；EPS 為負；月營收 YoY 明顯衰退,未通過既有風控,20 日相對強勢；5 日相對強勢；動能分數偏強,融資連增但股價不漲；PE 為空或負值；EPS 為負；月營收 YoY 明顯衰退；未通過既有風控,,融資連增但股價不漲；PE 為空或負值；EPS 為負；月營收 YoY 明顯衰退,D,未通過既有風控,融資連增但股價不漲；PE 為空或負值；EPS 為負；月營收 YoY 明顯衰退；未通過既有風控,True,RISK_REVIEW,投資風險：融資連增但股價不漲；PE 為空或負值；EPS 為負；月營收 YoY 明顯衰退；未通過既有風控,,有投資風險標籤，需降低優先度；非交易日，使用最近交易日資料。,WARNING,2026-06-01,2026-06-01,2026-06-01,no trading data,0,False,CURRENT,mixed,市場事件資料不足，採中性處理,216.5,,,,4.29,,-41.83849352552087,,無重大事件資料 原始技術總分 80.3；月營收年增率低於 -20%；無重大事件資料；三大法人籌碼中性；融資連增但股價不漲；個股 20 日強於大盤；短線相對強勢；nan 收盤價高於 20 日均線；收盤價高於 60 日均線；20 日均線高於 60 日均線；20 日均線斜率為正；收盤價接近 20 日高點；20 日報酬為正且具動能；5 日短線動能為正；成交量高於 20 日均量；基本面資料不足，採中性分數；籌碼資料不足，採中性分數,,0.0,38.0,50.0,91.39,50.0,61.98,90.0,38.02,有投資風險標籤，需降低優先度,1,0,投資組合總曝險超過上限,收盤價高於 20 日均線；收盤價高於 60 日均線；20 日均線高於 60 日均線；20 日均線斜率為正；收盤價接近 20 日高點；20 日報酬為正且具動能；5 日短線動能為正；成交量高於 20 日均量；基本面資料不足，採中性分數；籌碼資料不足，採中性分數,199.18,0.0
19,2026-06-01,00919,群益台灣精選高息,30.0,80.26,80.26,63.89,原始技術總分 80.26；ETF 不適用一般 EPS / ROE 公司財報檢查；無重大事件資料；三大法人籌碼中性；融資連增但股價不漲；個股 20 日強於大盤；短線相對強勢；缺少產業分類，使用全市場相對強弱；ETF_METADATA_MISSING,100.0,81.05,50.0,50.0,100.0,40.0,50.0,92.0,78.0,50.0,,,,,,,,MISSING,neutral,False,,基本面資料不足，採中性分數,基本面資料不足，採中性分數,50.0,,,,,MISSING,估值資料不足，採中性分數,,50.0,,,,,,,MISSING,,財報資料不足，採中性分數,,50.0,無重大事件資料,NONE,,,False,50.0,-14840064.0,0.0,0.0,-22339073.0,0,0,,,三大法人籌碼中性,11451.0,1371.0,165.0,8.0,,,,,False,,False,,,,全市場,nan,nan,market_relative_fallback,0.0921004732435384,0.204335608189482,0.0316782190131192,0.0702184336009229,0.0316782190131192,0.0702184336009229,0.0604222542304191,0.1341171745885591,119.0,個股 20 日強於大盤；短線相對強勢；缺少產業分類，使用全市場相對強弱,缺少產業分類，使用全市場相對強弱,140363016.4,3740395009.45,166925815.0,4973128575.0,1.3295730965407488,,nan,90.0,,,,,,,,相對強勢；短線相對強勢；產業 / 相對強弱偏強；流動性佳,融資連增但股價不漲,未通過既有風控,20 日相對強勢；5 日相對強勢；動能分數偏強,融資連增但股價不漲；未通過既有風控,ETF_METADATA_MISSING；ETF metadata 資料不足；產業分類資料不足；缺少產業分類，使用全市場相對強弱,融資連增但股價不漲,D,未通過既有風控,融資連增但股價不漲；未通過既有風控,True,RISK_REVIEW,投資風險：融資連增但股價不漲；未通過既有風控；資料不足：ETF_METADATA_MISSING；ETF metadata 資料不足；產業分類資料不足；缺少產業分類，使用全市場相對強弱,,有投資風險標籤，需降低優先度；非交易日，使用最近交易日資料。,WARNING,2026-06-01,2026-06-01,2026-06-01,no trading data,0,False,CURRENT,mixed,市場事件資料不足，採中性處理；基本面資料不足，採中性分數；估值資料不足，採中性分數,30.0,,,,,,,,無重大事件資料 原始技術總分 80.26；ETF 不適用一般 EPS / ROE 公司財報檢查；無重大事件資料；三大法人籌碼中性；融資連增但股價不漲；個股 20 日強於大盤；短線相對強勢；缺少產業分類，使用全市場相對強弱；ETF_METADATA_MISSING 收盤價高於 20 日均線；收盤價高於 60 日均線；20 日均線高於 60 日均線；20 日均線斜率為正；收盤價接近 20 日高點；20 日報酬為正且具動能；5 日短線動能為正；基本面資料不足，採中性分數；籌碼資料不足，採中性分數,,0.0,50.0,50.0,81.05,50.0,59.71,50.0,40.29,有投資風險標籤，需降低優先度,1,0,投資組合總曝險超過上限,收盤價高於 20 日均線；收盤價高於 60 日均線；20 日均線高於 60 日均線；20 日均線斜率為正；收盤價接近 20 日高點；20 日報酬為正且具動能；5 日短線動能為正；基本面資料不足，採中性分數；籌碼資料不足，採中性分數,28.75,0.0
20,2026-06-01,02001L,富邦蘋果正二N,179.35,80.16,80.16,61.46,原始技術總分 80.16；基本面資料不足，採中性分數；估值資料不足，採中性分數；財報資料不足，採中性分數；無重大事件資料；三大法人籌碼中性；信用交易與借券資料不足，採中性分數；基本面資料不足；估值資料不足；財報資料不足,100.0,95.65,50.0,50.0,75.0,50.0,50.0,50.0,50.0,50.0,,,,,,,,MISSING,neutral,False,,基本面資料不足，採中性分數,基本面資料不足，採中性分數,50.0,,,,,MISSING,估值資料不足，採中性分數,,50.0,,,,,,,MISSING,,財報資料不足，採中性分數,,50.0,無重大事件資料,NONE,,,False,50.0,0.0,0.0,0.0,-51000.0,0,0,,,三大法人籌碼中性,,,,,,,信用交易與借券資料不足，採中性分數,,False,,False,,,,ETN,特選大蘋果槓桿 ETN,twse_official_etn_list,industry_relative,0.1471058522545572,0.5401459854014599,0.0316782190131192,0.0702184336009229,0.1471058522545572,0.5401459854014599,0.0,0.0,521.0,nan,nan,101100.0,14999317.5,182000.0,33179550.0,2.212070649214539,,nan,50.0,,,,,,,,,流動性偏低,未通過既有風控,動能分數偏強,流動性偏低；未通過既有風控,基本面資料不足；估值資料不足；財報資料不足,流動性偏低,D,未通過既有風控,流動性偏低；未通過既有風控,True,RISK_REVIEW,投資風險：流動性偏低；未通過既有風控；資料不足：基本面資料不足；估值資料不足；財報資料不足,,有投資風險標籤，需降低優先度；非交易日，使用最近交易日資料。,WARNING,2026-06-01,2026-06-01,2026-06-01,no trading data,0,False,CURRENT,mixed,市場事件資料不足，採中性處理；基本面資料不足，採中性分數；估值資料不足，採中性分數,179.35,,,,,,,,無重大事件資料 原始技術總分 80.16；基本面資料不足，採中性分數；估值資料不足，採中性分數；財報資料不足，採中性分數；無重大事件資料；三大法人籌碼中性；信用交易與借券資料不足，採中性分數；基本面資料不足；估值資料不足；財報資料不足 收盤價高於 20 日均線；收盤價高於 60 日均線；20 日均線高於 60 日均線；20 日均線斜率為正；收盤價接近 20 日高點；20 日報酬為正且具動能；5 日短線動能為正；成交量高於 20 日均量；基本面資料不足，採中性分數；籌碼資料不足，採中性分數,,0.0,50.0,50.0,95.65,50.0,59.13,50.0,40.87,有投資風險標籤，需降低優先度,1,0,投資組合總曝險超過上限,收盤價高於 20 日均線；收盤價高於 60 日均線；20 日均線高於 60 日均線；20 日均線斜率為正；收盤價接近 20 日高點；20 日報酬為正且具動能；5 日短線動能為正；成交量高於 20 日均量；基本面資料不足，採中性分數；籌碼資料不足，採中性分數,165.0,0.0
