stock_id,stock_name,market_type,latest_relative_mode,fallback_reason,appear_in_candidates_count,appear_in_trading_decisions_count,appear_in_risk_pass_count,appear_in_position_review_count,appear_in_ai_enrichment_count,recent_appearance_count,liquidity_score,avg_volume,turnover_value,last_seen_date,priority_score,priority_level,suggested_action
00961,FT臺灣永續高息,ETF,market_relative_fallback,缺少產業分類，使用全市場相對強弱,2,2,2,0,2,8,75.0,7036085.15,234819717.0,2026-06-03,24,HIGH,優先查證並補產業分類
00916,國泰全球品牌50,ETF,market_relative_fallback,缺少產業分類，使用全市場相對強弱,2,2,2,0,2,8,60.0,1647389.6,401995794.0,2026-06-03,23,HIGH,優先查證並補產業分類
00896,中信綠能及電動車,ETF,market_relative_fallback,缺少產業分類，使用全市場相對強弱,1,1,0,0,1,3,92.0,4804662.6,479705754.0,2026-06-03,17,HIGH,優先查證並補產業分類
00915,凱基優選高股息30,ETF,market_relative_fallback,缺少產業分類，使用全市場相對強弱,1,1,0,0,1,3,92.0,9139475.75,221427502.0,2026-06-03,17,HIGH,優先查證並補產業分類
00952,凱基台灣AI50,ETF,market_relative_fallback,缺少產業分類，使用全市場相對強弱,1,1,0,0,1,3,75.0,4362023.7,117772072.0,2026-06-03,16,HIGH,優先查證並補產業分類
00907,永豐優息存股,ETF,market_relative_fallback,缺少產業分類，使用全市場相對強弱,1,1,0,0,1,3,60.0,1947359.85,112877129.0,2026-06-03,15,HIGH,優先查證並補產業分類
00400A,主動國泰動能高息,ETF,market_relative_fallback,缺少產業分類，使用全市場相對強弱,0,0,0,0,0,0,92.0,60225385.75,898275173.0,2026-06-03,3,LOW,暫緩補資料
00401A,主動摩根台灣鑫收,ETF,market_relative_fallback,缺少產業分類，使用全市場相對強弱,0,0,0,0,0,0,92.0,10027180.75,152360973.0,2026-06-03,3,LOW,暫緩補資料
00403A,主動統一升級50,ETF,market_relative_fallback,缺少產業分類，使用全市場相對強弱,0,0,0,0,0,0,92.0,1178921689.7894738,6543349621.0,2026-06-03,3,LOW,暫緩補資料
0050,元大台灣50,ETF,market_relative_fallback,缺少產業分類，使用全市場相對強弱,0,0,0,0,0,0,92.0,100792552.35,8559208311.0,2026-06-03,3,LOW,暫緩補資料
0052,富邦科技,ETF,market_relative_fallback,缺少產業分類，使用全市場相對強弱,0,0,0,0,0,0,92.0,32263883.1,1490041339.0,2026-06-03,3,LOW,暫緩補資料
0056,元大高股息,ETF,market_relative_fallback,缺少產業分類，使用全市場相對強弱,0,0,0,0,0,0,92.0,54636899.0,2583508612.0,2026-06-03,3,LOW,暫緩補資料
006208,富邦台50,ETF,market_relative_fallback,缺少產業分類，使用全市場相對強弱,0,0,0,0,0,0,92.0,4805479.25,791864475.0,2026-06-03,3,LOW,暫緩補資料
00631L,元大台灣50正2,ETF,market_relative_fallback,缺少產業分類，使用全市場相對強弱,0,0,0,0,0,0,92.0,199825041.75,7562751092.0,2026-06-03,3,LOW,暫緩補資料
00632R,元大台灣50反1,ETF,market_relative_fallback,缺少產業分類，使用全市場相對強弱,0,0,0,0,0,0,92.0,132942486.15,1406904342.0,2026-06-03,3,LOW,暫緩補資料
00633L,富邦上証正2,ETF,market_relative_fallback,缺少產業分類，使用全市場相對強弱,0,0,0,0,0,0,92.0,4547529.75,246408935.0,2026-06-03,3,LOW,暫緩補資料
00635U,期元大S&P黃金,ETF,market_relative_fallback,缺少產業分類，使用全市場相對強弱,0,0,0,0,0,0,92.0,4712029.7,170780762.0,2026-06-03,3,LOW,暫緩補資料
00637L,元大滬深300正2,ETF,market_relative_fallback,缺少產業分類，使用全市場相對強弱,0,0,0,0,0,0,92.0,35339659.85,780149778.0,2026-06-03,3,LOW,暫緩補資料
00642U,期元大S&P石油,ETF,market_relative_fallback,缺少產業分類，使用全市場相對強弱,0,0,0,0,0,0,92.0,5555907.45,178257919.0,2026-06-03,3,LOW,暫緩補資料
00646,元大S&P500,ETF,market_relative_fallback,缺少產業分類，使用全市場相對強弱,0,0,0,0,0,0,92.0,3268568.1,165433383.0,2026-06-03,3,LOW,暫緩補資料
00662,富邦NASDAQ,ETF,market_relative_fallback,缺少產業分類，使用全市場相對強弱,0,0,0,0,0,0,92.0,6418089.4,702616558.0,2026-06-03,3,LOW,暫緩補資料
00663L,國泰臺灣加權正2,ETF,market_relative_fallback,缺少產業分類，使用全市場相對強弱,0,0,0,0,0,0,92.0,9650582.05,1162648903.0,2026-06-03,3,LOW,暫緩補資料
00665L,富邦恒生國企正2,ETF,market_relative_fallback,缺少產業分類，使用全市場相對強弱,0,0,0,0,0,0,92.0,18955442.6,252691602.0,2026-06-03,3,LOW,暫緩補資料
00670L,富邦NASDAQ正2,ETF,market_relative_fallback,缺少產業分類，使用全市場相對強弱,0,0,0,0,0,0,92.0,1027348.1,189917712.0,2026-06-03,3,LOW,暫緩補資料
00672L,元大S&P原油正2,ETF,market_relative_fallback,缺少產業分類，使用全市場相對強弱,0,0,0,0,0,0,92.0,6150150.0,111799346.0,2026-06-03,3,LOW,暫緩補資料
00673R,期元大S&P原油反1,ETF,market_relative_fallback,缺少產業分類，使用全市場相對強弱,0,0,0,0,0,0,92.0,22931037.35,311011026.0,2026-06-03,3,LOW,暫緩補資料
00675L,富邦臺灣加權正2,ETF,market_relative_fallback,缺少產業分類，使用全市場相對強弱,0,0,0,0,0,0,92.0,2388281.8,748613933.0,2026-06-03,3,LOW,暫緩補資料
00677U,期富邦VIX,ETF,market_relative_fallback,缺少產業分類，使用全市場相對強弱,0,0,0,0,0,0,92.0,30371000.0,162347380.0,2026-06-03,3,LOW,暫緩補資料
00680L,元大美債20正2,ETF,market_relative_fallback,缺少產業分類，使用全市場相對強弱,0,0,0,0,0,0,92.0,23295999.9,98211940.0,2026-06-03,3,LOW,暫緩補資料
00685L,群益臺灣加權正2,ETF,market_relative_fallback,缺少產業分類，使用全市場相對強弱,0,0,0,0,0,0,92.0,2914490.05,1169756507.0,2026-06-03,3,LOW,暫緩補資料
00692,富邦公司治理,ETF,market_relative_fallback,缺少產業分類，使用全市場相對強弱,0,0,0,0,0,0,92.0,1410733.9,125992201.0,2026-06-03,3,LOW,暫緩補資料
00708L,期元大S&P黃金正2,ETF,market_relative_fallback,缺少產業分類，使用全市場相對強弱,0,0,0,0,0,0,92.0,2805677.75,158658651.0,2026-06-03,3,LOW,暫緩補資料
00712,復華富時不動產,ETF,market_relative_fallback,缺少產業分類，使用全市場相對強弱,0,0,0,0,0,0,92.0,25593371.45,495353724.0,2026-06-03,3,LOW,暫緩補資料
00713,元大台灣高息低波,ETF,market_relative_fallback,缺少產業分類，使用全市場相對強弱,0,0,0,0,0,0,92.0,14854887.6,909740882.0,2026-06-03,3,LOW,暫緩補資料
00715L,期街口布蘭特正2,ETF,market_relative_fallback,缺少產業分類，使用全市場相對強弱,0,0,0,0,0,0,92.0,10060991.45,701191296.0,2026-06-03,3,LOW,暫緩補資料
00738U,期元大道瓊白銀,ETF,market_relative_fallback,缺少產業分類，使用全市場相對強弱,0,0,0,0,0,0,92.0,9145898.5,277050393.0,2026-06-03,3,LOW,暫緩補資料
00753L,中信中國50正2,ETF,market_relative_fallback,缺少產業分類，使用全市場相對強弱,0,0,0,0,0,0,92.0,19683821.65,211945552.0,2026-06-03,3,LOW,暫緩補資料
00830,國泰費城半導體,ETF,market_relative_fallback,缺少產業分類，使用全市場相對強弱,0,0,0,0,0,0,92.0,10738443.8,1064129539.0,2026-06-03,3,LOW,暫緩補資料
00850,元大臺灣ESG永續,ETF,market_relative_fallback,缺少產業分類，使用全市場相對強弱,0,0,0,0,0,0,92.0,1387601.9,93116568.0,2026-06-03,3,LOW,暫緩補資料
00865B,國泰US短期公債,ETF,market_relative_fallback,缺少產業分類，使用全市場相對強弱,0,0,0,0,0,0,92.0,2889576.3,130171804.0,2026-06-03,3,LOW,暫緩補資料
00878,國泰永續高股息,ETF,market_relative_fallback,缺少產業分類，使用全市場相對強弱,0,0,0,0,0,0,92.0,100360110.35,3417681437.0,2026-06-03,3,LOW,暫緩補資料
00881,國泰台灣科技龍頭,ETF,market_relative_fallback,缺少產業分類，使用全市場相對強弱,0,0,0,0,0,0,92.0,14792531.75,667543272.0,2026-06-03,3,LOW,暫緩補資料
00882,中信中國高股息,ETF,market_relative_fallback,缺少產業分類，使用全市場相對強弱,0,0,0,0,0,0,92.0,9628674.3,161939376.0,2026-06-03,3,LOW,暫緩補資料
00891,中信關鍵半導體,ETF,market_relative_fallback,缺少產業分類，使用全市場相對強弱,0,0,0,0,0,0,92.0,58579723.15,983581708.0,2026-06-03,3,LOW,暫緩補資料
00892,富邦台灣半導體,ETF,market_relative_fallback,缺少產業分類，使用全市場相對強弱,0,0,0,0,0,0,92.0,3518003.45,148390451.0,2026-06-03,3,LOW,暫緩補資料
00894,中信小資高價30,ETF,market_relative_fallback,缺少產業分類，使用全市場相對強弱,0,0,0,0,0,0,92.0,3347510.45,64662249.0,2026-06-03,3,LOW,暫緩補資料
00900,富邦特選高股息30,ETF,market_relative_fallback,缺少產業分類，使用全市場相對強弱,0,0,0,0,0,0,92.0,12595521.3,280958116.0,2026-06-03,3,LOW,暫緩補資料
00904,新光臺灣半導體30,ETF,market_relative_fallback,缺少產業分類，使用全市場相對強弱,0,0,0,0,0,0,92.0,2638764.0,65798497.0,2026-06-03,3,LOW,暫緩補資料
00909,國泰數位支付服務,ETF,market_relative_fallback,缺少產業分類，使用全市場相對強弱,0,0,0,0,0,0,92.0,3090729.45,175336994.0,2026-06-03,3,LOW,暫緩補資料
00922,國泰台灣領袖50,ETF,market_relative_fallback,缺少產業分類，使用全市場相對強弱,0,0,0,0,0,0,92.0,12608147.9,535262978.0,2026-06-03,3,LOW,暫緩補資料
00929,復華台灣科技優息,ETF,market_relative_fallback,缺少產業分類，使用全市場相對強弱,0,0,0,0,0,0,92.0,47153374.5,1262442517.0,2026-06-03,3,LOW,暫緩補資料
00934,中信成長高股息,ETF,market_relative_fallback,缺少產業分類，使用全市場相對強弱,0,0,0,0,0,0,92.0,6000483.8,165846370.0,2026-06-03,3,LOW,暫緩補資料
00939,統一台灣高息動能,ETF,market_relative_fallback,缺少產業分類，使用全市場相對強弱,0,0,0,0,0,0,92.0,7904627.1,142757043.0,2026-06-03,3,LOW,暫緩補資料
00940,元大台灣價值高息,ETF,market_relative_fallback,缺少產業分類，使用全市場相對強弱,0,0,0,0,0,0,92.0,45492123.75,367483715.0,2026-06-03,3,LOW,暫緩補資料
00947,台新臺灣IC設計,ETF,market_relative_fallback,缺少產業分類，使用全市場相對強弱,0,0,0,0,0,0,92.0,11803928.6,473536247.0,2026-06-03,3,LOW,暫緩補資料
00953B,群益優選非投等債,ETF,market_relative_fallback,缺少產業分類，使用全市場相對強弱,0,0,0,0,0,0,92.0,33499919.3,303182429.0,2026-06-03,3,LOW,暫緩補資料
009802,富邦旗艦50,ETF,market_relative_fallback,缺少產業分類，使用全市場相對強弱,0,0,0,0,0,0,92.0,11920311.35,186120432.0,2026-06-03,3,LOW,暫緩補資料
009805,新光美國電力基建,ETF,market_relative_fallback,缺少產業分類，使用全市場相對強弱,0,0,0,0,0,0,92.0,15269552.95,175079827.0,2026-06-03,3,LOW,暫緩補資料
00980A,主動野村臺灣優選,ETF,market_relative_fallback,缺少產業分類，使用全市場相對強弱,0,0,0,0,0,0,92.0,20128005.25,272893928.0,2026-06-03,3,LOW,暫緩補資料
009816,凱基台灣TOP50,ETF,market_relative_fallback,缺少產業分類，使用全市場相對強弱,0,0,0,0,0,0,92.0,181210712.45,1966561746.0,2026-06-03,3,LOW,暫緩補資料
009819,中信數據及電力,ETF,market_relative_fallback,缺少產業分類，使用全市場相對強弱,0,0,0,0,0,0,92.0,20885180.55,567662305.0,2026-06-03,3,LOW,暫緩補資料
00981A,主動統一台股增長,ETF,market_relative_fallback,缺少產業分類，使用全市場相對強弱,0,0,0,0,0,0,92.0,316287328.65,7058171544.0,2026-06-03,3,LOW,暫緩補資料
009820,元大納斯達克精選,ETF,market_relative_fallback,缺少產業分類，使用全市場相對強弱,0,0,0,0,0,0,92.0,38708136.4,260447066.0,2026-06-03,3,LOW,暫緩補資料
00982A,主動群益台灣強棒,ETF,market_relative_fallback,缺少產業分類，使用全市場相對強弱,0,0,0,0,0,0,92.0,69639051.4,812343385.0,2026-06-03,3,LOW,暫緩補資料
00984A,主動安聯台灣高息,ETF,market_relative_fallback,缺少產業分類，使用全市場相對強弱,0,0,0,0,0,0,92.0,9354147.1,124386867.0,2026-06-03,3,LOW,暫緩補資料
00984D,主動聯博全球非投,ETF,market_relative_fallback,缺少產業分類，使用全市場相對強弱,0,0,0,0,0,0,92.0,11411298.1,203432913.0,2026-06-03,3,LOW,暫緩補資料
00985A,主動野村台灣50,ETF,market_relative_fallback,缺少產業分類，使用全市場相對強弱,0,0,0,0,0,0,92.0,7993014.95,136839802.0,2026-06-03,3,LOW,暫緩補資料
00987A,主動台新優勢成長,ETF,market_relative_fallback,缺少產業分類，使用全市場相對強弱,0,0,0,0,0,0,92.0,8349881.75,98647532.0,2026-06-03,3,LOW,暫緩補資料
00990A,主動元大AI新經濟,ETF,market_relative_fallback,缺少產業分類，使用全市場相對強弱,0,0,0,0,0,0,92.0,45328653.25,1329358588.0,2026-06-03,3,LOW,暫緩補資料
00992A,主動群益科技創新,ETF,market_relative_fallback,缺少產業分類，使用全市場相對強弱,0,0,0,0,0,0,92.0,97013094.0,1496627579.0,2026-06-03,3,LOW,暫緩補資料
00993A,主動安聯台灣,ETF,market_relative_fallback,缺少產業分類，使用全市場相對強弱,0,0,0,0,0,0,92.0,14877890.1,124470843.0,2026-06-03,3,LOW,暫緩補資料
00994A,主動第一金台股優,ETF,market_relative_fallback,缺少產業分類，使用全市場相對強弱,0,0,0,0,0,0,92.0,12827684.2,159796177.0,2026-06-03,3,LOW,暫緩補資料
00995A,主動中信台灣卓越,ETF,market_relative_fallback,缺少產業分類，使用全市場相對強弱,0,0,0,0,0,0,92.0,8953804.95,134682442.0,2026-06-03,3,LOW,暫緩補資料
00996A,主動兆豐台灣豐收,ETF,market_relative_fallback,缺少產業分類，使用全市場相對強弱,0,0,0,0,0,0,92.0,14243751.45,265701927.0,2026-06-03,3,LOW,暫緩補資料
00997A,主動群益美國增長,ETF,market_relative_fallback,缺少產業分類，使用全市場相對強弱,0,0,0,0,0,0,92.0,28018384.15,530635009.0,2026-06-03,3,LOW,暫緩補資料
00999A,主動野村臺灣高息,ETF,market_relative_fallback,缺少產業分類，使用全市場相對強弱,0,0,0,0,0,0,92.0,69286185.0,375884208.0,2026-06-03,3,LOW,暫緩補資料
1262,綠悅-KY,UNKNOWN,market_relative_fallback,缺少產業分類，使用全市場相對強弱,0,0,0,0,0,0,92.0,3379490.0,207279280.0,2026-06-03,3,LOW,暫緩補資料
1704,榮化,UNKNOWN,market_relative_fallback,缺少產業分類，使用全市場相對強弱,0,0,0,0,0,0,92.0,7841753.0,371476589.0,2026-06-03,3,LOW,暫緩補資料
2311,日月光,UNKNOWN,market_relative_fallback,缺少產業分類，使用全市場相對強弱,0,0,0,0,0,0,92.0,7476435.0,284463630.0,2026-06-03,3,LOW,暫緩補資料
2325,矽品,UNKNOWN,market_relative_fallback,缺少產業分類，使用全市場相對強弱,0,0,0,0,0,0,92.0,2958947.0,147490257.0,2026-06-03,3,LOW,暫緩補資料
2448,晶電,UNKNOWN,market_relative_fallback,缺少產業分類，使用全市場相對強弱,0,0,0,0,0,0,92.0,25055411.0,1233433258.0,2026-06-03,3,LOW,暫緩補資料
2456,奇力新,UNKNOWN,market_relative_fallback,缺少產業分類，使用全市場相對強弱,0,0,0,0,0,0,92.0,5998678.0,566293584.0,2026-06-03,3,LOW,暫緩補資料
2823,中壽,UNKNOWN,market_relative_fallback,缺少產業分類，使用全市場相對強弱,0,0,0,0,0,0,92.0,6174501.0,182788188.0,2026-06-03,3,LOW,暫緩補資料
2888,新光金,UNKNOWN,market_relative_fallback,缺少產業分類，使用全市場相對強弱,0,0,0,0,0,0,92.0,28302433.0,300170471.0,2026-06-03,3,LOW,暫緩補資料
3698,隆達,UNKNOWN,market_relative_fallback,缺少產業分類，使用全市場相對強弱,0,0,0,0,0,0,92.0,13629241.0,380454066.0,2026-06-03,3,LOW,暫緩補資料
4725,信昌化,UNKNOWN,market_relative_fallback,缺少產業分類，使用全市場相對強弱,0,0,0,0,0,0,92.0,4612144.0,135688847.0,2026-06-03,3,LOW,暫緩補資料
5264,鎧勝-KY,UNKNOWN,market_relative_fallback,缺少產業分類，使用全市場相對強弱,0,0,0,0,0,0,92.0,2992155.0,307715731.0,2026-06-03,3,LOW,暫緩補資料
5305,敦南,UNKNOWN,market_relative_fallback,缺少產業分類，使用全市場相對強弱,0,0,0,0,0,0,92.0,7202156.0,301766223.0,2026-06-03,3,LOW,暫緩補資料
6452,康友-KY,UNKNOWN,market_relative_fallback,缺少產業分類，使用全市場相對強弱,0,0,0,0,0,0,92.0,570019.0,226579005.0,2026-06-03,3,LOW,暫緩補資料
00643,群益深証中小,ETF,market_relative_fallback,缺少產業分類，使用全市場相對強弱,0,0,0,0,0,0,75.0,3026528.3,69809305.0,2026-06-03,2,LOW,暫緩補資料
00650L,復華香港正2,ETF,market_relative_fallback,缺少產業分類，使用全市場相對強弱,0,0,0,0,0,0,75.0,5359568.55,121610870.0,2026-06-03,2,LOW,暫緩補資料
00655L,國泰中國A50正2,ETF,market_relative_fallback,缺少產業分類，使用全市場相對強弱,0,0,0,0,0,0,75.0,2273386.15,90583959.0,2026-06-03,2,LOW,暫緩補資料
00688L,國泰20年美債正2,ETF,market_relative_fallback,缺少產業分類，使用全市場相對強弱,0,0,0,0,0,0,75.0,7684578.3,36494573.0,2026-06-03,2,LOW,暫緩補資料
00690,兆豐藍籌30,ETF,market_relative_fallback,缺少產業分類，使用全市場相對強弱,0,0,0,0,0,0,75.0,899604.7,25005411.0,2026-06-03,2,LOW,暫緩補資料
00731,復華富時高息低波,ETF,market_relative_fallback,缺少產業分類，使用全市場相對強弱,0,0,0,0,0,0,75.0,832396.35,96214411.0,2026-06-03,2,LOW,暫緩補資料
00733,富邦臺灣中小,ETF,market_relative_fallback,缺少產業分類，使用全市場相對強弱,0,0,0,0,0,0,75.0,1227519.9,74461412.0,2026-06-03,2,LOW,暫緩補資料
00752,中信中國50,ETF,market_relative_fallback,缺少產業分類，使用全市場相對強弱,0,0,0,0,0,0,75.0,3203904.3,84491331.0,2026-06-03,2,LOW,暫緩補資料
00885,富邦越南,ETF,market_relative_fallback,缺少產業分類，使用全市場相對強弱,0,0,0,0,0,0,75.0,3941030.2,120590308.0,2026-06-03,2,LOW,暫緩補資料
00893,國泰智能電動車,ETF,market_relative_fallback,缺少產業分類，使用全市場相對強弱,0,0,0,0,0,0,75.0,1874902.35,62402895.0,2026-06-03,2,LOW,暫緩補資料
00924,復華S&P500成長,ETF,market_relative_fallback,缺少產業分類，使用全市場相對強弱,0,0,0,0,0,0,75.0,2677846.7,86716915.0,2026-06-03,2,LOW,暫緩補資料
00936,台新永續高息中小,ETF,market_relative_fallback,缺少產業分類，使用全市場相對強弱,0,0,0,0,0,0,75.0,4424954.6,55451670.0,2026-06-03,2,LOW,暫緩補資料
00945B,凱基美國非投等債,ETF,market_relative_fallback,缺少產業分類，使用全市場相對強弱,0,0,0,0,0,0,75.0,6275003.15,74017275.0,2026-06-03,2,LOW,暫緩補資料
00951,台新日本半導體,ETF,market_relative_fallback,缺少產業分類，使用全市場相對強弱,0,0,0,0,0,0,75.0,3692643.3,127869719.0,2026-06-03,2,LOW,暫緩補資料
00954,中信日本半導體,ETF,market_relative_fallback,缺少產業分類，使用全市場相對強弱,0,0,0,0,0,0,75.0,4003545.7,128081962.0,2026-06-03,2,LOW,暫緩補資料
00964,中信亞太高股息,ETF,market_relative_fallback,缺少產業分類，使用全市場相對強弱,0,0,0,0,0,0,75.0,3534723.05,65004578.0,2026-06-03,2,LOW,暫緩補資料
00965,元大航太防衛科技,ETF,market_relative_fallback,缺少產業分類，使用全市場相對強弱,0,0,0,0,0,0,75.0,3885437.3,89548508.0,2026-06-03,2,LOW,暫緩補資料
009803,玉山市值動能50,ETF,market_relative_fallback,缺少產業分類，使用全市場相對強弱,0,0,0,0,0,0,75.0,2542962.15,88186049.0,2026-06-03,2,LOW,暫緩補資料
00985B,群益ESG投等債0-5,ETF,market_relative_fallback,缺少產業分類，使用全市場相對強弱,0,0,0,0,0,0,75.0,6742297.35,59390945.0,2026-06-03,2,LOW,暫緩補資料
2499,東貝,UNKNOWN,market_relative_fallback,缺少產業分類，使用全市場相對強弱,0,0,0,0,0,0,75.0,5187235.0,60652316.0,2026-06-03,2,LOW,暫緩補資料
2887I,台新新光辛特,UNKNOWN,market_relative_fallback,缺少產業分類，使用全市場相對強弱,0,0,0,0,0,0,75.0,6172572.35,56430556.0,2026-06-03,2,LOW,暫緩補資料
3536,誠創,UNKNOWN,market_relative_fallback,缺少產業分類，使用全市場相對強弱,0,0,0,0,0,0,75.0,4649572.0,98899259.0,2026-06-03,2,LOW,暫緩補資料
6422,君耀-KY,UNKNOWN,market_relative_fallback,缺少產業分類，使用全市場相對強弱,0,0,0,0,0,0,75.0,917841.0,61017621.0,2026-06-03,2,LOW,暫緩補資料
006205,富邦上証,ETF,market_relative_fallback,缺少產業分類，使用全市場相對強弱,0,0,0,0,0,0,60.0,991818.75,31798950.0,2026-06-03,1,LOW,暫緩補資料
00636,國泰中國A50,ETF,market_relative_fallback,缺少產業分類，使用全市場相對強弱,0,0,0,0,0,0,60.0,953434.4,33578292.0,2026-06-03,1,LOW,暫緩補資料
00639,富邦深100,ETF,market_relative_fallback,缺少產業分類，使用全市場相對強弱,0,0,0,0,0,0,60.0,1438433.1,39739130.0,2026-06-03,1,LOW,暫緩補資料
00640L,富邦日本正2,ETF,market_relative_fallback,缺少產業分類，使用全市場相對強弱,0,0,0,0,0,0,60.0,371174.75,25823524.0,2026-06-03,1,LOW,暫緩補資料
00653L,富邦印度正2,ETF,market_relative_fallback,缺少產業分類，使用全市場相對強弱,0,0,0,0,0,0,60.0,487144.8,15988216.0,2026-06-03,1,LOW,暫緩補資料
00664R,國泰臺灣加權反1,ETF,market_relative_fallback,缺少產業分類，使用全市場相對強弱,0,0,0,0,0,0,60.0,26993970.15,22223282.0,2026-06-03,1,LOW,暫緩補資料
00676R,富邦臺灣加權反1,ETF,market_relative_fallback,缺少產業分類，使用全市場相對強弱,0,0,0,0,0,0,60.0,8018826.65,58726615.0,2026-06-03,1,LOW,暫緩補資料
00693U,期街口S&P黃豆,ETF,market_relative_fallback,缺少產業分類，使用全市場相對強弱,0,0,0,0,0,0,60.0,1372355.55,32597681.0,2026-06-03,1,LOW,暫緩補資料
00701,國泰股利精選30,ETF,market_relative_fallback,缺少產業分類，使用全市場相對強弱,0,0,0,0,0,0,60.0,1369209.65,50218115.0,2026-06-03,1,LOW,暫緩補資料
00762,元大全球AI,ETF,market_relative_fallback,缺少產業分類，使用全市場相對強弱,0,0,0,0,0,0,60.0,321067.25,40695178.0,2026-06-03,1,LOW,暫緩補資料
00763U,期街口道瓊銅,ETF,market_relative_fallback,缺少產業分類，使用全市場相對強弱,0,0,0,0,0,0,60.0,1217208.05,40495127.0,2026-06-03,1,LOW,暫緩補資料
00770,國泰北美科技,ETF,market_relative_fallback,缺少產業分類，使用全市場相對強弱,0,0,0,0,0,0,60.0,519121.6,28351683.0,2026-06-03,1,LOW,暫緩補資料
00895,富邦未來車,ETF,market_relative_fallback,缺少產業分類，使用全市場相對強弱,0,0,0,0,0,0,60.0,940706.4,16182533.0,2026-06-03,1,LOW,暫緩補資料
00902,中信電池及儲能,ETF,market_relative_fallback,缺少產業分類，使用全市場相對強弱,0,0,0,0,0,0,60.0,2247620.25,25530891.0,2026-06-03,1,LOW,暫緩補資料
00905,FT臺灣Smart,ETF,market_relative_fallback,缺少產業分類，使用全市場相對強弱,0,0,0,0,0,0,60.0,1931229.5,37306438.0,2026-06-03,1,LOW,暫緩補資料
00912,中信臺灣智慧50,ETF,market_relative_fallback,缺少產業分類，使用全市場相對強弱,0,0,0,0,0,0,60.0,1111654.45,34924249.0,2026-06-03,1,LOW,暫緩補資料
00920,富邦ESG綠色電力,ETF,market_relative_fallback,缺少產業分類，使用全市場相對強弱,0,0,0,0,0,0,60.0,844789.05,11665378.0,2026-06-03,1,LOW,暫緩補資料
00926,凱基全球菁英55,ETF,market_relative_fallback,缺少產業分類，使用全市場相對強弱,0,0,0,0,0,0,60.0,1392515.2,23665017.0,2026-06-03,1,LOW,暫緩補資料
00932,兆豐永續高息等權,ETF,market_relative_fallback,缺少產業分類，使用全市場相對強弱,0,0,0,0,0,0,60.0,2176722.3,34942705.0,2026-06-03,1,LOW,暫緩補資料
00938,凱基優選30,ETF,market_relative_fallback,缺少產業分類，使用全市場相對強弱,0,0,0,0,0,0,60.0,1660106.15,36642205.0,2026-06-03,1,LOW,暫緩補資料
00941,中信上游半導體,ETF,market_relative_fallback,缺少產業分類，使用全市場相對強弱,0,0,0,0,0,0,60.0,1951618.75,121434343.0,2026-06-03,1,LOW,暫緩補資料
00944,野村趨勢動能高息,ETF,market_relative_fallback,缺少產業分類，使用全市場相對強弱,0,0,0,0,0,0,60.0,1677180.7,13101675.0,2026-06-03,1,LOW,暫緩補資料
00949,復華日本龍頭,ETF,market_relative_fallback,缺少產業分類，使用全市場相對強弱,0,0,0,0,0,0,60.0,1365532.85,36728368.0,2026-06-03,1,LOW,暫緩補資料
009800,中信NASDAQ,ETF,market_relative_fallback,缺少產業分類，使用全市場相對強弱,0,0,0,0,0,0,60.0,2526269.95,44079522.0,2026-06-03,1,LOW,暫緩補資料
009801,中信美國創新科技,ETF,market_relative_fallback,缺少產業分類，使用全市場相對強弱,0,0,0,0,0,0,60.0,1750267.2,19552214.0,2026-06-03,1,LOW,暫緩補資料
009804,聯邦台精彩50,ETF,market_relative_fallback,缺少產業分類，使用全市場相對強弱,0,0,0,0,0,0,60.0,1262037.5,28534291.0,2026-06-03,1,LOW,暫緩補資料
009808,華南永昌優選50,ETF,market_relative_fallback,缺少產業分類，使用全市場相對強弱,0,0,0,0,0,0,60.0,1007486.4,25967865.0,2026-06-03,1,LOW,暫緩補資料
009811,統一美國50,ETF,market_relative_fallback,缺少產業分類，使用全市場相對強弱,0,0,0,0,0,0,60.0,2553524.75,34356614.0,2026-06-03,1,LOW,暫緩補資料
009813,貝萊德標普卓越50,ETF,market_relative_fallback,缺少產業分類，使用全市場相對強弱,0,0,0,0,0,0,60.0,3312429.55,29540130.0,2026-06-03,1,LOW,暫緩補資料
009817,國泰日本不動產,ETF,market_relative_fallback,缺少產業分類，使用全市場相對強弱,0,0,0,0,0,0,60.0,3954856.5,36554966.0,2026-06-03,1,LOW,暫緩補資料
00981T,平衡凱基雙核收息,ETF,market_relative_fallback,缺少產業分類，使用全市場相對強弱,0,0,0,0,0,0,60.0,3829898.15,29830854.0,2026-06-03,1,LOW,暫緩補資料
00982D,主動富邦動態入息,ETF,market_relative_fallback,缺少產業分類，使用全市場相對強弱,0,0,0,0,0,0,60.0,2075263.4,4735255.0,2026-06-03,1,LOW,暫緩補資料
00983A,主動中信ARK創新,ETF,market_relative_fallback,缺少產業分類，使用全市場相對強弱,0,0,0,0,0,0,60.0,3640932.7,44671872.0,2026-06-03,1,LOW,暫緩補資料
00989A,主動摩根美國科技,ETF,market_relative_fallback,缺少產業分類，使用全市場相對強弱,0,0,0,0,0,0,60.0,2459567.15,31093217.0,2026-06-03,1,LOW,暫緩補資料
1507,永大,UNKNOWN,market_relative_fallback,缺少產業分類，使用全市場相對強弱,0,0,0,0,0,0,60.0,515622.0,25286837.0,2026-06-03,1,LOW,暫緩補資料
2809,京城銀,UNKNOWN,market_relative_fallback,缺少產業分類，使用全市場相對強弱,0,0,0,0,0,0,60.0,549999.0,20508607.0,2026-06-03,1,LOW,暫緩補資料
3519,綠能,UNKNOWN,market_relative_fallback,缺少產業分類，使用全市場相對強弱,0,0,0,0,0,0,60.0,2217590.0,39822245.0,2026-06-03,1,LOW,暫緩補資料
3682,亞太電,UNKNOWN,market_relative_fallback,缺少產業分類，使用全市場相對強弱,0,0,0,0,0,0,60.0,2487503.0,23738278.0,2026-06-03,1,LOW,暫緩補資料
4984,科納-KY,UNKNOWN,market_relative_fallback,缺少產業分類，使用全市場相對強弱,0,0,0,0,0,0,60.0,1198944.0,47954896.0,2026-06-03,1,LOW,暫緩補資料
6131,鈞泰,UNKNOWN,market_relative_fallback,缺少產業分類，使用全市場相對強弱,0,0,0,0,0,0,60.0,1151654.0,21771442.0,2026-06-03,1,LOW,暫緩補資料
9136,巨騰-DR,UNKNOWN,market_relative_fallback,缺少產業分類，使用全市場相對強弱,0,0,0,0,0,0,60.0,2849381.75,74985077.0,2026-06-03,1,LOW,暫緩補資料
0051,元大中型100,ETF,market_relative_fallback,缺少產業分類，使用全市場相對強弱,0,0,0,0,0,0,50.0,112332.5,15169055.0,2026-06-03,0,LOW,暫緩補資料
0053,元大電子,ETF,market_relative_fallback,缺少產業分類，使用全市場相對強弱,0,0,0,0,0,0,50.0,30088.4,5684668.0,2026-06-03,0,LOW,暫緩補資料
0055,元大MSCI金融,ETF,market_relative_fallback,缺少產業分類，使用全市場相對強弱,0,0,0,0,0,0,50.0,515267.45,81153954.0,2026-06-03,0,LOW,暫緩補資料
0057,富邦摩台,ETF,market_relative_fallback,缺少產業分類，使用全市場相對強弱,0,0,0,0,0,0,50.0,37371.8,2271529.0,2026-06-03,0,LOW,暫緩補資料
0061,元大寶滬深,ETF,market_relative_fallback,缺少產業分類，使用全市場相對強弱,0,0,0,0,0,0,50.0,382975.2,14099043.0,2026-06-03,0,LOW,暫緩補資料
006203,元大MSCI台灣,ETF,market_relative_fallback,缺少產業分類，使用全市場相對強弱,0,0,0,0,0,0,50.0,47312.9,19902569.0,2026-06-03,0,LOW,暫緩補資料
006204,永豐臺灣加權,ETF,market_relative_fallback,缺少產業分類，使用全市場相對強弱,0,0,0,0,0,0,50.0,35633.1,7841770.0,2026-06-03,0,LOW,暫緩補資料
006206,元大上證50,ETF,market_relative_fallback,缺少產業分類，使用全市場相對強弱,0,0,0,0,0,0,50.0,167103.95,3677428.0,2026-06-03,0,LOW,暫緩補資料
006207,復華滬深,ETF,market_relative_fallback,缺少產業分類，使用全市場相對強弱,0,0,0,0,0,0,50.0,316772.7,6969048.0,2026-06-03,0,LOW,暫緩補資料
00641R,富邦日本反1,ETF,market_relative_fallback,缺少產業分類，使用全市場相對強弱,0,0,0,0,0,0,50.0,2103772.2,4573753.0,2026-06-03,0,LOW,暫緩補資料
00645,富邦日本,ETF,market_relative_fallback,缺少產業分類，使用全市場相對強弱,0,0,0,0,0,0,50.0,323412.4,11989266.0,2026-06-03,0,LOW,暫緩補資料
00647L,元大S&P500正2,ETF,market_relative_fallback,缺少產業分類，使用全市場相對強弱,0,0,0,0,0,0,50.0,94018.8,4137049.0,2026-06-03,0,LOW,暫緩補資料
00652,富邦印度,ETF,market_relative_fallback,缺少產業分類，使用全市場相對強弱,0,0,0,0,0,0,50.0,442791.0,19953213.0,2026-06-03,0,LOW,暫緩補資料
00657,國泰日經225,ETF,market_relative_fallback,缺少產業分類，使用全市場相對強弱,0,0,0,0,0,0,50.0,106599.85,4689482.0,2026-06-03,0,LOW,暫緩補資料
00661,元大日經225,ETF,market_relative_fallback,缺少產業分類，使用全市場相對強弱,0,0,0,0,0,0,50.0,164475.95,9034536.0,2026-06-03,0,LOW,暫緩補資料
00668,國泰美國道瓊,ETF,market_relative_fallback,缺少產業分類，使用全市場相對強弱,0,0,0,0,0,0,50.0,112656.3,2066806.0,2026-06-03,0,LOW,暫緩補資料
00669R,國泰美國道瓊反1,ETF,market_relative_fallback,缺少產業分類，使用全市場相對強弱,0,0,0,0,0,0,50.0,1331820.6,4748743.0,2026-06-03,0,LOW,暫緩補資料
00671R,富邦NASDAQ反1,ETF,market_relative_fallback,缺少產業分類，使用全市場相對強弱,0,0,0,0,0,0,50.0,5120823.8,11366435.0,2026-06-03,0,LOW,暫緩補資料
00678,群益那斯達克生技,ETF,market_relative_fallback,缺少產業分類，使用全市場相對強弱,0,0,0,0,0,0,50.0,345167.5,10160264.0,2026-06-03,0,LOW,暫緩補資料
00686R,群益臺灣加權反1,ETF,market_relative_fallback,缺少產業分類，使用全市場相對強弱,0,0,0,0,0,0,50.0,6020926.5,3642238.0,2026-06-03,0,LOW,暫緩補資料
00700,富邦恒生國企,ETF,market_relative_fallback,缺少產業分類，使用全市場相對強弱,0,0,0,0,0,0,50.0,340395.3,5164284.0,2026-06-03,0,LOW,暫緩補資料
00706L,期元大S&P日圓正2,ETF,market_relative_fallback,缺少產業分類，使用全市場相對強弱,0,0,0,0,0,0,50.0,835615.2,31275449.0,2026-06-03,0,LOW,暫緩補資料
00716R,華頓S&P布蘭特反1,ETF,market_relative_fallback,缺少產業分類，使用全市場相對強弱,0,0,0,0,0,0,50.0,405000.0,7865230.0,2026-06-03,0,LOW,暫緩補資料
00717,富邦美國特別股,ETF,market_relative_fallback,缺少產業分類，使用全市場相對強弱,0,0,0,0,0,0,50.0,351094.85,1679443.0,2026-06-03,0,LOW,暫緩補資料
00728,第一金工業30,ETF,market_relative_fallback,缺少產業分類，使用全市場相對強弱,0,0,0,0,0,0,50.0,266717.85,4977913.0,2026-06-03,0,LOW,暫緩補資料
00730,富邦臺灣優質高息,ETF,market_relative_fallback,缺少產業分類，使用全市場相對強弱,0,0,0,0,0,0,50.0,336811.6,6643525.0,2026-06-03,0,LOW,暫緩補資料
00737,國泰AI機器人,ETF,market_relative_fallback,缺少產業分類，使用全市場相對強弱,0,0,0,0,0,0,50.0,251960.0,8112720.0,2026-06-03,0,LOW,暫緩補資料
00783,富邦中証500,ETF,market_relative_fallback,缺少產業分類，使用全市場相對強弱,0,0,0,0,0,0,50.0,184263.6,4360645.0,2026-06-03,0,LOW,暫緩補資料
00852L,國泰美國道瓊正2,ETF,market_relative_fallback,缺少產業分類，使用全市場相對強弱,0,0,0,0,0,0,50.0,212710.6,8002049.0,2026-06-03,0,LOW,暫緩補資料
00875,國泰網路資安,ETF,market_relative_fallback,缺少產業分類，使用全市場相對強弱,0,0,0,0,0,0,50.0,253195.95,15741712.0,2026-06-03,0,LOW,暫緩補資料
00897,富邦基因免疫生技,ETF,market_relative_fallback,缺少產業分類，使用全市場相對強弱,0,0,0,0,0,0,50.0,712224.4,6340441.0,2026-06-03,0,LOW,暫緩補資料
00903,富邦元宇宙,ETF,market_relative_fallback,缺少產業分類，使用全市場相對強弱,0,0,0,0,0,0,50.0,601607.65,16852539.0,2026-06-03,0,LOW,暫緩補資料
00917,中信特選金融,ETF,market_relative_fallback,缺少產業分類，使用全市場相對強弱,0,0,0,0,0,0,50.0,858854.65,16660719.0,2026-06-03,0,LOW,暫緩補資料
00921,兆豐龍頭等權重,ETF,market_relative_fallback,缺少產業分類，使用全市場相對強弱,0,0,0,0,0,0,50.0,559110.05,8465730.0,2026-06-03,0,LOW,暫緩補資料
00943,兆豐電子高息等權,ETF,market_relative_fallback,缺少產業分類，使用全市場相對強弱,0,0,0,0,0,0,50.0,276838.75,1629262.0,2026-06-03,0,LOW,暫緩補資料
00956,中信日經高股息,ETF,market_relative_fallback,缺少產業分類，使用全市場相對強弱,0,0,0,0,0,0,50.0,581413.7,5024227.0,2026-06-03,0,LOW,暫緩補資料
00960,野村全球航運龍頭,ETF,market_relative_fallback,缺少產業分類，使用全市場相對強弱,0,0,0,0,0,0,50.0,616628.85,7190786.0,2026-06-03,0,LOW,暫緩補資料
00963,中信全球高股息,ETF,market_relative_fallback,缺少產業分類，使用全市場相對強弱,0,0,0,0,0,0,50.0,1418749.1,24930026.0,2026-06-03,0,LOW,暫緩補資料
00971,野村美國研發龍頭,ETF,market_relative_fallback,缺少產業分類，使用全市場相對強弱,0,0,0,0,0,0,50.0,849910.95,6605170.0,2026-06-03,0,LOW,暫緩補資料
00972,野村日本動能高息,ETF,market_relative_fallback,缺少產業分類，使用全市場相對強弱,0,0,0,0,0,0,50.0,277906.55,2400087.0,2026-06-03,0,LOW,暫緩補資料
009809,富邦淨零ESG50,ETF,market_relative_fallback,缺少產業分類，使用全市場相對強弱,0,0,0,0,0,0,50.0,948426.7,4854144.0,2026-06-03,0,LOW,暫緩補資料
009810,玉山全球藍籌100,ETF,market_relative_fallback,缺少產業分類，使用全市場相對強弱,0,0,0,0,0,0,50.0,315952.2,4400031.0,2026-06-03,0,LOW,暫緩補資料
009812,野村日本東證,ETF,market_relative_fallback,缺少產業分類，使用全市場相對強弱,0,0,0,0,0,0,50.0,1199423.6,29535322.0,2026-06-03,0,LOW,暫緩補資料
009818,華南永昌NASDAQxT,ETF,market_relative_fallback,缺少產業分類，使用全市場相對強弱,0,0,0,0,0,0,50.0,704633.1,7255699.0,2026-06-03,0,LOW,暫緩補資料
00982T,平衡兆豐台美動能,ETF,market_relative_fallback,缺少產業分類，使用全市場相對強弱,0,0,0,0,0,0,50.0,534843.5,4597052.0,2026-06-03,0,LOW,暫緩補資料
00983D,主動富邦複合收益,ETF,market_relative_fallback,缺少產業分類，使用全市場相對強弱,0,0,0,0,0,0,50.0,1349906.9,9364846.0,2026-06-03,0,LOW,暫緩補資料
00986A,主動台新龍頭成長,ETF,market_relative_fallback,缺少產業分類，使用全市場相對強弱,0,0,0,0,0,0,50.0,731090.15,11150484.0,2026-06-03,0,LOW,暫緩補資料
1701,中化,UNKNOWN,market_relative_fallback,缺少產業分類，使用全市場相對強弱,0,0,0,0,0,0,50.0,421343.0,7892255.0,2026-06-03,0,LOW,暫緩補資料
1902,台紙,UNKNOWN,market_relative_fallback,缺少產業分類，使用全市場相對強弱,0,0,0,0,0,0,50.0,487006.0,8582499.0,2026-06-03,0,LOW,暫緩補資料
2358,廷鑫,UNKNOWN,market_relative_fallback,缺少產業分類，使用全市場相對強弱,0,0,0,0,0,0,50.0,377274.0,9378577.0,2026-06-03,0,LOW,暫緩補資料
2475,華映,UNKNOWN,market_relative_fallback,缺少產業分類，使用全市場相對強弱,0,0,0,0,0,0,50.0,3017438.0,7565882.0,2026-06-03,0,LOW,暫緩補資料
2841,台開,UNKNOWN,market_relative_fallback,缺少產業分類，使用全市場相對強弱,0,0,0,0,0,0,50.0,755291.0,7504508.0,2026-06-03,0,LOW,暫緩補資料
2881A,富邦特,UNKNOWN,market_relative_fallback,缺少產業分類，使用全市場相對強弱,0,0,0,0,0,0,50.0,98197.05,14844138.0,2026-06-03,0,LOW,暫緩補資料
2881B,富邦金乙特,UNKNOWN,market_relative_fallback,缺少產業分類，使用全市場相對強弱,0,0,0,0,0,0,50.0,122617.6,8555730.0,2026-06-03,0,LOW,暫緩補資料
2881C,富邦金丙特,UNKNOWN,market_relative_fallback,缺少產業分類，使用全市場相對強弱,0,0,0,0,0,0,50.0,149913.05,9221549.0,2026-06-03,0,LOW,暫緩補資料
2882A,國泰特,UNKNOWN,market_relative_fallback,缺少產業分類，使用全市場相對強弱,0,0,0,0,0,0,50.0,321425.3,11919097.0,2026-06-03,0,LOW,暫緩補資料
2882B,國泰金乙特,UNKNOWN,market_relative_fallback,缺少產業分類，使用全市場相對強弱,0,0,0,0,0,0,50.0,93129.45,10734081.0,2026-06-03,0,LOW,暫緩補資料
2883B,凱基金乙特,UNKNOWN,market_relative_fallback,缺少產業分類，使用全市場相對強弱,0,0,0,0,0,0,50.0,1171957.55,12142171.0,2026-06-03,0,LOW,暫緩補資料
2887E,台新新光戊特一,UNKNOWN,market_relative_fallback,缺少產業分類，使用全市場相對強弱,0,0,0,0,0,0,50.0,231186.15,12023965.0,2026-06-03,0,LOW,暫緩補資料
2887H,台新新光庚特二,UNKNOWN,market_relative_fallback,缺少產業分類，使用全市場相對強弱,0,0,0,0,0,0,50.0,132992.6,16493732.0,2026-06-03,0,LOW,暫緩補資料
2891C,中信金丙特,UNKNOWN,market_relative_fallback,缺少產業分類，使用全市場相對強弱,0,0,0,0,0,0,50.0,94482.9,7114056.0,2026-06-03,0,LOW,暫緩補資料
3036A,文曄甲特,UNKNOWN,market_relative_fallback,缺少產業分類，使用全市場相對強弱,0,0,0,0,0,0,50.0,349499.5,35821904.0,2026-06-03,0,LOW,暫緩補資料
3454,晶睿,UNKNOWN,market_relative_fallback,缺少產業分類，使用全市場相對強弱,0,0,0,0,0,0,50.0,195358.9,14257074.0,2026-06-03,0,LOW,暫緩補資料
3514,昱晶,UNKNOWN,market_relative_fallback,缺少產業分類，使用全市場相對強弱,0,0,0,0,0,0,50.0,1021453.0,16969118.0,2026-06-03,0,LOW,暫緩補資料
3561,昇陽光電,UNKNOWN,market_relative_fallback,缺少產業分類，使用全市場相對強弱,0,0,0,0,0,0,50.0,370548.0,5017895.0,2026-06-03,0,LOW,暫緩補資料
5871A,中租-KY甲特,UNKNOWN,market_relative_fallback,缺少產業分類，使用全市場相對強弱,0,0,0,0,0,0,50.0,68010.5,22247066.0,2026-06-03,0,LOW,暫緩補資料
6145,勁永,UNKNOWN,market_relative_fallback,缺少產業分類，使用全市場相對強弱,0,0,0,0,0,0,50.0,715132.0,8778815.0,2026-06-03,0,LOW,暫緩補資料
6251,定穎,UNKNOWN,market_relative_fallback,缺少產業分類，使用全市場相對強弱,0,0,0,0,0,0,50.0,554352.0,6591732.0,2026-06-03,0,LOW,暫緩補資料
9103,美德醫療-DR,UNKNOWN,market_relative_fallback,缺少產業分類，使用全市場相對強弱,0,0,0,0,0,0,50.0,2184336.15,16547718.0,2026-06-03,0,LOW,暫緩補資料
0054,元大台商50,ETF,market_relative_fallback,缺少產業分類，使用全市場相對強弱,0,0,0,0,0,0,35.0,11000.0,258400.0,2026-06-03,0,LOW,暫緩補資料
0059,富邦金融,ETF,market_relative_fallback,缺少產業分類，使用全市場相對強弱,0,0,0,0,0,0,35.0,2000.0,80670.0,2026-06-03,0,LOW,暫緩補資料
00625K,富邦上証+R,ETF,market_relative_fallback,缺少產業分類，使用全市場相對強弱,0,0,0,0,0,0,35.0,10750.0,353500.0,2026-06-03,0,LOW,暫緩補資料
00634R,富邦上証反1,ETF,market_relative_fallback,缺少產業分類，使用全市場相對強弱,0,0,0,0,0,0,35.0,510500.8,1815139.0,2026-06-03,0,LOW,暫緩補資料
00636K,國泰中國A50+U,ETF,market_relative_fallback,缺少產業分類，使用全市場相對強弱,0,0,0,0,0,0,35.0,6265.0,4655.0,2026-06-03,0,LOW,暫緩補資料
00638R,元大滬深300反1,ETF,market_relative_fallback,缺少產業分類，使用全市場相對強弱,0,0,0,0,0,0,35.0,384275.4,2949459.0,2026-06-03,0,LOW,暫緩補資料
00643K,群益深証中小+R,ETF,market_relative_fallback,缺少產業分類，使用全市場相對強弱,0,0,0,0,0,0,35.0,2000.0,4330.0,2026-06-03,0,LOW,暫緩補資料
00648R,元大S&P500反1,ETF,market_relative_fallback,缺少產業分類，使用全市場相對強弱,0,0,0,0,0,0,35.0,1010667.65,3800936.0,2026-06-03,0,LOW,暫緩補資料
00649,FH香港,ETF,market_relative_fallback,缺少產業分類，使用全市場相對強弱,0,0,0,0,0,0,35.0,123000.0,2561820.0,2026-06-03,0,LOW,暫緩補資料
00651R,復華香港反1,ETF,market_relative_fallback,缺少產業分類，使用全市場相對強弱,0,0,0,0,0,0,35.0,229771.65,1134223.0,2026-06-03,0,LOW,暫緩補資料
00654R,富邦印度反1,ETF,market_relative_fallback,缺少產業分類，使用全市場相對強弱,0,0,0,0,0,0,35.0,116403.95,264050.0,2026-06-03,0,LOW,暫緩補資料
00656R,國泰中國A50反1,ETF,market_relative_fallback,缺少產業分類，使用全市場相對強弱,0,0,0,0,0,0,35.0,473003.1,2348909.0,2026-06-03,0,LOW,暫緩補資料
00657K,國泰日經225+U,ETF,market_relative_fallback,缺少產業分類，使用全市場相對強弱,0,0,0,0,0,0,35.0,6185.0,2561.0,2026-06-03,0,LOW,暫緩補資料
00658L,國泰日本正2,ETF,market_relative_fallback,缺少產業分類，使用全市場相對強弱,0,0,0,0,0,0,35.0,101000.0,3817150.0,2026-06-03,0,LOW,暫緩補資料
00659R,國泰日本反1,ETF,market_relative_fallback,缺少產業分類，使用全市場相對強弱,0,0,0,0,0,0,35.0,297000.0,3820920.0,2026-06-03,0,LOW,暫緩補資料
00660,元大歐洲50,ETF,market_relative_fallback,缺少產業分類，使用全市場相對強弱,0,0,0,0,0,0,35.0,22063.2,447963.0,2026-06-03,0,LOW,暫緩補資料
00666R,富邦恒生國企反1,ETF,market_relative_fallback,缺少產業分類，使用全市場相對強弱,0,0,0,0,0,0,35.0,74884.75,128565.0,2026-06-03,0,LOW,暫緩補資料
00667,元大韓國,ETF,market_relative_fallback,缺少產業分類，使用全市場相對強弱,0,0,0,0,0,0,35.0,1000.0,24000.0,2026-06-03,0,LOW,暫緩補資料
00668K,國泰美國道瓊+U,ETF,market_relative_fallback,缺少產業分類，使用全市場相對強弱,0,0,0,0,0,0,35.0,6355.0,3750.0,2026-06-03,0,LOW,暫緩補資料
00674R,期元大S&P黃金反1,ETF,market_relative_fallback,缺少產業分類，使用全市場相對強弱,0,0,0,0,0,0,35.0,125432.0,6245922.0,2026-06-03,0,LOW,暫緩補資料
00681R,元大美債20反1,ETF,market_relative_fallback,缺少產業分類，使用全市場相對強弱,0,0,0,0,0,0,35.0,74238.55,820900.0,2026-06-03,0,LOW,暫緩補資料
00682U,期元大美元指數,ETF,market_relative_fallback,缺少產業分類，使用全市場相對強弱,0,0,0,0,0,0,35.0,9767.1,654355.0,2026-06-03,0,LOW,暫緩補資料
00683L,期元大美元指正2,ETF,market_relative_fallback,缺少產業分類，使用全市場相對強弱,0,0,0,0,0,0,35.0,56875.95,223459.0,2026-06-03,0,LOW,暫緩補資料
00684R,期元大美元指反1,ETF,market_relative_fallback,缺少產業分類，使用全市場相對強弱,0,0,0,0,0,0,35.0,30515.9,1075162.0,2026-06-03,0,LOW,暫緩補資料
00689R,國泰20年美債反1,ETF,market_relative_fallback,缺少產業分類，使用全市場相對強弱,0,0,0,0,0,0,35.0,166450.2,66427.0,2026-06-03,0,LOW,暫緩補資料
00691R,兆豐藍籌30反1,ETF,market_relative_fallback,缺少產業分類，使用全市場相對強弱,0,0,0,0,0,0,35.0,20000.0,358900.0,2026-06-03,0,LOW,暫緩補資料
00702,國泰標普低波高息,ETF,market_relative_fallback,缺少產業分類，使用全市場相對強弱,0,0,0,0,0,0,35.0,108098.05,2511085.0,2026-06-03,0,LOW,暫緩補資料
00703,台新MSCI中國,ETF,market_relative_fallback,缺少產業分類，使用全市場相對強弱,0,0,0,0,0,0,35.0,80545.45,226583.0,2026-06-03,0,LOW,暫緩補資料
00704L,台新MSCI台灣正2,ETF,market_relative_fallback,缺少產業分類，使用全市場相對強弱,0,0,0,0,0,0,35.0,125000.0,2479000.0,2026-06-03,0,LOW,暫緩補資料
00705R,台新MSCI台灣反1,ETF,market_relative_fallback,缺少產業分類，使用全市場相對強弱,0,0,0,0,0,0,35.0,100000.0,1954000.0,2026-06-03,0,LOW,暫緩補資料
00707R,期元大S&P日圓反1,ETF,market_relative_fallback,缺少產業分類，使用全市場相對強弱,0,0,0,0,0,0,35.0,27911.75,20360.0,2026-06-03,0,LOW,暫緩補資料
00709,富邦歐洲,ETF,market_relative_fallback,缺少產業分類，使用全市場相對強弱,0,0,0,0,0,0,35.0,81572.25,3259408.0,2026-06-03,0,LOW,暫緩補資料
00710B,復華彭博非投等債,ETF,market_relative_fallback,缺少產業分類，使用全市場相對強弱,0,0,0,0,0,0,35.0,243157.95,3240799.0,2026-06-03,0,LOW,暫緩補資料
00711B,復華彭博新興債,ETF,market_relative_fallback,缺少產業分類，使用全市場相對強弱,0,0,0,0,0,0,35.0,108816.0,1711087.0,2026-06-03,0,LOW,暫緩補資料
00714,群益道瓊美國地產,ETF,market_relative_fallback,缺少產業分類，使用全市場相對強弱,0,0,0,0,0,0,35.0,201340.75,3024386.0,2026-06-03,0,LOW,暫緩補資料
00736,國泰新興市場,ETF,market_relative_fallback,缺少產業分類，使用全市場相對強弱,0,0,0,0,0,0,35.0,154490.2,3546245.0,2026-06-03,0,LOW,暫緩補資料
00739,元大MSCI A股,ETF,market_relative_fallback,缺少產業分類，使用全市場相對強弱,0,0,0,0,0,0,35.0,79451.85,1338200.0,2026-06-03,0,LOW,暫緩補資料
00771,元大US高息特別股,ETF,market_relative_fallback,缺少產業分類，使用全市場相對強弱,0,0,0,0,0,0,35.0,43667.4,242466.0,2026-06-03,0,LOW,暫緩補資料
00775B,新光投等債15+,ETF,market_relative_fallback,缺少產業分類，使用全市場相對強弱,0,0,0,0,0,0,35.0,98869.9,2576352.0,2026-06-03,0,LOW,暫緩補資料
008201,BP上證50,ETF,market_relative_fallback,缺少產業分類，使用全市場相對強弱,0,0,0,0,0,0,35.0,500.0,50100.0,2026-06-03,0,LOW,暫緩補資料
00851,台新全球AI,ETF,market_relative_fallback,缺少產業分類，使用全市場相對強弱,0,0,0,0,0,0,35.0,29429.15,1773553.0,2026-06-03,0,LOW,暫緩補資料
00898,國泰基因免疫革命,ETF,market_relative_fallback,缺少產業分類，使用全市場相對強弱,0,0,0,0,0,0,35.0,538549.65,2946371.0,2026-06-03,0,LOW,暫緩補資料
00899,FT潔淨能源,ETF,market_relative_fallback,缺少產業分類，使用全市場相對強弱,0,0,0,0,0,0,35.0,150736.4,6249041.0,2026-06-03,0,LOW,暫緩補資料
00908,富邦入息REITs+,ETF,market_relative_fallback,缺少產業分類，使用全市場相對強弱,0,0,0,0,0,0,35.0,133654.25,1322313.0,2026-06-03,0,LOW,暫緩補資料
01001T,土銀富邦R1,UNKNOWN,market_relative_fallback,缺少產業分類，使用全市場相對強弱,0,0,0,0,0,0,35.0,65988.1,568190.0,2026-06-03,0,LOW,暫緩補資料
01002T,土銀國泰R1,UNKNOWN,market_relative_fallback,缺少產業分類，使用全市場相對強弱,0,0,0,0,0,0,35.0,87463.4,989210.0,2026-06-03,0,LOW,暫緩補資料
01003T,兆豐新光R1,UNKNOWN,market_relative_fallback,缺少產業分類，使用全市場相對強弱,0,0,0,0,0,0,35.0,187000.0,2761050.0,2026-06-03,0,LOW,暫緩補資料
01004T,土銀富邦R2,UNKNOWN,market_relative_fallback,缺少產業分類，使用全市場相對強弱,0,0,0,0,0,0,35.0,125609.05,1664229.0,2026-06-03,0,LOW,暫緩補資料
01007T,兆豐國泰R2,UNKNOWN,market_relative_fallback,缺少產業分類，使用全市場相對強弱,0,0,0,0,0,0,35.0,95711.95,1118470.0,2026-06-03,0,LOW,暫緩補資料
01009T,王道圓滿R1,UNKNOWN,market_relative_fallback,缺少產業分類，使用全市場相對強弱,0,0,0,0,0,0,35.0,54635.25,102930.0,2026-06-03,0,LOW,暫緩補資料
01010T,京城樂富R1,UNKNOWN,market_relative_fallback,缺少產業分類，使用全市場相對強弱,0,0,0,0,0,0,35.0,241341.9,279690.0,2026-06-03,0,LOW,暫緩補資料
020000,富邦特選蘋果N,ETN,market_relative_fallback,缺少產業分類，使用全市場相對強弱,0,0,0,0,0,0,35.0,5700.0,599190.0,2026-06-03,0,LOW,暫緩補資料
020011,統一微波高息20N,ETN,market_relative_fallback,缺少產業分類，使用全市場相對強弱,0,0,0,0,0,0,35.0,1888.888888888889,15300.0,2026-06-03,0,LOW,暫緩補資料
020012,富邦行動通訊N,ETN,market_relative_fallback,缺少產業分類，使用全市場相對強弱,0,0,0,0,0,0,35.0,4600.0,25000.0,2026-06-03,0,LOW,暫緩補資料
02001R,富邦蘋果反一N,ETN,market_relative_fallback,缺少產業分類，使用全市場相對強弱,0,0,0,0,0,0,35.0,597950.0,4032230.0,2026-06-03,0,LOW,暫緩補資料
020020,元大台股領航N,ETN,market_relative_fallback,缺少產業分類，使用全市場相對強弱,0,0,0,0,0,0,35.0,46600.0,2434530.0,2026-06-03,0,LOW,暫緩補資料
020028,元大特選電動車N,ETN,market_relative_fallback,缺少產業分類，使用全市場相對強弱,0,0,0,0,0,0,35.0,27200.0,894440.0,2026-06-03,0,LOW,暫緩補資料
020029,元大ESG高股息N,ETN,market_relative_fallback,缺少產業分類，使用全市場相對強弱,0,0,0,0,0,0,35.0,30350.0,766520.0,2026-06-03,0,LOW,暫緩補資料
020030,統一智慧電動車N,ETN,market_relative_fallback,缺少產業分類，使用全市場相對強弱,0,0,0,0,0,0,35.0,27850.0,58170.0,2026-06-03,0,LOW,暫緩補資料
020031,統一IC設計臺灣N,ETN,market_relative_fallback,缺少產業分類，使用全市場相對強弱,0,0,0,0,0,0,35.0,126100.0,1076420.0,2026-06-03,0,LOW,暫緩補資料
020032,元大綠能N,ETN,market_relative_fallback,缺少產業分類，使用全市場相對強弱,0,0,0,0,0,0,35.0,12300.0,465430.0,2026-06-03,0,LOW,暫緩補資料
020034,元大IC設計N,ETN,market_relative_fallback,缺少產業分類，使用全市場相對強弱,0,0,0,0,0,0,35.0,86550.0,480340.0,2026-06-03,0,LOW,暫緩補資料
020036,元大金融配息N,ETN,market_relative_fallback,缺少產業分類，使用全市場相對強弱,0,0,0,0,0,0,35.0,4600.0,8770.0,2026-06-03,0,LOW,暫緩補資料
020037,元大金融高股息N,ETN,market_relative_fallback,缺少產業分類，使用全市場相對強弱,0,0,0,0,0,0,35.0,14550.0,313360.0,2026-06-03,0,LOW,暫緩補資料
020038,元大ESG配息N,ETN,market_relative_fallback,缺少產業分類，使用全市場相對強弱,0,0,0,0,0,0,35.0,30900.0,42340.0,2026-06-03,0,LOW,暫緩補資料
020039,元大加權N,ETN,market_relative_fallback,缺少產業分類，使用全市場相對強弱,0,0,0,0,0,0,35.0,28700.0,853800.0,2026-06-03,0,LOW,暫緩補資料
1101B,台泥乙特,UNKNOWN,market_relative_fallback,缺少產業分類，使用全市場相對強弱,0,0,0,0,0,0,35.0,43919.75,1406654.0,2026-06-03,0,LOW,暫緩補資料
1312A,國喬特,UNKNOWN,market_relative_fallback,缺少產業分類，使用全市場相對強弱,0,0,0,0,0,0,35.0,14050.0,361300.0,2026-06-03,0,LOW,暫緩補資料
1522A,堤維西甲特,UNKNOWN,market_relative_fallback,缺少產業分類，使用全市場相對強弱,0,0,0,0,0,0,35.0,5525.65,250000.0,2026-06-03,0,LOW,暫緩補資料
1592,英瑞-KY,UNKNOWN,market_relative_fallback,缺少產業分類，使用全市場相對強弱,0,0,0,0,0,0,35.0,32001.0,1065536.0,2026-06-03,0,LOW,暫緩補資料
1724,台硝,UNKNOWN,market_relative_fallback,缺少產業分類，使用全市場相對強弱,0,0,0,0,0,0,35.0,7004.0,98056.0,2026-06-03,0,LOW,暫緩補資料
2002A,中鋼特,UNKNOWN,market_relative_fallback,缺少產業分類，使用全市場相對強弱,0,0,0,0,0,0,35.0,30519.75,1633247.0,2026-06-03,0,LOW,暫緩補資料
2348A,海悅甲特,UNKNOWN,market_relative_fallback,缺少產業分類，使用全市場相對強弱,0,0,0,0,0,0,35.0,24081.2,193485.0,2026-06-03,0,LOW,暫緩補資料
2443,昶虹,UNKNOWN,market_relative_fallback,缺少產業分類，使用全市場相對強弱,0,0,0,0,0,0,35.0,46658.0,299906.0,2026-06-03,0,LOW,暫緩補資料
2836A,高雄銀甲特,UNKNOWN,market_relative_fallback,缺少產業分類，使用全市場相對強弱,0,0,0,0,0,0,35.0,27044.45,368498.0,2026-06-03,0,LOW,暫緩補資料
2838A,聯邦銀甲特,UNKNOWN,market_relative_fallback,缺少產業分類，使用全市場相對強弱,0,0,0,0,0,0,35.0,88994.1,14681131.0,2026-06-03,0,LOW,暫緩補資料
2856,元富證,UNKNOWN,market_relative_fallback,缺少產業分類，使用全市場相對強弱,0,0,0,0,0,0,35.0,422018.0,3612246.0,2026-06-03,0,LOW,暫緩補資料
2887F,台新新光戊特二,UNKNOWN,market_relative_fallback,缺少產業分類，使用全市場相對強弱,0,0,0,0,0,0,35.0,60333.3,1732932.0,2026-06-03,0,LOW,暫緩補資料
2887G,台新新光庚特一,UNKNOWN,market_relative_fallback,缺少產業分類，使用全市場相對強弱,0,0,0,0,0,0,35.0,100225.2,2374242.0,2026-06-03,0,LOW,暫緩補資料
2887Z1,台新新光己特,UNKNOWN,market_relative_fallback,缺少產業分類，使用全市場相對強弱,0,0,0,0,0,0,35.0,67349.05,746030.0,2026-06-03,0,LOW,暫緩補資料
2891B,中信金乙特,UNKNOWN,market_relative_fallback,缺少產業分類，使用全市場相對強弱,0,0,0,0,0,0,35.0,24890.15,637893.0,2026-06-03,0,LOW,暫緩補資料
2897B,王道銀乙特,UNKNOWN,market_relative_fallback,缺少產業分類，使用全市場相對強弱,0,0,0,0,0,0,35.0,46203.5,1555570.0,2026-06-03,0,LOW,暫緩補資料
2936,客思達-KY,UNKNOWN,market_relative_fallback,缺少產業分類，使用全市場相對強弱,0,0,0,0,0,0,35.0,7000.0,214000.0,2026-06-03,0,LOW,暫緩補資料
3383,新世紀,UNKNOWN,market_relative_fallback,缺少產業分類，使用全市場相對強弱,0,0,0,0,0,0,35.0,219548.0,784812.0,2026-06-03,0,LOW,暫緩補資料
3579,尚志,UNKNOWN,market_relative_fallback,缺少產業分類，使用全市場相對強弱,0,0,0,0,0,0,35.0,114001.0,1825065.0,2026-06-03,0,LOW,暫緩補資料
4141,龍燈-KY,UNKNOWN,market_relative_fallback,缺少產業分類，使用全市場相對強弱,0,0,0,0,0,0,35.0,46120.0,1299085.0,2026-06-03,0,LOW,暫緩補資料
4144,康聯-KY,UNKNOWN,market_relative_fallback,缺少產業分類，使用全市場相對強弱,0,0,0,0,0,0,35.0,86024.0,2914316.0,2026-06-03,0,LOW,暫緩補資料
5259,奕智博,UNKNOWN,market_relative_fallback,缺少產業分類，使用全市場相對強弱,0,0,0,0,0,0,35.0,26305.0,292195.0,2026-06-03,0,LOW,暫緩補資料
6172,互億,UNKNOWN,market_relative_fallback,缺少產業分類，使用全市場相對強弱,0,0,0,0,0,0,35.0,11462.0,118504.0,2026-06-03,0,LOW,暫緩補資料
6289,華上,UNKNOWN,market_relative_fallback,缺少產業分類，使用全市場相對強弱,0,0,0,0,0,0,35.0,15240.0,32338.0,2026-06-03,0,LOW,暫緩補資料
6592A,和潤企業甲特,UNKNOWN,market_relative_fallback,缺少產業分類，使用全市場相對強弱,0,0,0,0,0,0,35.0,8588.7,126882.0,2026-06-03,0,LOW,暫緩補資料
6592B,和潤企業乙特,UNKNOWN,market_relative_fallback,缺少產業分類，使用全市場相對強弱,0,0,0,0,0,0,35.0,27032.4,1199297.0,2026-06-03,0,LOW,暫緩補資料
6958A,日盛台駿甲特,UNKNOWN,market_relative_fallback,缺少產業分類，使用全市場相對強弱,0,0,0,0,0,0,35.0,11166.35,273850.0,2026-06-03,0,LOW,暫緩補資料
8112A,至上甲特,UNKNOWN,market_relative_fallback,缺少產業分類，使用全市場相對強弱,0,0,0,0,0,0,35.0,36117.95,652572.0,2026-06-03,0,LOW,暫緩補資料
8427,基勝-KY,UNKNOWN,market_relative_fallback,缺少產業分類，使用全市場相對強弱,0,0,0,0,0,0,35.0,12100.0,535290.0,2026-06-03,0,LOW,暫緩補資料
8480,泰昇-KY,UNKNOWN,market_relative_fallback,缺少產業分類，使用全市場相對強弱,0,0,0,0,0,0,35.0,2000.0,256000.0,2026-06-03,0,LOW,暫緩補資料
910322,康師傅-DR,UNKNOWN,market_relative_fallback,缺少產業分類，使用全市場相對強弱,0,0,0,0,0,0,35.0,20329.75,203254.0,2026-06-03,0,LOW,暫緩補資料
910482,聖馬丁-DR,UNKNOWN,market_relative_fallback,缺少產業分類，使用全市場相對強弱,0,0,0,0,0,0,35.0,337496.0,178357.0,2026-06-03,0,LOW,暫緩補資料
910708,恒大健-DR,UNKNOWN,market_relative_fallback,缺少產業分類，使用全市場相對強弱,0,0,0,0,0,0,35.0,2000.0,1240000.0,2026-06-03,0,LOW,暫緩補資料
910861,神州-DR,UNKNOWN,market_relative_fallback,缺少產業分類，使用全市場相對強弱,0,0,0,0,0,0,35.0,88980.85,1345381.0,2026-06-03,0,LOW,暫緩補資料
9110,越南控-DR,UNKNOWN,market_relative_fallback,缺少產業分類，使用全市場相對強弱,0,0,0,0,0,0,35.0,97568.0,605110.0,2026-06-03,0,LOW,暫緩補資料
911608,明輝-DR,UNKNOWN,market_relative_fallback,缺少產業分類，使用全市場相對強弱,0,0,0,0,0,0,35.0,64003.15,449936.0,2026-06-03,0,LOW,暫緩補資料
911616,杜康-DR,UNKNOWN,market_relative_fallback,缺少產業分類，使用全市場相對強弱,0,0,0,0,0,0,35.0,37000.0,37780.0,2026-06-03,0,LOW,暫緩補資料
911622,泰聚亨-DR,UNKNOWN,market_relative_fallback,缺少產業分類，使用全市場相對強弱,0,0,0,0,0,0,35.0,55709.2,162397.0,2026-06-03,0,LOW,暫緩補資料
911868,同方友友-DR,UNKNOWN,market_relative_fallback,缺少產業分類，使用全市場相對強弱,0,0,0,0,0,0,35.0,681819.85,1899345.0,2026-06-03,0,LOW,暫緩補資料
912000,晨訊科-DR,UNKNOWN,market_relative_fallback,缺少產業分類，使用全市場相對強弱,0,0,0,0,0,0,35.0,1005509.3,12828541.0,2026-06-03,0,LOW,暫緩補資料
912398,友佳-DR,UNKNOWN,market_relative_fallback,缺少產業分類，使用全市場相對強弱,0,0,0,0,0,0,35.0,15000.0,108000.0,2026-06-03,0,LOW,暫緩補資料
9157,陽光能源-DR,UNKNOWN,market_relative_fallback,缺少產業分類，使用全市場相對強弱,0,0,0,0,0,0,35.0,80555.0,111180.0,2026-06-03,0,LOW,暫緩補資料
9188,精熙-DR,UNKNOWN,market_relative_fallback,缺少產業分類，使用全市場相對強弱,0,0,0,0,0,0,35.0,160000.0,848100.0,2026-06-03,0,LOW,暫緩補資料
9941A,裕融甲特,UNKNOWN,market_relative_fallback,缺少產業分類，使用全市場相對強弱,0,0,0,0,0,0,35.0,34138.0,6135300.0,2026-06-03,0,LOW,暫緩補資料
