decision_date,trade_date,stock_id,stock_name,source,current_status,decision,decision_level,action,candidate_grade,reason,risk_flags,confidence_score,total_score,multi_factor_score,final_market_score,liquidity_score,sector_strength_score,event_risk_level,position_size_suggestion,can_auto_trade,requires_manual_review,data_quality_note
2026-05-26,2026-05-26,2453,凌群,candidate,CANDIDATE,WATCH_ONLY,WATCH,observe_only,B,B 級改列觀察名單，降低過度進場；需人工確認；技術條件偏強，仍需人工確認市場與流動性,相對強勢；產業資料不足；融資連增但股價不漲；缺少產業分類，使用全市場相對強弱,90.0,84.41,66.31,66.93,60.0,78.0,NONE,0.1,False,True,市場事件資料不足，採中性處理；基本面資料不足，採中性分數；估值資料不足，採中性分數；價格資料不足，動能採中性分數
2026-05-26,2026-05-26,3168,眾福科,candidate,CANDIDATE,WATCH_ONLY,WATCH,observe_only,B,B 級改列觀察名單，降低過度進場；需人工確認；技術條件偏強，仍需人工確認市場與流動性,相對強勢；產業資料不足；融資連增但股價不漲；流動性偏低；缺少產業分類，使用全市場相對強弱,90.0,83.8,65.76,66.9,50.0,78.0,NONE,0.1,False,True,市場事件資料不足，採中性處理；基本面資料不足，採中性分數；估值資料不足，採中性分數；價格資料不足，動能採中性分數
2026-05-26,2026-05-26,1530,亞崴,candidate,CANDIDATE,NO_TRADE,HIGH_RISK,no_action,D,不交易名單，風險或資料條件不符合；流動性太低,流動性偏低；滑價風險偏高；相對強勢；產業資料不足；融資連增但股價不漲；缺少產業分類，使用全市場相對強弱；流動性太低,90.0,83.54,66.72,65.55,35.0,78.0,NONE,0.1,False,True,市場事件資料不足，採中性處理；基本面資料不足，採中性分數；估值資料不足，採中性分數；價格資料不足，動能採中性分數
2026-05-26,2026-05-26,00935,野村臺灣新科技50,candidate,CANDIDATE,WATCH_ONLY,CAUTION,observe_only,C,觀察名單，資料或風險條件需人工確認；資料可信度偏低；部分資料不足,基本面資料不足；估值資料不足；財報資料不足；相對強勢；產業資料不足；缺少產業分類，使用全市場相對強弱；資料可信度偏低；資料不足,50.0,83.29,65.65,62.13,92.0,78.0,NONE,0.1,False,True,市場事件資料不足，採中性處理；基本面資料不足，採中性分數；估值資料不足，採中性分數；價格資料不足，動能採中性分數；基本面資料不足，採中性分數；估值資料不足，採中性分數
2026-05-26,2026-05-26,1568,倉佑,candidate,CANDIDATE,WATCH_ONLY,WATCH,observe_only,B,B 級改列觀察名單，降低過度進場；需人工確認；技術條件偏強，仍需人工確認市場與流動性,相對強勢；產業資料不足；融資連增但股價不漲；流動性偏低；缺少產業分類，使用全市場相對強弱,90.0,83.2,66.74,65.8,50.0,78.0,NONE,0.1,False,True,市場事件資料不足，採中性處理；基本面資料不足，採中性分數；估值資料不足，採中性分數；價格資料不足，動能採中性分數
2026-05-26,2026-05-26,1563,巧新,candidate,CANDIDATE,WATCH_ONLY,WATCH,observe_only,B,B 級改列觀察名單，降低過度進場；需人工確認；技術條件偏強，仍需人工確認市場與流動性,相對強勢；產業資料不足；融資連增但股價不漲；缺少產業分類，使用全市場相對強弱；PE 偏高,90.0,83.15,65.07,63.32,60.0,78.0,NONE,0.1,False,True,市場事件資料不足，採中性處理；基本面資料不足，採中性分數；估值資料不足，採中性分數；價格資料不足，動能採中性分數；PE 偏高
2026-05-26,2026-05-26,2476,鉅祥,candidate,CANDIDATE,NO_TRADE,HIGH_RISK,no_action,D,不交易名單，風險或資料條件不符合；未通過既有風控,相對強勢；產業資料不足；融資連增但股價不漲；缺少產業分類，使用全市場相對強弱,90.0,83.04,69.15,66.74,92.0,78.0,NONE,0.0,False,True,市場事件資料不足，採中性處理；基本面資料不足，採中性分數；估值資料不足，採中性分數；價格資料不足，動能採中性分數
2026-05-26,2026-05-26,2606,裕民,candidate,CANDIDATE,NO_TRADE,HIGH_RISK,no_action,D,不交易名單，風險或資料條件不符合；未通過既有風控,相對強勢；產業資料不足；缺少產業分類，使用全市場相對強弱,90.0,82.81,71.43,69.05,92.0,78.0,NONE,0.0,False,True,市場事件資料不足，採中性處理；基本面資料不足，採中性分數；估值資料不足，採中性分數；價格資料不足，動能採中性分數
2026-05-26,2026-05-26,2353,宏碁,candidate,CANDIDATE,NO_TRADE,HIGH_RISK,no_action,D,不交易名單，風險或資料條件不符合；未通過既有風控,相對強勢；產業資料不足；融資連增但股價不漲；缺少產業分類，使用全市場相對強弱,90.0,82.63,70.06,68.39,92.0,78.0,NONE,0.0,False,True,市場事件資料不足，採中性處理；基本面資料不足，採中性分數；估值資料不足，採中性分數；價格資料不足，動能採中性分數
2026-05-26,2026-05-26,00930,永豐ESG低碳高息,candidate,CANDIDATE,NO_TRADE,HIGH_RISK,no_action,D,不交易名單，風險或資料條件不符合；未通過既有風控,基本面資料不足；估值資料不足；財報資料不足；相對強勢；產業資料不足；缺少產業分類，使用全市場相對強弱,50.0,82.62,64.76,60.74,75.0,78.0,NONE,0.0,False,True,市場事件資料不足，採中性處理；基本面資料不足，採中性分數；估值資料不足，採中性分數；價格資料不足，動能採中性分數；基本面資料不足，採中性分數；估值資料不足，採中性分數
2026-05-26,2026-05-26,4952,凌通,candidate,CANDIDATE,NO_TRADE,HIGH_RISK,no_action,D,不交易名單，風險或資料條件不符合；未通過既有風控,相對強勢；產業資料不足；融資連增但股價不漲；缺少產業分類，使用全市場相對強弱；PE 偏高,90.0,82.54,65.86,63.08,75.0,78.0,NONE,0.0,False,True,市場事件資料不足，採中性處理；基本面資料不足，採中性分數；估值資料不足，採中性分數；價格資料不足，動能採中性分數；PE 偏高
2026-05-26,2026-05-26,1597,直得,candidate,CANDIDATE,NO_TRADE,HIGH_RISK,no_action,D,不交易名單，風險或資料條件不符合；未通過既有風控,相對強勢；產業資料不足；融資連增但股價不漲；缺少產業分類，使用全市場相對強弱；PE 偏高；PB 偏高；PB 過高,90.0,82.45,66.89,64.5,92.0,86.0,NONE,0.0,False,True,市場事件資料不足，採中性處理；基本面資料不足，採中性分數；估值資料不足，採中性分數；價格資料不足，動能採中性分數；PE 偏高；PB 偏高
2026-05-26,2026-05-26,2493,揚博,candidate,CANDIDATE,NO_TRADE,HIGH_RISK,no_action,D,不交易名單，風險或資料條件不符合；未通過既有風控,相對強勢；產業資料不足；融資連增但股價不漲；缺少產業分類，使用全市場相對強弱；PB 偏高；PB 過高,90.0,82.45,64.45,62.5,92.0,78.0,NONE,0.0,False,True,市場事件資料不足，採中性處理；基本面資料不足，採中性分數；估值資料不足，採中性分數；價格資料不足，動能採中性分數；PB 偏高
2026-05-26,2026-05-26,6719,力智,candidate,CANDIDATE,NO_TRADE,HIGH_RISK,no_action,D,不交易名單，風險或資料條件不符合；未通過既有風控,相對強勢；產業資料不足；融資連增但股價不漲；缺少產業分類，使用全市場相對強弱,90.0,82.45,65.45,63.7,92.0,78.0,NONE,0.0,False,True,市場事件資料不足，採中性處理；基本面資料不足，採中性分數；估值資料不足，採中性分數；價格資料不足，動能採中性分數
2026-05-26,2026-05-26,2484,希華,candidate,CANDIDATE,NO_TRADE,HIGH_RISK,no_action,D,不交易名單，風險或資料條件不符合；未通過既有風控,相對強勢；產業資料不足；注意股；缺少產業分類，使用全市場相對強弱；PE 偏高,90.0,82.45,65.01,63.8,92.0,78.0,MEDIUM,0.0,False,True,基本面資料不足，採中性分數；估值資料不足，採中性分數；價格資料不足，動能採中性分數；PE 偏高
2026-05-26,2026-05-26,6282,康舒,candidate,CANDIDATE,NO_TRADE,HIGH_RISK,no_action,D,不交易名單，風險或資料條件不符合；未通過既有風控,相對強勢；產業資料不足；缺少產業分類，使用全市場相對強弱；PE 偏高,90.0,82.45,68.25,65.3,92.0,78.0,NONE,0.0,False,True,市場事件資料不足，採中性處理；基本面資料不足，採中性分數；估值資料不足，採中性分數；價格資料不足，動能採中性分數；PE 偏高
2026-05-26,2026-05-26,6271,同欣電,candidate,CANDIDATE,NO_TRADE,HIGH_RISK,no_action,D,不交易名單，風險或資料條件不符合；未通過既有風控,相對強勢；產業資料不足；注意股；融資連增但股價不漲；缺少產業分類，使用全市場相對強弱,90.0,82.45,65.81,65.8,92.0,78.0,MEDIUM,0.0,False,True,基本面資料不足，採中性分數；估值資料不足，採中性分數；價格資料不足，動能採中性分數
2026-05-26,2026-05-26,6116,彩晶,candidate,CANDIDATE,NO_TRADE,HIGH_RISK,no_action,D,不交易名單，風險或資料條件不符合；未通過既有風控,相對強勢；產業資料不足；注意股；缺少產業分類，使用全市場相對強弱；PE 為空或負值；EPS 為負,90.0,82.45,64.99,66.4,92.0,78.0,MEDIUM,0.0,False,True,基本面資料不足，採中性分數；估值資料不足，採中性分數；價格資料不足，動能採中性分數；EPS 為負；PE 為空或負值
2026-05-26,2026-05-26,2312,金寶,candidate,CANDIDATE,NO_TRADE,HIGH_RISK,no_action,D,不交易名單，風險或資料條件不符合；未通過既有風控,相對強勢；產業資料不足；注意股；融資使用偏高；缺少產業分類，使用全市場相對強弱,90.0,82.45,64.97,62.2,92.0,78.0,MEDIUM,0.0,False,True,基本面資料不足，採中性分數；估值資料不足，採中性分數；價格資料不足，動能採中性分數
2026-05-26,2026-05-26,3042,晶技,candidate,CANDIDATE,NO_TRADE,HIGH_RISK,no_action,D,不交易名單，風險或資料條件不符合；未通過既有風控,相對強勢；產業資料不足；注意股；缺少產業分類，使用全市場相對強弱,90.0,82.45,66.41,65.8,92.0,78.0,MEDIUM,0.0,False,True,基本面資料不足，採中性分數；估值資料不足，採中性分數；價格資料不足，動能採中性分數
2026-05-26,2026-05-26,2376,技嘉,position,OPEN,HOLD,INFO,review_holding,-,持倉未觸發出場檢查，維持觀察,,50.0,0.0,50.0,50.0,50.0,50.0,NONE,0.1,False,True,資料品質已檢查；仍需人工確認
2026-05-26,2026-05-26,6206,飛捷,position,OPEN,REDUCE,CAUTION,reduce_risk,-,持倉風險升高，需人工檢查部位風險,,50.0,0.0,50.0,50.0,50.0,50.0,NONE,0.1,False,True,資料品質已檢查；仍需人工確認
2026-05-26,2026-05-26,5258,虹堡,position,OPEN,REDUCE,CAUTION,reduce_risk,-,持倉風險升高，需人工檢查部位風險,,50.0,0.0,50.0,50.0,50.0,50.0,NONE,0.1,False,True,資料品質已檢查；仍需人工確認
2026-05-26,2026-05-26,1256,鮮活果汁-KY,position,OPEN,HOLD,INFO,review_holding,-,持倉未觸發出場檢查，維持觀察,,50.0,0.0,50.0,50.0,50.0,50.0,NONE,0.1,False,True,資料品質已檢查；仍需人工確認
2026-05-26,2026-05-26,3048,益登,position,OPEN,REDUCE,CAUTION,reduce_risk,-,持倉風險升高，需人工檢查部位風險,,50.0,0.0,50.0,50.0,50.0,50.0,NONE,0.1,False,True,資料品質已檢查；仍需人工確認
2026-05-26,2026-05-26,8926,台汽電,position,OPEN,REDUCE,CAUTION,reduce_risk,-,持倉風險升高，需人工檢查部位風險,,50.0,0.0,50.0,50.0,50.0,50.0,NONE,0.1,False,True,資料品質已檢查；仍需人工確認
2026-05-26,2026-05-26,2030,彰源,position,OPEN,HOLD,INFO,review_holding,-,持倉未觸發出場檢查，維持觀察,,50.0,0.0,50.0,50.0,50.0,50.0,NONE,0.1,False,True,資料品質已檢查；仍需人工確認
2026-05-26,2026-05-26,2425,承啟,position,OPEN,HOLD,INFO,review_holding,-,持倉未觸發出場檢查，維持觀察,,50.0,0.0,50.0,50.0,50.0,50.0,NONE,0.1,False,True,資料品質已檢查；仍需人工確認
2026-05-26,2026-05-26,6579,研揚,position,OPEN,REDUCE,CAUTION,reduce_risk,-,持倉風險升高，需人工檢查部位風險,,50.0,0.0,50.0,50.0,50.0,50.0,NONE,0.1,False,True,資料品質已檢查；仍需人工確認
2026-05-26,2026-05-26,3059,華晶科,position,OPEN,HOLD,INFO,review_holding,-,持倉未觸發出場檢查，維持觀察,,50.0,0.0,50.0,50.0,50.0,50.0,NONE,0.1,False,True,資料品質已檢查；仍需人工確認
2026-05-26,2026-05-26,8163,達方,position,OPEN,HOLD,INFO,review_holding,-,持倉未觸發出場檢查，維持觀察,,50.0,0.0,50.0,50.0,50.0,50.0,NONE,0.1,False,True,資料品質已檢查；仍需人工確認
2026-05-26,2026-05-26,4562,穎漢,position,OPEN,HOLD,INFO,review_holding,-,持倉未觸發出場檢查，維持觀察,,50.0,0.0,50.0,50.0,50.0,50.0,NONE,0.1,False,True,資料品質已檢查；仍需人工確認
2026-05-26,2026-05-26,6834,天二科技,position,OPEN,REDUCE,CAUTION,reduce_risk,-,持倉風險升高，需人工檢查部位風險,,50.0,0.0,50.0,50.0,50.0,50.0,NONE,0.1,False,True,資料品質已檢查；仍需人工確認
2026-05-26,2026-05-26,2478,大毅,position,OPEN,REDUCE,CAUTION,reduce_risk,-,持倉風險升高，需人工檢查部位風險,,50.0,0.0,50.0,50.0,50.0,50.0,NONE,0.1,False,True,資料品質已檢查；仍需人工確認
2026-05-26,2026-05-26,6902,GOGOLOOK,position,OPEN,REDUCE,CAUTION,reduce_risk,-,持倉風險升高，需人工檢查部位風險,,50.0,0.0,50.0,50.0,50.0,50.0,NONE,0.1,False,True,資料品質已檢查；仍需人工確認
2026-05-26,2026-05-26,4571,鈞興-KY,position,OPEN,HOLD,INFO,review_holding,-,持倉未觸發出場檢查，維持觀察,,50.0,0.0,50.0,50.0,50.0,50.0,NONE,0.1,False,True,資料品質已檢查；仍需人工確認
