stock_id,stock_name,financial_quarter,eps,eps_yoy,roe,gross_margin,operating_margin,net_margin,debt_ratio,operating_cash_flow,financial_source,financial_source_status,financial_period
1101,台泥,115Q1,0.1,,,18.7179,8.4183,3.6322,,,TWSE OpenAPI t187ap06_L_ci,OK,115Q1
1102,亞泥,115Q1,0.56,,,13.002,7.9853,12.0793,,,TWSE OpenAPI t187ap06_L_ci,OK,115Q1
1103,嘉泥,115Q1,0.08,,,21.1488,2.2941,7.456,,,TWSE OpenAPI t187ap06_L_ci,OK,115Q1
1104,環泥,115Q1,0.41,,,27.9496,16.244,16.5134,,,TWSE OpenAPI t187ap06_L_ci,OK,115Q1
1108,幸福,115Q1,0.17,,,16.1351,9.0659,7.0244,,,TWSE OpenAPI t187ap06_L_ci,OK,115Q1
1109,信大,115Q1,0.01,,,6.2325,-1.8643,-1.8422,,,TWSE OpenAPI t187ap06_L_ci,OK,115Q1
1110,東泥,115Q1,0.05,,,14.3307,7.5638,4.2923,,,TWSE OpenAPI t187ap06_L_ci,OK,115Q1
1201,味全,115Q1,0.2,,,27.4098,0.7907,2.0346,,,TWSE OpenAPI t187ap06_L_ci,OK,115Q1
1203,味王,115Q1,0.49,,,34.4677,15.75,13.6553,,,TWSE OpenAPI t187ap06_L_ci,OK,115Q1
1210,大成,115Q1,0.94,,,14.066,4.3897,3.6021,,,TWSE OpenAPI t187ap06_L_ci,OK,115Q1
1213,大飲,115Q1,-0.37,,,-2.0017,-16.276,-27.3809,,,TWSE OpenAPI t187ap06_L_ci,OK,115Q1
1215,卜蜂,115Q1,1.26,,,17.7454,7.9924,5.2,,,TWSE OpenAPI t187ap06_L_ci,OK,115Q1
1216,統一,115Q1,1.15,,,33.7825,5.8583,5.5788,,,TWSE OpenAPI t187ap06_L_ci,OK,115Q1
1217,愛之味,115Q1,-0.13,,,26.3512,1.8313,-5.4876,,,TWSE OpenAPI t187ap06_L_ci,OK,115Q1
1218,泰山,115Q1,0.32,,,17.1426,6.3107,5.9397,,,TWSE OpenAPI t187ap06_L_ci,OK,115Q1
1219,福壽,115Q1,0.11,,,7.8079,0.0788,-0.1039,,,TWSE OpenAPI t187ap06_L_ci,OK,115Q1
1220,台榮,115Q1,-0.17,,,7.7887,-3.8453,-3.5787,,,TWSE OpenAPI t187ap06_L_ci,OK,115Q1
1225,福懋油,115Q1,0.44,,,9.2974,4.4491,3.8821,,,TWSE OpenAPI t187ap06_L_ci,OK,115Q1
1227,佳格,115Q1,0.52,,,23.4388,6.874,6.182,,,TWSE OpenAPI t187ap06_L_ci,OK,115Q1
1229,聯華,115Q1,0.55,,,23.3172,9.6529,41.6296,,,TWSE OpenAPI t187ap06_L_ci,OK,115Q1
1231,聯華食,115Q1,1.0,,,21.6619,9.514,8.8709,,,TWSE OpenAPI t187ap06_L_ci,OK,115Q1
1232,大統益,115Q1,2.33,,,13.69,8.1443,6.6136,,,TWSE OpenAPI t187ap06_L_ci,OK,115Q1
1233,天仁,115Q1,0.34,,,61.077,6.396,5.351,,,TWSE OpenAPI t187ap06_L_ci,OK,115Q1
1234,黑松,115Q1,0.29,,,23.9453,2.0063,4.9733,,,TWSE OpenAPI t187ap06_L_ci,OK,115Q1
1235,興泰,115Q1,-0.54,,,28.5484,6.8679,-213.4882,,,TWSE OpenAPI t187ap06_L_ci,OK,115Q1
1236,宏亞,115Q1,0.23,,,28.0907,4.6111,3.6622,,,TWSE OpenAPI t187ap06_L_ci,OK,115Q1
1256,鮮活果汁-KY,115Q1,3.24,,,30.3866,13.2499,10.1595,,,TWSE OpenAPI t187ap06_L_ci,OK,115Q1
1301,台塑,115Q1,0.51,,,3.7048,-3.1007,7.7852,,,TWSE OpenAPI t187ap06_L_ci,OK,115Q1
1303,南亞,115Q1,1.8,,,11.9375,5.4549,21.393,,,TWSE OpenAPI t187ap06_L_ci,OK,115Q1
1304,台聚,115Q1,-0.41,,,2.857,-5.8532,-9.0415,,,TWSE OpenAPI t187ap06_L_ci,OK,115Q1
1305,華夏,115Q1,-0.21,,,1.9688,-6.5653,-5.0547,,,TWSE OpenAPI t187ap06_L_ci,OK,115Q1
1307,三芳,115Q1,0.97,,,32.5925,13.9042,13.0737,,,TWSE OpenAPI t187ap06_L_ci,OK,115Q1
1308,亞聚,115Q1,-0.2,,,5.6617,1.0389,-9.2352,,,TWSE OpenAPI t187ap06_L_ci,OK,115Q1
1309,台達化,115Q1,-0.53,,,-1.7564,-8.2569,-6.3665,,,TWSE OpenAPI t187ap06_L_ci,OK,115Q1
1310,台苯,115Q1,-0.94,,,8.9402,7.1196,-22.6873,,,TWSE OpenAPI t187ap06_L_ci,OK,115Q1
1312,國喬,115Q1,-1.17,,,-1.727,-11.8929,-17.6689,,,TWSE OpenAPI t187ap06_L_ci,OK,115Q1
1313,聯成,115Q1,0.08,,,6.2099,1.3526,0.7092,,,TWSE OpenAPI t187ap06_L_ci,OK,115Q1
1314,中石化,115Q1,-0.07,,,-7.1237,-15.817,-6.5318,,,TWSE OpenAPI t187ap06_L_ci,OK,115Q1
1315,達新,115Q1,0.15,,,10.9962,-10.1377,3.6326,,,TWSE OpenAPI t187ap06_L_ci,OK,115Q1
1316,上曜,115Q1,-0.19,,,32.1538,2.9366,2.1593,,,TWSE OpenAPI t187ap06_L_ci,OK,115Q1
1319,東陽,115Q1,1.62,,,32.5054,15.7615,16.73,,,TWSE OpenAPI t187ap06_L_ci,OK,115Q1
1321,大洋,115Q1,0.16,,,11.9739,2.3707,3.9864,,,TWSE OpenAPI t187ap06_L_ci,OK,115Q1
1323,永裕,115Q1,0.36,,,18.632,4.4538,6.1234,,,TWSE OpenAPI t187ap06_L_ci,OK,115Q1
1324,地球,115Q1,-0.06,,,16.1473,-3.0985,-2.6521,,,TWSE OpenAPI t187ap06_L_ci,OK,115Q1
1325,恆大,115Q1,-0.08,,,-20.0108,-38.0737,-13.3091,,,TWSE OpenAPI t187ap06_L_ci,OK,115Q1
1326,台化,115Q1,1.07,,,7.7404,3.817,7.9933,,,TWSE OpenAPI t187ap06_L_ci,OK,115Q1
1337,再生-KY,115Q1,-0.43,,,-8.6712,-64.5106,-75.4575,,,TWSE OpenAPI t187ap06_L_ci,OK,115Q1
1338,廣華-KY,115Q1,-1.15,,,25.0817,-4.6871,-7.4035,,,TWSE OpenAPI t187ap06_L_ci,OK,115Q1
1339,昭輝,115Q1,2.78,,,24.6166,-0.2633,56.7004,,,TWSE OpenAPI t187ap06_L_ci,OK,115Q1
1340,勝悅-KY,115Q1,-0.3,,,-181.268,-376.9917,-399.1255,,,TWSE OpenAPI t187ap06_L_ci,OK,115Q1
1341,富林-KY,115Q1,1.62,,,25.0581,15.1513,12.5971,,,TWSE OpenAPI t187ap06_L_ci,OK,115Q1
1342,八貫,115Q1,2.08,,,27.2031,20.3582,17.6816,,,TWSE OpenAPI t187ap06_L_ci,OK,115Q1
1402,遠東新,115Q1,0.61,,,21.9015,7.9878,9.0595,,,TWSE OpenAPI t187ap06_L_ci,OK,115Q1
1410,南染,115Q1,0.03,,,31.616,-2.1116,0.8115,,,TWSE OpenAPI t187ap06_L_ci,OK,115Q1
1413,宏洲,115Q1,-0.13,,,-0.8687,-3.3687,-3.8754,,,TWSE OpenAPI t187ap06_L_ci,OK,115Q1
1414,東和,115Q1,0.06,,,11.1025,-6.1991,9.6913,,,TWSE OpenAPI t187ap06_L_ci,OK,115Q1
1416,廣豐,115Q1,0.18,,,34.9563,-1.1026,34.0681,,,TWSE OpenAPI t187ap06_L_ci,OK,115Q1
1417,嘉裕,115Q1,-0.22,,,66.827,-2.6939,-57.3453,,,TWSE OpenAPI t187ap06_L_ci,OK,115Q1
1418,東華,115Q1,-0.75,,,-8.179,-3514.1975,-6311.7284,,,TWSE OpenAPI t187ap06_L_ci,OK,115Q1
1419,新紡,115Q1,9.37,,,25.8605,10.5063,193.0474,,,TWSE OpenAPI t187ap06_L_ci,OK,115Q1
1423,利華,115Q1,0.15,,,25.0792,-2.0203,49.1563,,,TWSE OpenAPI t187ap06_L_ci,OK,115Q1
1432,大魯閣,115Q1,-0.54,,,16.5035,-26.6298,-31.6177,,,TWSE OpenAPI t187ap06_L_ci,OK,115Q1
1434,福懋,115Q1,0.2,,,11.1775,2.8465,4.8229,,,TWSE OpenAPI t187ap06_L_ci,OK,115Q1
1435,中福,115Q1,-0.08,,,64.0803,-614.9833,-740.2007,,,TWSE OpenAPI t187ap06_L_ci,OK,115Q1
1436,華友聯,115Q1,-0.31,,,49.22,-16.1033,-83.5442,,,TWSE OpenAPI t187ap06_L_ci,OK,115Q1
1437,勤益控,115Q1,0.68,,,61.4128,47.04,79.56,,,TWSE OpenAPI t187ap06_L_ci,OK,115Q1
1438,三地開發,115Q1,0.65,,,39.5629,32.4118,19.0279,,,TWSE OpenAPI t187ap06_L_ci,OK,115Q1
1439,雋揚,115Q1,0.59,,,30.1191,6.4601,76.5439,,,TWSE OpenAPI t187ap06_L_ci,OK,115Q1
1440,南紡,115Q1,-0.05,,,8.7251,-3.8372,-2.1809,,,TWSE OpenAPI t187ap06_L_ci,OK,115Q1
1441,大東,115Q1,-0.62,,,1.4184,-11.1664,-15.487,,,TWSE OpenAPI t187ap06_L_ci,OK,115Q1
1442,名軒,115Q1,0.23,,,49.8659,34.4387,28.371,,,TWSE OpenAPI t187ap06_L_ci,OK,115Q1
1443,立益物流,115Q1,0.52,,,47.6934,35.9989,32.3056,,,TWSE OpenAPI t187ap06_L_ci,OK,115Q1
1444,力麗,115Q1,0.07,,,5.4727,-0.66,3.0879,,,TWSE OpenAPI t187ap06_L_ci,OK,115Q1
1445,大宇,115Q1,0.03,,,24.6466,2.3431,2.3221,,,TWSE OpenAPI t187ap06_L_ci,OK,115Q1
1446,宏和,115Q1,0.5,,,39.1037,22.3444,37.828,,,TWSE OpenAPI t187ap06_L_ci,OK,115Q1
1447,力鵬,115Q1,0.1,,,2.6609,0.7183,1.1214,,,TWSE OpenAPI t187ap06_L_ci,OK,115Q1
1449,佳和,115Q1,-0.23,,,10.0601,-7.573,-3.5156,,,TWSE OpenAPI t187ap06_L_ci,OK,115Q1
1451,年興,115Q1,0.47,,,16.4521,5.8947,6.0398,,,TWSE OpenAPI t187ap06_L_ci,OK,115Q1
1452,宏益,115Q1,-0.09,,,3.3048,-3.5135,-3.5387,,,TWSE OpenAPI t187ap06_L_ci,OK,115Q1
1453,大將,115Q1,-0.05,,,63.9257,-2244.8276,-1399.2042,,,TWSE OpenAPI t187ap06_L_ci,OK,115Q1
1454,台富,115Q1,-0.2,,,3.8028,-9.7002,-8.1467,,,TWSE OpenAPI t187ap06_L_ci,OK,115Q1
1455,集盛,115Q1,-0.05,,,2.1256,-3.5691,-2.1158,,,TWSE OpenAPI t187ap06_L_ci,OK,115Q1
1456,怡華,115Q1,-0.43,,,39.6804,24.9919,-18.5666,,,TWSE OpenAPI t187ap06_L_ci,OK,115Q1
1457,宜進,115Q1,0.2,,,5.9189,12.4954,4.9039,,,TWSE OpenAPI t187ap06_L_ci,OK,115Q1
1459,聯發,115Q1,0.03,,,18.8787,10.5144,4.1807,,,TWSE OpenAPI t187ap06_L_ci,OK,115Q1
1460,宏遠,115Q1,0.02,,,17.6794,0.6971,0.7816,,,TWSE OpenAPI t187ap06_L_ci,OK,115Q1
1463,強盛新,115Q1,-0.01,,,17.0612,-9.1507,-3.9608,,,TWSE OpenAPI t187ap06_L_ci,OK,115Q1
1464,得力,115Q1,0.3,,,20.8842,3.5167,4.1531,,,TWSE OpenAPI t187ap06_L_ci,OK,115Q1
1465,偉全,115Q1,0.27,,,2.3588,-13.7528,28.5209,,,TWSE OpenAPI t187ap06_L_ci,OK,115Q1
1466,聚隆,115Q1,0.17,,,12.6449,1.5401,3.8802,,,TWSE OpenAPI t187ap06_L_ci,OK,115Q1
1467,南緯,115Q1,0.11,,,19.7598,0.5458,2.3422,,,TWSE OpenAPI t187ap06_L_ci,OK,115Q1
1468,昶和,115Q1,0.17,,,25.9048,5.3736,21.4072,,,TWSE OpenAPI t187ap06_L_ci,OK,115Q1
1470,大統新創,115Q1,0.31,,,26.9883,12.2715,13.9416,,,TWSE OpenAPI t187ap06_L_ci,OK,115Q1
1471,首利,115Q1,-0.03,,,-20.2462,-144.449,-17.3026,,,TWSE OpenAPI t187ap06_L_ci,OK,115Q1
1472,三洋實業,115Q1,1.78,,,14.6671,11.6361,10.2255,,,TWSE OpenAPI t187ap06_L_ci,OK,115Q1
1473,台南,115Q1,0.69,,,18.3786,5.2688,5.1217,,,TWSE OpenAPI t187ap06_L_ci,OK,115Q1
1474,弘裕,115Q1,0.09,,,10.9049,-0.7586,1.4473,,,TWSE OpenAPI t187ap06_L_ci,OK,115Q1
1475,業旺,115Q1,0.88,,,17.8859,12.1908,16.6352,,,TWSE OpenAPI t187ap06_L_ci,OK,115Q1
1476,儒鴻,115Q1,6.69,,,32.1662,22.8136,19.0677,,,TWSE OpenAPI t187ap06_L_ci,OK,115Q1
1477,聚陽,115Q1,4.35,,,26.1441,15.481,12.1098,,,TWSE OpenAPI t187ap06_L_ci,OK,115Q1
1503,士電,115Q1,2.79,,,23.7717,16.0472,13.1124,,,TWSE OpenAPI t187ap06_L_ci,OK,115Q1
1504,東元,115Q1,0.51,,,23.4741,8.279,8.7016,,,TWSE OpenAPI t187ap06_L_ci,OK,115Q1
1506,正道,115Q1,0.02,,,17.4394,2.1274,1.8333,,,TWSE OpenAPI t187ap06_L_ci,OK,115Q1
1512,瑞利,115Q1,0.09,,,31.8038,-4.7145,2.6408,,,TWSE OpenAPI t187ap06_L_ci,OK,115Q1
1513,中興電,115Q1,1.94,,,25.9755,18.5404,14.7946,,,TWSE OpenAPI t187ap06_L_ci,OK,115Q1
1514,亞力,115Q1,0.73,,,17.5446,8.357,7.9348,,,TWSE OpenAPI t187ap06_L_ci,OK,115Q1
1515,力山,115Q1,0.07,,,14.7402,-0.4275,1.0999,,,TWSE OpenAPI t187ap06_L_ci,OK,115Q1
1516,川飛,115Q1,-0.05,,,6.1134,-8.8288,-7.9631,,,TWSE OpenAPI t187ap06_L_ci,OK,115Q1
1517,利奇,115Q1,-0.19,,,1.1312,-19.5927,-8.3931,,,TWSE OpenAPI t187ap06_L_ci,OK,115Q1
1519,華城,115Q1,3.29,,,43.6057,21.1982,21.3565,,,TWSE OpenAPI t187ap06_L_ci,OK,115Q1
1521,大億,115Q1,0.44,,,15.0491,3.1916,3.3203,,,TWSE OpenAPI t187ap06_L_ci,OK,115Q1
1522,堤維西,115Q1,-0.19,,,15.4794,-1.2136,-0.3657,,,TWSE OpenAPI t187ap06_L_ci,OK,115Q1
1524,耿鼎,115Q1,0.53,,,30.2842,16.6291,15.4706,,,TWSE OpenAPI t187ap06_L_ci,OK,115Q1
1525,江申,115Q1,-0.82,,,14.4302,1.0379,-21.2469,,,TWSE OpenAPI t187ap06_L_ci,OK,115Q1
1526,日馳,115Q1,-0.44,,,12.5785,-19.5083,-16.3811,,,TWSE OpenAPI t187ap06_L_ci,OK,115Q1
1527,鑽全,115Q1,0.32,,,18.4124,3.8518,7.0883,,,TWSE OpenAPI t187ap06_L_ci,OK,115Q1
1528,恩德,115Q1,-0.15,,,30.4658,-5.0599,-4.1182,,,TWSE OpenAPI t187ap06_L_ci,OK,115Q1
1529,樂事綠能,115Q1,0.16,,,16.0802,9.8611,11.4707,,,TWSE OpenAPI t187ap06_L_ci,OK,115Q1
1530,亞崴,115Q1,0.18,,,12.7858,-3.5262,3.1959,,,TWSE OpenAPI t187ap06_L_ci,OK,115Q1
1531,高林股,115Q1,0.03,,,14.6927,-6.5131,1.5514,,,TWSE OpenAPI t187ap06_L_ci,OK,115Q1
1532,勤美,115Q1,-0.09,,,21.6049,1.4824,-0.7307,,,TWSE OpenAPI t187ap06_L_ci,OK,115Q1
1533,車王電,115Q1,0.84,,,27.8082,7.1189,10.5754,,,TWSE OpenAPI t187ap06_L_ci,OK,115Q1
1535,中宇,115Q1,0.77,,,11.6429,5.18,4.3214,,,TWSE OpenAPI t187ap06_L_ci,OK,115Q1
1536,和大,115Q1,-0.52,,,6.5196,-13.5133,-12.4283,,,TWSE OpenAPI t187ap06_L_ci,OK,115Q1
1537,廣隆,115Q1,2.11,,,20.2852,11.3646,10.0833,,,TWSE OpenAPI t187ap06_L_ci,OK,115Q1
1538,正峰,115Q1,-1.11,,,15.694,-159.1396,-344.5163,,,TWSE OpenAPI t187ap06_L_ci,OK,115Q1
1539,巨庭,115Q1,0.08,,,8.5054,-0.6914,2.2126,,,TWSE OpenAPI t187ap06_L_ci,OK,115Q1
1540,喬福,115Q1,0.32,,,24.2767,7.9542,31.4087,,,TWSE OpenAPI t187ap06_L_ci,OK,115Q1
1541,錩泰,115Q1,0.48,,,18.742,2.4843,6.3282,,,TWSE OpenAPI t187ap06_L_ci,OK,115Q1
1558,伸興,115Q1,1.23,,,24.2036,5.9963,7.9719,,,TWSE OpenAPI t187ap06_L_ci,OK,115Q1
1560,中砂,115Q1,2.94,,,34.9969,19.3805,19.2808,,,TWSE OpenAPI t187ap06_L_ci,OK,115Q1
1563,巧新,115Q1,0.6,,,22.0054,8.7159,6.9843,,,TWSE OpenAPI t187ap06_L_ci,OK,115Q1
1568,倉佑,115Q1,0.51,,,36.9969,19.7419,21.1358,,,TWSE OpenAPI t187ap06_L_ci,OK,115Q1
1582,信錦,115Q1,0.35,,,19.9682,5.274,2.6118,,,TWSE OpenAPI t187ap06_L_ci,OK,115Q1
1583,程泰,115Q1,0.18,,,18.0295,-4.878,3.0212,,,TWSE OpenAPI t187ap06_L_ci,OK,115Q1
1587,吉茂,115Q1,0.04,,,16.8096,2.9559,0.4181,,,TWSE OpenAPI t187ap06_L_ci,OK,115Q1
1590,亞德客-KY,115Q1,13.35,,,47.9709,33.2039,26.6732,,,TWSE OpenAPI t187ap06_L_ci,OK,115Q1
1597,直得,115Q1,0.43,,,41.7635,13.2478,11.3361,,,TWSE OpenAPI t187ap06_L_ci,OK,115Q1
1598,岱宇,115Q1,0.25,,,42.1224,3.5013,2.114,,,TWSE OpenAPI t187ap06_L_ci,OK,115Q1
1603,華電,115Q1,0.29,,,8.8325,5.5082,3.5039,,,TWSE OpenAPI t187ap06_L_ci,OK,115Q1
1604,聲寶,115Q1,0.51,,,20.1541,6.4268,8.1022,,,TWSE OpenAPI t187ap06_L_ci,OK,115Q1
1605,華新,115Q1,0.81,,,7.774,1.3326,8.5171,,,TWSE OpenAPI t187ap06_L_ci,OK,115Q1
1608,華榮,115Q1,0.37,,,14.0114,12.1462,5.8837,,,TWSE OpenAPI t187ap06_L_ci,OK,115Q1
1609,大亞,115Q1,0.66,,,18.8459,14.0804,7.236,,,TWSE OpenAPI t187ap06_L_ci,OK,115Q1
1611,中電,115Q1,0.13,,,38.2655,12.5853,16.7299,,,TWSE OpenAPI t187ap06_L_ci,OK,115Q1
1612,宏泰,115Q1,0.82,,,17.3965,14.249,13.5846,,,TWSE OpenAPI t187ap06_L_ci,OK,115Q1
1614,三洋電,115Q1,0.47,,,18.4733,2.7644,9.7326,,,TWSE OpenAPI t187ap06_L_ci,OK,115Q1
1615,大山,115Q1,0.94,,,23.4063,19.0271,14.0219,,,TWSE OpenAPI t187ap06_L_ci,OK,115Q1
1616,億泰,115Q1,0.28,,,9.857,5.4001,4.1076,,,TWSE OpenAPI t187ap06_L_ci,OK,115Q1
1617,榮星,115Q1,0.08,,,8.2694,1.5373,1.4049,,,TWSE OpenAPI t187ap06_L_ci,OK,115Q1
1618,合機,115Q1,1.57,,,33.7409,30.1575,25.9191,,,TWSE OpenAPI t187ap06_L_ci,OK,115Q1
1623,大東電,115Q1,4.33,,,21.9313,19.7524,15.0383,,,TWSE OpenAPI t187ap06_L_ci,OK,115Q1
1626,艾美特-KY,115Q1,-1.11,,,13.3715,-7.754,-9.0994,,,TWSE OpenAPI t187ap06_L_ci,OK,115Q1
1702,南僑,115Q1,0.12,,,24.1143,1.1742,1.569,,,TWSE OpenAPI t187ap06_L_ci,OK,115Q1
1707,葡萄王,115Q1,1.18,,,69.6693,14.7207,12.5751,,,TWSE OpenAPI t187ap06_L_ci,OK,115Q1
1708,東鹼,115Q1,1.11,,,30.5677,16.6715,17.8669,,,TWSE OpenAPI t187ap06_L_ci,OK,115Q1
1709,和益,115Q1,0.55,,,20.3316,13.2242,10.9221,,,TWSE OpenAPI t187ap06_L_ci,OK,115Q1
1710,東聯,115Q1,-0.15,,,1.6569,-3.3048,-3.9506,,,TWSE OpenAPI t187ap06_L_ci,OK,115Q1
1711,永光,115Q1,0.09,,,21.5163,1.8328,2.4273,,,TWSE OpenAPI t187ap06_L_ci,OK,115Q1
1712,興農,115Q1,0.67,,,30.6693,7.6449,5.9547,,,TWSE OpenAPI t187ap06_L_ci,OK,115Q1
1713,國化,115Q1,1.36,,,10.2674,-10.8055,182.8833,,,TWSE OpenAPI t187ap06_L_ci,OK,115Q1
1714,和桐,115Q1,0.23,,,11.2376,6.8662,5.6629,,,TWSE OpenAPI t187ap06_L_ci,OK,115Q1
1717,長興,115Q1,0.37,,,22.161,5.223,4.1958,,,TWSE OpenAPI t187ap06_L_ci,OK,115Q1
1720,生達,115Q1,1.3,,,43.6228,20.7985,18.076,,,TWSE OpenAPI t187ap06_L_ci,OK,115Q1
1721,三晃,115Q1,-0.36,,,-5.6343,-16.1739,-16.7456,,,TWSE OpenAPI t187ap06_L_ci,OK,115Q1
1722,台肥,115Q1,0.19,,,6.9881,-1.2962,4.9212,,,TWSE OpenAPI t187ap06_L_ci,OK,115Q1
1723,中碳,115Q1,0.77,,,25.0233,14.1823,13.9989,,,TWSE OpenAPI t187ap06_L_ci,OK,115Q1
1725,元禎,115Q1,0.23,,,4.8145,2.1553,1.8909,,,TWSE OpenAPI t187ap06_L_ci,OK,115Q1
1726,永記,115Q1,2.03,,,29.0344,14.0766,12.3757,,,TWSE OpenAPI t187ap06_L_ci,OK,115Q1
1727,中華化,115Q1,0.28,,,17.9517,8.3089,6.9125,,,TWSE OpenAPI t187ap06_L_ci,OK,115Q1
1730,花仙子,115Q1,1.48,,,50.6424,17.4041,15.7718,,,TWSE OpenAPI t187ap06_L_ci,OK,115Q1
1731,美吾華,115Q1,0.43,,,62.2926,16.5258,12.7672,,,TWSE OpenAPI t187ap06_L_ci,OK,115Q1
1732,毛寶,115Q1,0.35,,,41.8292,8.1295,8.8333,,,TWSE OpenAPI t187ap06_L_ci,OK,115Q1
1733,五鼎,115Q1,0.81,,,33.7995,16.7803,15.6564,,,TWSE OpenAPI t187ap06_L_ci,OK,115Q1
1734,杏輝,115Q1,0.39,,,43.8467,11.042,8.256,,,TWSE OpenAPI t187ap06_L_ci,OK,115Q1
1735,日勝化,115Q1,0.2,,,19.2615,4.8648,3.2834,,,TWSE OpenAPI t187ap06_L_ci,OK,115Q1
1736,喬山,115Q1,0.08,,,51.3264,-0.7848,0.2046,,,TWSE OpenAPI t187ap06_L_ci,OK,115Q1
1737,臺鹽,115Q1,0.47,,,40.4018,15.3894,11.964,,,TWSE OpenAPI t187ap06_L_ci,OK,115Q1
1752,南光,115Q1,0.32,,,35.404,13.3598,6.0458,,,TWSE OpenAPI t187ap06_L_ci,OK,115Q1
1760,寶齡富錦,115Q1,0.6,,,51.8746,16.0253,9.9642,,,TWSE OpenAPI t187ap06_L_ci,OK,115Q1
1762,中化生,115Q1,1.64,,,41.6865,22.0394,25.0816,,,TWSE OpenAPI t187ap06_L_ci,OK,115Q1
1773,勝一,115Q1,2.02,,,37.5504,23.3549,19.8977,,,TWSE OpenAPI t187ap06_L_ci,OK,115Q1
1776,展宇,115Q1,0.35,,,23.0794,9.8172,8.3158,,,TWSE OpenAPI t187ap06_L_ci,OK,115Q1
1783,和康生,115Q1,0.59,,,70.4995,30.6018,27.6594,,,TWSE OpenAPI t187ap06_L_ci,OK,115Q1
1786,科妍,115Q1,0.29,,,70.7201,10.3749,10.6934,,,TWSE OpenAPI t187ap06_L_ci,OK,115Q1
1789,神隆,115Q1,0.02,,,33.5808,1.2866,2.5055,,,TWSE OpenAPI t187ap06_L_ci,OK,115Q1
1795,美時,115Q1,2.18,,,50.7336,22.6643,6.5615,,,TWSE OpenAPI t187ap06_L_ci,OK,115Q1
1802,台玻,115Q1,0.2,,,19.2254,7.8823,5.715,,,TWSE OpenAPI t187ap06_L_ci,OK,115Q1
1805,寶徠,115Q1,0.14,,,35.3068,18.8256,17.7137,,,TWSE OpenAPI t187ap06_L_ci,OK,115Q1
1806,冠軍,115Q1,-0.1,,,16.1305,-6.4361,-5.8689,,,TWSE OpenAPI t187ap06_L_ci,OK,115Q1
1808,潤隆,115Q1,1.06,,,27.3526,22.8025,17.4749,,,TWSE OpenAPI t187ap06_L_ci,OK,115Q1
1809,中釉,115Q1,0.05,,,19.3667,-0.0432,-0.0657,,,TWSE OpenAPI t187ap06_L_ci,OK,115Q1
1810,和成,115Q1,3.64,,,17.3554,-19.134,105.7169,,,TWSE OpenAPI t187ap06_L_ci,OK,115Q1
1817,凱撒衛,115Q1,1.21,,,38.8247,19.2202,14.4582,,,TWSE OpenAPI t187ap06_L_ci,OK,115Q1
1903,士紙,115Q1,-0.07,,,65.987,-21.527,-48.4332,,,TWSE OpenAPI t187ap06_L_ci,OK,115Q1
1904,正隆,115Q1,0.56,,,20.6305,6.6797,5.9905,,,TWSE OpenAPI t187ap06_L_ci,OK,115Q1
1905,華紙,115Q1,-0.16,,,5.2426,-4.8923,-4.0253,,,TWSE OpenAPI t187ap06_L_ci,OK,115Q1
1906,寶隆,115Q1,-0.03,,,8.0113,2.1041,-0.5047,,,TWSE OpenAPI t187ap06_L_ci,OK,115Q1
1907,永豐餘,115Q1,0.13,,,13.4966,-0.4298,1.4283,,,TWSE OpenAPI t187ap06_L_ci,OK,115Q1
1909,榮成,115Q1,-0.02,,,10.3109,0.1486,-0.2767,,,TWSE OpenAPI t187ap06_L_ci,OK,115Q1
2002,中鋼,115Q1,-0.16,,,3.3313,-0.7839,-2.3498,,,TWSE OpenAPI t187ap06_L_ci,OK,115Q1
2006,東和鋼鐵,115Q1,1.66,,,14.7355,10.2244,8.9553,,,TWSE OpenAPI t187ap06_L_ci,OK,115Q1
2007,燁興,115Q1,-0.45,,,-8.4209,-13.4029,-22.9602,,,TWSE OpenAPI t187ap06_L_ci,OK,115Q1
2008,高興昌,115Q1,0.13,,,17.2181,9.7902,6.8358,,,TWSE OpenAPI t187ap06_L_ci,OK,115Q1
2009,第一銅,115Q1,0.21,,,11.2253,9.2722,9.5954,,,TWSE OpenAPI t187ap06_L_ci,OK,115Q1
2010,春源,115Q1,0.57,,,10.6084,7.2125,5.8127,,,TWSE OpenAPI t187ap06_L_ci,OK,115Q1
2012,春雨,115Q1,-0.12,,,11.3334,0.0074,-1.5472,,,TWSE OpenAPI t187ap06_L_ci,OK,115Q1
2013,中鋼構,115Q1,0.66,,,4.8835,2.9515,2.8699,,,TWSE OpenAPI t187ap06_L_ci,OK,115Q1
2014,中鴻,115Q1,-0.1,,,-0.9507,-2.9766,-3.2616,,,TWSE OpenAPI t187ap06_L_ci,OK,115Q1
2015,豐興,115Q1,0.91,,,12.8108,9.2011,8.2123,,,TWSE OpenAPI t187ap06_L_ci,OK,115Q1
2017,官田鋼,115Q1,-0.14,,,2.6431,-11.5907,-12.6002,,,TWSE OpenAPI t187ap06_L_ci,OK,115Q1
2020,美亞,115Q1,0.4,,,22.3106,14.7717,10.5068,,,TWSE OpenAPI t187ap06_L_ci,OK,115Q1
2022,聚亨,115Q1,-0.09,,,6.342,-0.0062,-0.6479,,,TWSE OpenAPI t187ap06_L_ci,OK,115Q1
2023,燁輝,115Q1,-0.4,,,8.5443,0.5268,-5.1367,,,TWSE OpenAPI t187ap06_L_ci,OK,115Q1
2024,志聯,115Q1,0.16,,,8.3733,2.4247,6.6855,,,TWSE OpenAPI t187ap06_L_ci,OK,115Q1
2025,千興,115Q1,0.47,,,22.2064,18.9067,21.4603,,,TWSE OpenAPI t187ap06_L_ci,OK,115Q1
2027,大成鋼,115Q1,1.17,,,27.3232,18.07,11.2674,,,TWSE OpenAPI t187ap06_L_ci,OK,115Q1
2028,威致,115Q1,0.15,,,5.0499,2.9271,2.0572,,,TWSE OpenAPI t187ap06_L_ci,OK,115Q1
2029,盛餘,115Q1,0.42,,,14.1509,4.6662,4.5209,,,TWSE OpenAPI t187ap06_L_ci,OK,115Q1
2030,彰源,115Q1,0.61,,,15.0668,7.908,6.3909,,,TWSE OpenAPI t187ap06_L_ci,OK,115Q1
2031,新光鋼,115Q1,0.22,,,12.3736,9.325,1.7391,,,TWSE OpenAPI t187ap06_L_ci,OK,115Q1
2032,新鋼,115Q1,0.49,,,11.9044,7.7745,8.1699,,,TWSE OpenAPI t187ap06_L_ci,OK,115Q1
2033,佳大,115Q1,0.09,,,15.5438,4.9237,4.2509,,,TWSE OpenAPI t187ap06_L_ci,OK,115Q1
2034,允強,115Q1,0.0,,,8.4148,1.267,0.0627,,,TWSE OpenAPI t187ap06_L_ci,OK,115Q1
2038,海光,115Q1,0.16,,,1.9034,-0.4703,1.3759,,,TWSE OpenAPI t187ap06_L_ci,OK,115Q1
2049,上銀,115Q1,1.64,,,31.942,9.8839,8.6059,,,TWSE OpenAPI t187ap06_L_ci,OK,115Q1
2059,川湖,115Q1,36.58,,,77.74,67.0557,63.963,,,TWSE OpenAPI t187ap06_L_ci,OK,115Q1
2062,橋椿,115Q1,0.0,,,10.5989,2.3171,0.0196,,,TWSE OpenAPI t187ap06_L_ci,OK,115Q1
2069,運錩,115Q1,0.64,,,12.0578,5.9916,4.6113,,,TWSE OpenAPI t187ap06_L_ci,OK,115Q1
2072,世紀風電,115Q1,5.26,,,30.9174,28.3191,22.8755,,,TWSE OpenAPI t187ap06_L_ci,OK,115Q1
2101,南港,115Q1,1.86,,,41.2561,30.4014,24.7816,,,TWSE OpenAPI t187ap06_L_ci,OK,115Q1
2102,泰豐,115Q1,0.01,,,15.0767,-113.7612,14.1624,,,TWSE OpenAPI t187ap06_L_ci,OK,115Q1
2103,台橡,115Q1,0.53,,,12.2519,6.3019,4.8568,,,TWSE OpenAPI t187ap06_L_ci,OK,115Q1
2104,國際中橡,115Q1,-0.81,,,-16.8836,-25.3237,-28.199,,,TWSE OpenAPI t187ap06_L_ci,OK,115Q1
2105,正新,115Q1,0.57,,,24.8409,9.9306,7.9184,,,TWSE OpenAPI t187ap06_L_ci,OK,115Q1
2106,建大,115Q1,0.12,,,19.7507,2.9374,1.2782,,,TWSE OpenAPI t187ap06_L_ci,OK,115Q1
2107,厚生,115Q1,0.23,,,33.2649,18.8666,21.4068,,,TWSE OpenAPI t187ap06_L_ci,OK,115Q1
2108,南帝,115Q1,0.34,,,27.237,12.4148,10.7664,,,TWSE OpenAPI t187ap06_L_ci,OK,115Q1
2109,華豐,115Q1,0.41,,,22.7566,10.9535,13.1645,,,TWSE OpenAPI t187ap06_L_ci,OK,115Q1
2114,鑫永銓,115Q1,1.41,,,40.2684,32.1973,28.4122,,,TWSE OpenAPI t187ap06_L_ci,OK,115Q1
2115,六暉-KY,115Q1,0.27,,,18.3997,6.9117,3.4701,,,TWSE OpenAPI t187ap06_L_ci,OK,115Q1
2201,裕隆,115Q1,0.35,,,32.9902,9.0118,6.2109,,,TWSE OpenAPI t187ap06_L_ci,OK,115Q1
2204,中華,115Q1,1.18,,,13.9098,4.6248,6.5804,,,TWSE OpenAPI t187ap06_L_ci,OK,115Q1
2206,三陽工業,115Q1,1.37,,,21.2022,9.417,7.3684,,,TWSE OpenAPI t187ap06_L_ci,OK,115Q1
2208,台船,115Q1,0.07,,,0.0474,-3.8011,1.8167,,,TWSE OpenAPI t187ap06_L_ci,OK,115Q1
2211,長榮鋼,115Q1,1.07,,,23.1534,18.6235,15.64,,,TWSE OpenAPI t187ap06_L_ci,OK,115Q1
2227,裕日車,115Q1,-0.89,,,11.0795,-4.1803,-8.4243,,,TWSE OpenAPI t187ap06_L_ci,OK,115Q1
2228,劍麟,115Q1,0.87,,,22.3869,8.3928,5.6411,,,TWSE OpenAPI t187ap06_L_ci,OK,115Q1
2231,為升,115Q1,0.4,,,36.7112,3.0046,2.2272,,,TWSE OpenAPI t187ap06_L_ci,OK,115Q1
2233,宇隆,115Q1,1.59,,,27.586,10.4917,13.2207,,,TWSE OpenAPI t187ap06_L_ci,OK,115Q1
2236,百達-KY,115Q1,0.19,,,13.5719,4.8564,0.3191,,,TWSE OpenAPI t187ap06_L_ci,OK,115Q1
2239,英利-KY,115Q1,-1.68,,,8.4051,-6.468,-6.2485,,,TWSE OpenAPI t187ap06_L_ci,OK,115Q1
2241,艾姆勒,115Q1,-0.15,,,11.2003,-5.8654,-4.8816,,,TWSE OpenAPI t187ap06_L_ci,OK,115Q1
2243,宏旭-KY,115Q1,0.66,,,15.4556,7.783,8.2465,,,TWSE OpenAPI t187ap06_L_ci,OK,115Q1
2247,汎德永業,115Q1,2.35,,,11.9632,2.5479,2.1191,,,TWSE OpenAPI t187ap06_L_ci,OK,115Q1
2248,華勝-KY,115Q1,1.87,,,31.8366,16.341,14.9978,,,TWSE OpenAPI t187ap06_L_ci,OK,115Q1
2250,IKKA-KY,115Q1,0.64,,,17.0692,3.6295,2.8971,,,TWSE OpenAPI t187ap06_L_ci,OK,115Q1
2254,巨鎧精密-創,115Q1,-1.04,,,-73.189,-204.2832,-219.0967,,,TWSE OpenAPI t187ap06_L_ci,OK,115Q1
2258,鴻華先進-創,115Q1,-0.51,,,13.6638,-106.7629,-109.7852,,,TWSE OpenAPI t187ap06_L_ci,OK,115Q1
2301,光寶科,115Q1,1.66,,,21.6621,9.4438,8.6959,,,TWSE OpenAPI t187ap06_L_ci,OK,115Q1
2302,麗正,115Q1,0.25,,,32.7165,7.4268,19.1661,,,TWSE OpenAPI t187ap06_L_ci,OK,115Q1
2303,聯電,115Q1,1.29,,,29.1925,18.4744,26.4049,,,TWSE OpenAPI t187ap06_L_ci,OK,115Q1
2305,全友,115Q1,0.16,,,42.2125,7.517,20.1868,,,TWSE OpenAPI t187ap06_L_ci,OK,115Q1
2308,台達電,115Q1,7.91,,,37.0002,17.833,14.9571,,,TWSE OpenAPI t187ap06_L_ci,OK,115Q1
2312,金寶,115Q1,0.35,,,6.8732,2.468,2.006,,,TWSE OpenAPI t187ap06_L_ci,OK,115Q1
2313,華通,115Q1,1.26,,,17.9822,9.9151,7.6947,,,TWSE OpenAPI t187ap06_L_ci,OK,115Q1
2314,台揚,115Q1,-0.97,,,14.4436,-27.8225,-26.7688,,,TWSE OpenAPI t187ap06_L_ci,OK,115Q1
2316,楠梓電,115Q1,3.53,,,6.1978,-7.1426,62.5692,,,TWSE OpenAPI t187ap06_L_ci,OK,115Q1
2317,鴻海,115Q1,3.56,,,6.1797,3.5691,2.6872,,,TWSE OpenAPI t187ap06_L_ci,OK,115Q1
2321,東訊,115Q1,-0.12,,,32.7026,1.8635,1.2065,,,TWSE OpenAPI t187ap06_L_ci,OK,115Q1
2323,中環,115Q1,-0.41,,,26.3826,6.2083,-21.5466,,,TWSE OpenAPI t187ap06_L_ci,OK,115Q1
2324,仁寶,115Q1,0.45,,,5.2644,1.3135,1.1876,,,TWSE OpenAPI t187ap06_L_ci,OK,115Q1
2327,國巨*,115Q1,3.9,,,38.1018,25.1873,21.0596,,,TWSE OpenAPI t187ap06_L_ci,OK,115Q1
2328,廣宇,115Q1,-0.16,,,7.7873,-0.3428,-2.531,,,TWSE OpenAPI t187ap06_L_ci,OK,115Q1
2329,華泰,115Q1,0.33,,,12.791,5.6085,4.8273,,,TWSE OpenAPI t187ap06_L_ci,OK,115Q1
2330,台積電,115Q1,22.08,,,66.2458,58.1046,50.507,,,TWSE OpenAPI t187ap06_L_ci,OK,115Q1
2331,精英,115Q1,0.11,,,8.6912,0.43,1.2504,,,TWSE OpenAPI t187ap06_L_ci,OK,115Q1
2332,友訊,115Q1,-0.05,,,25.2702,0.9169,-0.5728,,,TWSE OpenAPI t187ap06_L_ci,OK,115Q1
2337,旺宏,115Q1,0.9,,,40.8006,18.4602,16.9968,,,TWSE OpenAPI t187ap06_L_ci,OK,115Q1
2338,光罩,115Q1,0.52,,,17.5525,0.9254,10.2912,,,TWSE OpenAPI t187ap06_L_ci,OK,115Q1
2340,台亞,115Q1,-0.49,,,-3.9639,-26.7482,-24.9481,,,TWSE OpenAPI t187ap06_L_ci,OK,115Q1
2342,茂矽,115Q1,-0.11,,,15.8586,-5.0432,-3.4905,,,TWSE OpenAPI t187ap06_L_ci,OK,115Q1
2344,華邦電,115Q1,2.25,,,53.3683,32.8091,26.4493,,,TWSE OpenAPI t187ap06_L_ci,OK,115Q1
2345,智邦,115Q1,14.92,,,19.5503,14.3305,11.8839,,,TWSE OpenAPI t187ap06_L_ci,OK,115Q1
2347,聯強,115Q1,1.77,,,4.2964,2.6696,2.4463,,,TWSE OpenAPI t187ap06_L_ci,OK,115Q1
2348,海悅,115Q1,0.16,,,28.1151,16.5004,1.2326,,,TWSE OpenAPI t187ap06_L_ci,OK,115Q1
2349,錸德,115Q1,0.02,,,21.2144,3.4934,-1.1573,,,TWSE OpenAPI t187ap06_L_ci,OK,115Q1
2351,順德,115Q1,1.22,,,19.1237,9.6904,8.2938,,,TWSE OpenAPI t187ap06_L_ci,OK,115Q1
2352,佳世達,115Q1,0.2,,,16.6718,1.3433,0.7281,,,TWSE OpenAPI t187ap06_L_ci,OK,115Q1
2353,宏碁,115Q1,0.23,,,11.1648,1.109,1.8489,,,TWSE OpenAPI t187ap06_L_ci,OK,115Q1
2354,鴻準,115Q1,0.47,,,4.8443,1.4759,2.5898,,,TWSE OpenAPI t187ap06_L_ci,OK,115Q1
2355,敬鵬,115Q1,0.62,,,12.0847,4.798,6.083,,,TWSE OpenAPI t187ap06_L_ci,OK,115Q1
2356,英業達,115Q1,0.68,,,5.0804,1.8047,1.215,,,TWSE OpenAPI t187ap06_L_ci,OK,115Q1
2357,華碩,115Q1,13.19,,,14.8633,5.709,5.3543,,,TWSE OpenAPI t187ap06_L_ci,OK,115Q1
2359,所羅門,115Q1,0.78,,,21.4385,-4.0231,16.0586,,,TWSE OpenAPI t187ap06_L_ci,OK,115Q1
2360,致茂,115Q1,9.12,,,62.5992,40.4511,33.2901,,,TWSE OpenAPI t187ap06_L_ci,OK,115Q1
2362,藍天,115Q1,0.61,,,20.8847,6.8465,7.1007,,,TWSE OpenAPI t187ap06_L_ci,OK,115Q1
2363,矽統,115Q1,0.17,,,28.7948,7.1964,8.3566,,,TWSE OpenAPI t187ap06_L_ci,OK,115Q1
2364,倫飛,115Q1,0.83,,,38.461,9.0276,13.0071,,,TWSE OpenAPI t187ap06_L_ci,OK,115Q1
2365,昆盈,115Q1,0.14,,,39.2645,7.2898,12.6647,,,TWSE OpenAPI t187ap06_L_ci,OK,115Q1
2367,燿華,115Q1,-0.4,,,5.7696,-7.7119,-7.2985,,,TWSE OpenAPI t187ap06_L_ci,OK,115Q1
2368,金像電,115Q1,6.87,,,34.8078,26.8451,18.038,,,TWSE OpenAPI t187ap06_L_ci,OK,115Q1
2369,菱生,115Q1,0.1,,,7.2501,1.5603,2.0221,,,TWSE OpenAPI t187ap06_L_ci,OK,115Q1
2371,大同,115Q1,-0.05,,,16.4366,3.7708,-0.6778,,,TWSE OpenAPI t187ap06_L_ci,OK,115Q1
2373,震旦行,115Q1,0.72,,,45.1257,4.667,6.5929,,,TWSE OpenAPI t187ap06_L_ci,OK,115Q1
2374,佳能,115Q1,0.73,,,24.318,9.0908,8.9644,,,TWSE OpenAPI t187ap06_L_ci,OK,115Q1
2375,凱美,115Q1,0.78,,,16.9625,6.0051,5.9189,,,TWSE OpenAPI t187ap06_L_ci,OK,115Q1
2376,技嘉,115Q1,7.86,,,12.0074,7.0568,5.3726,,,TWSE OpenAPI t187ap06_L_ci,OK,115Q1
2377,微星,115Q1,4.04,,,15.0035,6.8905,6.0736,,,TWSE OpenAPI t187ap06_L_ci,OK,115Q1
2379,瑞昱,115Q1,8.44,,,49.6587,11.8929,11.8874,,,TWSE OpenAPI t187ap06_L_ci,OK,115Q1
2380,虹光,115Q1,0.4,,,38.6066,8.4087,3.5954,,,TWSE OpenAPI t187ap06_L_ci,OK,115Q1
2382,廣達,115Q1,5.5,,,4.782,2.8452,2.6329,,,TWSE OpenAPI t187ap06_L_ci,OK,115Q1
2383,台光電,115Q1,14.9,,,29.4223,21.5575,16.1452,,,TWSE OpenAPI t187ap06_L_ci,OK,115Q1
2385,群光,115Q1,2.0,,,16.1483,7.5473,7.2472,,,TWSE OpenAPI t187ap06_L_ci,OK,115Q1
2387,精元,115Q1,0.49,,,11.6453,2.1317,2.897,,,TWSE OpenAPI t187ap06_L_ci,OK,115Q1
2388,威盛,115Q1,0.08,,,23.9482,-24.0237,0.217,,,TWSE OpenAPI t187ap06_L_ci,OK,115Q1
2390,云辰,115Q1,0.54,,,23.2279,-6.781,70.2392,,,TWSE OpenAPI t187ap06_L_ci,OK,115Q1
2392,正崴,115Q1,-0.46,,,19.3162,9.9828,8.7981,,,TWSE OpenAPI t187ap06_L_ci,OK,115Q1
2393,億光,115Q1,0.91,,,24.7326,7.4141,8.2559,,,TWSE OpenAPI t187ap06_L_ci,OK,115Q1
2395,研華,115Q1,3.85,,,39.1451,18.2901,16.2778,,,TWSE OpenAPI t187ap06_L_ci,OK,115Q1
2397,友通,115Q1,0.76,,,24.8929,5.5685,3.9716,,,TWSE OpenAPI t187ap06_L_ci,OK,115Q1
2399,映泰,115Q1,1.48,,,16.4681,-8.7437,60.5428,,,TWSE OpenAPI t187ap06_L_ci,OK,115Q1
2401,凌陽,115Q1,-0.02,,,49.7378,7.8299,5.3261,,,TWSE OpenAPI t187ap06_L_ci,OK,115Q1
2402,毅嘉,115Q1,0.07,,,12.8221,2.8676,0.7336,,,TWSE OpenAPI t187ap06_L_ci,OK,115Q1
2404,漢唐,115Q1,16.31,,,23.3204,19.5692,15.2156,,,TWSE OpenAPI t187ap06_L_ci,OK,115Q1
2405,輔信,115Q1,0.0,,,44.9289,-0.4161,0.089,,,TWSE OpenAPI t187ap06_L_ci,OK,115Q1
2406,國碩,115Q1,0.27,,,19.1867,10.2906,10.7467,,,TWSE OpenAPI t187ap06_L_ci,OK,115Q1
2408,南亞科,115Q1,8.41,,,67.8907,61.3428,53.0859,,,TWSE OpenAPI t187ap06_L_ci,OK,115Q1
2409,友達,115Q1,-0.15,,,11.8547,-0.9208,-1.5058,,,TWSE OpenAPI t187ap06_L_ci,OK,115Q1
2412,中華電,115Q1,1.3,,,37.9236,21.8451,17.6829,,,TWSE OpenAPI t187ap06_L_ci,OK,115Q1
2413,環科,115Q1,0.51,,,15.5781,1.9591,7.8195,,,TWSE OpenAPI t187ap06_L_ci,OK,115Q1
2414,精技,115Q1,1.17,,,8.1607,3.1402,2.5422,,,TWSE OpenAPI t187ap06_L_ci,OK,115Q1
2415,錩新,115Q1,0.35,,,24.8906,11.1362,6.8985,,,TWSE OpenAPI t187ap06_L_ci,OK,115Q1
2417,圓剛,115Q1,0.28,,,57.9764,5.6789,7.6061,,,TWSE OpenAPI t187ap06_L_ci,OK,115Q1
2419,仲琦,115Q1,0.07,,,19.161,1.3295,1.9837,,,TWSE OpenAPI t187ap06_L_ci,OK,115Q1
2420,新巨,115Q1,1.05,,,47.7564,29.8494,29.1394,,,TWSE OpenAPI t187ap06_L_ci,OK,115Q1
2421,建準,115Q1,2.36,,,31.6634,15.7061,12.9304,,,TWSE OpenAPI t187ap06_L_ci,OK,115Q1
2423,固緯,115Q1,1.3,,,56.1864,25.9664,22.942,,,TWSE OpenAPI t187ap06_L_ci,OK,115Q1
2424,隴華,115Q1,-0.58,,,-1.9226,-114.2888,-105.4147,,,TWSE OpenAPI t187ap06_L_ci,OK,115Q1
2425,承啟,115Q1,0.62,,,7.7036,0.0113,15.1659,,,TWSE OpenAPI t187ap06_L_ci,OK,115Q1
2426,鼎元,115Q1,0.06,,,19.6347,3.068,3.0513,,,TWSE OpenAPI t187ap06_L_ci,OK,115Q1
2427,三商電,115Q1,0.28,,,18.9113,3.5665,2.9482,,,TWSE OpenAPI t187ap06_L_ci,OK,115Q1
2428,興勤,115Q1,2.21,,,33.9731,19.8956,13.85,,,TWSE OpenAPI t187ap06_L_ci,OK,115Q1
2429,銘旺科,115Q1,-0.45,,,4.2408,-31.028,-35.1241,,,TWSE OpenAPI t187ap06_L_ci,OK,115Q1
2430,燦坤,115Q1,0.07,,,14.7986,0.5367,0.1992,,,TWSE OpenAPI t187ap06_L_ci,OK,115Q1
2431,聯昌,115Q1,-0.2,,,-6.3772,-43.9082,-35.9179,,,TWSE OpenAPI t187ap06_L_ci,OK,115Q1
2432,倚天酷碁-創,115Q1,0.26,,,10.9219,1.9216,1.7048,,,TWSE OpenAPI t187ap06_L_ci,OK,115Q1
2433,互盛電,115Q1,0.51,,,34.8802,13.7472,11.3104,,,TWSE OpenAPI t187ap06_L_ci,OK,115Q1
2434,統懋,115Q1,-0.13,,,-26.2247,-154.8803,-43.5451,,,TWSE OpenAPI t187ap06_L_ci,OK,115Q1
2436,偉詮電,115Q1,0.7,,,33.5378,13.6746,13.1199,,,TWSE OpenAPI t187ap06_L_ci,OK,115Q1
2438,翔耀,115Q1,-0.32,,,15.019,-15.6453,-18.1523,,,TWSE OpenAPI t187ap06_L_ci,OK,115Q1
2439,美律,115Q1,1.03,,,11.8268,1.8823,3.5092,,,TWSE OpenAPI t187ap06_L_ci,OK,115Q1
2440,太空梭,115Q1,0.14,,,5.8738,2.5074,1.9838,,,TWSE OpenAPI t187ap06_L_ci,OK,115Q1
2441,超豐,115Q1,1.4,,,23.6288,19.5584,16.8969,,,TWSE OpenAPI t187ap06_L_ci,OK,115Q1
2442,新美齊,115Q1,1.14,,,28.845,22.6219,18.4688,,,TWSE OpenAPI t187ap06_L_ci,OK,115Q1
2444,兆勁,115Q1,-0.51,,,0.855,-27.6181,-25.6201,,,TWSE OpenAPI t187ap06_L_ci,OK,115Q1
2449,京元電子,115Q1,1.87,,,39.743,27.1975,22.4348,,,TWSE OpenAPI t187ap06_L_ci,OK,115Q1
2450,神腦,115Q1,0.25,,,9.671,0.7094,0.7462,,,TWSE OpenAPI t187ap06_L_ci,OK,115Q1
2451,創見,115Q1,18.93,,,76.3893,71.7985,59.5994,,,TWSE OpenAPI t187ap06_L_ci,OK,115Q1
2453,凌群,115Q1,0.9,,,24.7172,6.849,5.6411,,,TWSE OpenAPI t187ap06_L_ci,OK,115Q1
2454,聯發科,115Q1,15.17,,,46.2991,15.3475,16.3435,,,TWSE OpenAPI t187ap06_L_ci,OK,115Q1
2455,全新,115Q1,1.06,,,38.0931,23.6265,20.336,,,TWSE OpenAPI t187ap06_L_ci,OK,115Q1
2457,飛宏,115Q1,-0.34,,,21.1808,-6.4969,-6.922,,,TWSE OpenAPI t187ap06_L_ci,OK,115Q1
2458,義隆,115Q1,2.46,,,47.6274,24.1497,20.9589,,,TWSE OpenAPI t187ap06_L_ci,OK,115Q1
2459,敦吉,115Q1,1.41,,,30.5096,14.945,11.9764,,,TWSE OpenAPI t187ap06_L_ci,OK,115Q1
2460,建通,115Q1,0.11,,,11.4321,3.1993,1.6753,,,TWSE OpenAPI t187ap06_L_ci,OK,115Q1
2461,光群雷,115Q1,0.3,,,26.6107,7.1831,3.0832,,,TWSE OpenAPI t187ap06_L_ci,OK,115Q1
2462,良得電,115Q1,0.01,,,8.6998,-2.2195,0.1389,,,TWSE OpenAPI t187ap06_L_ci,OK,115Q1
2464,盟立,115Q1,0.24,,,18.6671,2.2434,2.6533,,,TWSE OpenAPI t187ap06_L_ci,OK,115Q1
2465,麗臺,115Q1,1.15,,,10.6502,5.8697,6.8692,,,TWSE OpenAPI t187ap06_L_ci,OK,115Q1
2466,冠西電,115Q1,0.03,,,7.1892,-32.4086,3.2892,,,TWSE OpenAPI t187ap06_L_ci,OK,115Q1
2467,志聖,115Q1,3.06,,,49.4731,24.3698,21.3312,,,TWSE OpenAPI t187ap06_L_ci,OK,115Q1
2468,華經,115Q1,0.3,,,10.7281,3.4836,3.3893,,,TWSE OpenAPI t187ap06_L_ci,OK,115Q1
2471,資通,115Q1,0.49,,,31.1384,2.4843,10.005,,,TWSE OpenAPI t187ap06_L_ci,OK,115Q1
2472,立隆電,115Q1,1.6,,,30.0139,18.675,13.5294,,,TWSE OpenAPI t187ap06_L_ci,OK,115Q1
2474,可成,115Q1,2.63,,,28.8023,6.4502,40.6878,,,TWSE OpenAPI t187ap06_L_ci,OK,115Q1
2476,鉅祥,115Q1,1.14,,,29.9205,17.8325,12.717,,,TWSE OpenAPI t187ap06_L_ci,OK,115Q1
2477,美隆電,115Q1,0.11,,,26.6151,1.5534,3.5869,,,TWSE OpenAPI t187ap06_L_ci,OK,115Q1
2478,大毅,115Q1,1.14,,,25.011,13.1033,11.4467,,,TWSE OpenAPI t187ap06_L_ci,OK,115Q1
2480,敦陽科,115Q1,2.63,,,23.4627,12.4082,11.5451,,,TWSE OpenAPI t187ap06_L_ci,OK,115Q1
2481,強茂,115Q1,0.75,,,32.7362,6.498,9.0408,,,TWSE OpenAPI t187ap06_L_ci,OK,115Q1
2482,連宇,115Q1,-0.23,,,38.2391,-31.982,-15.8158,,,TWSE OpenAPI t187ap06_L_ci,OK,115Q1
2483,百容,115Q1,0.15,,,13.226,-0.297,3.4573,,,TWSE OpenAPI t187ap06_L_ci,OK,115Q1
2484,希華,115Q1,0.33,,,22.2037,6.838,9.2807,,,TWSE OpenAPI t187ap06_L_ci,OK,115Q1
2485,兆赫,115Q1,0.41,,,22.4875,9.3873,12.819,,,TWSE OpenAPI t187ap06_L_ci,OK,115Q1
2486,一詮,115Q1,0.29,,,21.052,6.9942,3.8093,,,TWSE OpenAPI t187ap06_L_ci,OK,115Q1
2488,漢平,115Q1,0.92,,,24.5079,11.4962,12.2915,,,TWSE OpenAPI t187ap06_L_ci,OK,115Q1
2489,瑞軒,115Q1,0.15,,,8.6861,1.0745,1.6438,,,TWSE OpenAPI t187ap06_L_ci,OK,115Q1
2491,吉祥全,115Q1,0.85,,,14.8592,-126.7945,326.4968,,,TWSE OpenAPI t187ap06_L_ci,OK,115Q1
2492,華新科,115Q1,1.69,,,18.3046,7.5373,10.3515,,,TWSE OpenAPI t187ap06_L_ci,OK,115Q1
2493,揚博,115Q1,1.26,,,29.1868,17.9687,17.0116,,,TWSE OpenAPI t187ap06_L_ci,OK,115Q1
2495,普安,115Q1,0.33,,,39.8126,12.5698,24.4001,,,TWSE OpenAPI t187ap06_L_ci,OK,115Q1
2496,卓越,115Q1,1.65,,,55.5078,17.6582,14.8109,,,TWSE OpenAPI t187ap06_L_ci,OK,115Q1
2497,怡利電,115Q1,0.8,,,26.2907,8.132,8.8614,,,TWSE OpenAPI t187ap06_L_ci,OK,115Q1
2498,宏達電,115Q1,-0.29,,,41.7042,-86.2331,-37.0312,,,TWSE OpenAPI t187ap06_L_ci,OK,115Q1
2501,國建,115Q1,1.21,,,24.152,17.4372,14.4957,,,TWSE OpenAPI t187ap06_L_ci,OK,115Q1
2504,國產,115Q1,0.7,,,26.623,21.8533,16.942,,,TWSE OpenAPI t187ap06_L_ci,OK,115Q1
2505,國揚,115Q1,0.17,,,26.9276,8.0255,15.138,,,TWSE OpenAPI t187ap06_L_ci,OK,115Q1
2506,太設,115Q1,0.13,,,52.0495,16.1329,16.4125,,,TWSE OpenAPI t187ap06_L_ci,OK,115Q1
2509,全坤建,115Q1,-0.45,,,27.5743,-38.6313,-161.8847,,,TWSE OpenAPI t187ap06_L_ci,OK,115Q1
2511,太子,115Q1,0.06,,,30.4841,6.5941,4.3501,,,TWSE OpenAPI t187ap06_L_ci,OK,115Q1
2514,龍邦,115Q1,0.42,,,13.3557,6.3621,5.1928,,,TWSE OpenAPI t187ap06_L_ci,OK,115Q1
2515,中工,115Q1,0.16,,,8.7232,4.9524,3.6699,,,TWSE OpenAPI t187ap06_L_ci,OK,115Q1
2516,新建,115Q1,0.25,,,5.64,3.025,3.4793,,,TWSE OpenAPI t187ap06_L_ci,OK,115Q1
2520,冠德,115Q1,0.52,,,23.4807,13.5412,8.9966,,,TWSE OpenAPI t187ap06_L_ci,OK,115Q1
2524,京城,115Q1,0.36,,,48.5429,35.5851,20.076,,,TWSE OpenAPI t187ap06_L_ci,OK,115Q1
2527,宏璟,115Q1,3.45,,,27.4981,24.5631,19.5627,,,TWSE OpenAPI t187ap06_L_ci,OK,115Q1
2528,皇普,115Q1,-0.11,,,7.9152,-398.6678,-444.2921,,,TWSE OpenAPI t187ap06_L_ci,OK,115Q1
2530,華建,115Q1,-0.04,,,19.6751,-2.0866,-17.5526,,,TWSE OpenAPI t187ap06_L_ci,OK,115Q1
2534,宏盛,115Q1,-0.02,,,73.9923,30.2243,-5.4586,,,TWSE OpenAPI t187ap06_L_ci,OK,115Q1
2535,達欣工,115Q1,2.88,,,14.3023,10.6085,10.4537,,,TWSE OpenAPI t187ap06_L_ci,OK,115Q1
2536,宏普,115Q1,0.15,,,22.46,14.101,5.7802,,,TWSE OpenAPI t187ap06_L_ci,OK,115Q1
2537,聯上發,115Q1,0.4,,,21.3826,13.8056,9.8399,,,TWSE OpenAPI t187ap06_L_ci,OK,115Q1
2538,基泰,115Q1,0.02,,,96.3005,46.6324,10.127,,,TWSE OpenAPI t187ap06_L_ci,OK,115Q1
2539,櫻花建,115Q1,0.68,,,45.3635,40.4934,32.8952,,,TWSE OpenAPI t187ap06_L_ci,OK,115Q1
2540,愛山林,115Q1,-0.01,,,16.6565,0.9694,-0.6555,,,TWSE OpenAPI t187ap06_L_ci,OK,115Q1
2542,興富發,115Q1,1.15,,,30.1054,24.166,19.8862,,,TWSE OpenAPI t187ap06_L_ci,OK,115Q1
2543,皇昌,115Q1,0.37,,,13.3205,9.0221,6.7633,,,TWSE OpenAPI t187ap06_L_ci,OK,115Q1
2545,皇翔,115Q1,-0.01,,,16.8577,5.7063,-0.2281,,,TWSE OpenAPI t187ap06_L_ci,OK,115Q1
2546,根基,115Q1,1.43,,,7.7559,5.3289,4.3618,,,TWSE OpenAPI t187ap06_L_ci,OK,115Q1
2547,日勝生,115Q1,0.06,,,50.5784,21.8238,5.1884,,,TWSE OpenAPI t187ap06_L_ci,OK,115Q1
2548,華固,115Q1,2.28,,,25.9987,20.691,17.2927,,,TWSE OpenAPI t187ap06_L_ci,OK,115Q1
2597,潤弘,115Q1,2.38,,,17.7039,13.491,11.1161,,,TWSE OpenAPI t187ap06_L_ci,OK,115Q1
2601,益航,115Q1,-0.02,,,26.95,22.2006,1.9711,,,TWSE OpenAPI t187ap06_L_ci,OK,115Q1
2603,長榮,115Q1,3.84,,,15.4739,10.3435,10.0457,,,TWSE OpenAPI t187ap06_L_ci,OK,115Q1
2605,新興,115Q1,0.66,,,42.6476,35.3177,28.3396,,,TWSE OpenAPI t187ap06_L_ci,OK,115Q1
2606,裕民,115Q1,1.17,,,31.9646,25.3843,25.38,,,TWSE OpenAPI t187ap06_L_ci,OK,115Q1
2607,榮運,115Q1,1.04,,,21.764,11.7126,14.0443,,,TWSE OpenAPI t187ap06_L_ci,OK,115Q1
2608,嘉里大榮,115Q1,0.47,,,18.5924,11.9662,8.8706,,,TWSE OpenAPI t187ap06_L_ci,OK,115Q1
2609,陽明,115Q1,0.41,,,7.304,1.9354,3.8725,,,TWSE OpenAPI t187ap06_L_ci,OK,115Q1
2610,華航,115Q1,0.85,,,20.5992,11.2919,10.2605,,,TWSE OpenAPI t187ap06_L_ci,OK,115Q1
2611,志信,115Q1,0.28,,,26.5136,9.9676,16.5449,,,TWSE OpenAPI t187ap06_L_ci,OK,115Q1
2612,中航,115Q1,1.24,,,33.3909,23.1245,19.7146,,,TWSE OpenAPI t187ap06_L_ci,OK,115Q1
2613,中櫃,115Q1,0.18,,,13.4582,7.2642,3.0212,,,TWSE OpenAPI t187ap06_L_ci,OK,115Q1
2614,東森,115Q1,0.3,,,29.8752,3.4752,6.8175,,,TWSE OpenAPI t187ap06_L_ci,OK,115Q1
2615,萬海,115Q1,2.73,,,22.7599,17.3158,22.8193,,,TWSE OpenAPI t187ap06_L_ci,OK,115Q1
2616,山隆,115Q1,-1.37,,,7.3708,-8.8822,-9.3175,,,TWSE OpenAPI t187ap06_L_ci,OK,115Q1
2617,台航,115Q1,0.71,,,41.9888,38.7746,27.5054,,,TWSE OpenAPI t187ap06_L_ci,OK,115Q1
2618,長榮航,115Q1,1.53,,,26.2172,18.6396,14.6488,,,TWSE OpenAPI t187ap06_L_ci,OK,115Q1
2630,亞航,115Q1,0.09,,,9.1079,2.6168,1.642,,,TWSE OpenAPI t187ap06_L_ci,OK,115Q1
2633,台灣高鐵,115Q1,0.37,,,46.849,43.2331,15.1024,,,TWSE OpenAPI t187ap06_L_ci,OK,115Q1
2634,漢翔,115Q1,0.28,,,7.7989,3.5901,3.4355,,,TWSE OpenAPI t187ap06_L_ci,OK,115Q1
2636,台驊控股,115Q1,1.1,,,15.6681,2.5965,3.07,,,TWSE OpenAPI t187ap06_L_ci,OK,115Q1
2637,慧洋-KY,115Q1,1.6,,,28.6776,27.6041,27.5518,,,TWSE OpenAPI t187ap06_L_ci,OK,115Q1
2642,宅配通,115Q1,-0.75,,,4.1749,-8.2788,-8.7152,,,TWSE OpenAPI t187ap06_L_ci,OK,115Q1
2645,長榮航太,115Q1,2.58,,,27.5406,23.8259,20.3748,,,TWSE OpenAPI t187ap06_L_ci,OK,115Q1
2646,星宇航空,115Q1,0.3,,,20.1672,9.8717,6.6117,,,TWSE OpenAPI t187ap06_L_ci,OK,115Q1
2701,萬企,115Q1,0.11,,,80.5929,67.5624,76.4738,,,TWSE OpenAPI t187ap06_L_ci,OK,115Q1
2702,華園,115Q1,0.19,,,89.3612,9.5678,8.2903,,,TWSE OpenAPI t187ap06_L_ci,OK,115Q1
2704,國賓,115Q1,0.16,,,29.8881,3.1099,15.5432,,,TWSE OpenAPI t187ap06_L_ci,OK,115Q1
2705,六福,115Q1,-0.21,,,28.2738,0.1411,-7.7961,,,TWSE OpenAPI t187ap06_L_ci,OK,115Q1
2706,第一店,115Q1,0.14,,,77.4986,67.9381,76.8966,,,TWSE OpenAPI t187ap06_L_ci,OK,115Q1
2707,晶華,115Q1,5.73,,,35.9541,28.8989,37.6449,,,TWSE OpenAPI t187ap06_L_ci,OK,115Q1
2712,遠雄來,115Q1,-0.14,,,15.8769,-11.5468,-11.6538,,,TWSE OpenAPI t187ap06_L_ci,OK,115Q1
2722,夏都,115Q1,-0.21,,,22.589,-24.5643,-25.9986,,,TWSE OpenAPI t187ap06_L_ci,OK,115Q1
2723,美食-KY,115Q1,1.31,,,61.0573,8.0387,5.9802,,,TWSE OpenAPI t187ap06_L_ci,OK,115Q1
2727,王品,115Q1,5.04,,,47.6385,8.2541,6.4949,,,TWSE OpenAPI t187ap06_L_ci,OK,115Q1
2731,雄獅,115Q1,4.17,,,15.9461,5.0954,4.8494,,,TWSE OpenAPI t187ap06_L_ci,OK,115Q1
2739,寒舍,115Q1,1.3,,,40.6132,11.9622,8.3657,,,TWSE OpenAPI t187ap06_L_ci,OK,115Q1
2748,雲品,115Q1,0.94,,,33.6616,16.0705,12.781,,,TWSE OpenAPI t187ap06_L_ci,OK,115Q1
2753,八方雲集,115Q1,3.56,,,36.449,12.547,9.854,,,TWSE OpenAPI t187ap06_L_ci,OK,115Q1
2762,世界健身-KY,115Q1,2.01,,,21.7809,10.6903,7.7953,,,TWSE OpenAPI t187ap06_L_ci,OK,115Q1
2901,欣欣,115Q1,0.11,,,87.0744,19.552,22.6293,,,TWSE OpenAPI t187ap06_L_ci,OK,115Q1
2903,遠百,115Q1,0.39,,,57.956,14.9076,7.2629,,,TWSE OpenAPI t187ap06_L_ci,OK,115Q1
2904,匯僑,115Q1,-0.09,,,23.0996,-7.3411,-6.9823,,,TWSE OpenAPI t187ap06_L_ci,OK,115Q1
2906,高林,115Q1,0.07,,,29.6871,3.8362,3.2408,,,TWSE OpenAPI t187ap06_L_ci,OK,115Q1
2908,特力,115Q1,0.32,,,29.5771,2.9447,1.8816,,,TWSE OpenAPI t187ap06_L_ci,OK,115Q1
2910,統領,115Q1,0.29,,,90.5089,58.9972,37.9742,,,TWSE OpenAPI t187ap06_L_ci,OK,115Q1
2911,麗嬰房,115Q1,0.66,,,43.6965,-10.6511,15.5566,,,TWSE OpenAPI t187ap06_L_ci,OK,115Q1
2912,統一超,115Q1,2.97,,,34.5771,4.2622,4.0336,,,TWSE OpenAPI t187ap06_L_ci,OK,115Q1
2913,農林,115Q1,-0.04,,,37.8517,-1.5672,-27.1669,,,TWSE OpenAPI t187ap06_L_ci,OK,115Q1
2915,潤泰全,115Q1,2.59,,,44.6962,-1.9605,649.2859,,,TWSE OpenAPI t187ap06_L_ci,OK,115Q1
2923,鼎固-KY,115Q1,0.02,,,59.1581,52.8765,1.4058,,,TWSE OpenAPI t187ap06_L_ci,OK,115Q1
2929,淘帝-KY,115Q1,-0.22,,,16.7515,-8.1937,-5.7818,,,TWSE OpenAPI t187ap06_L_ci,OK,115Q1
2939,永邑-KY,115Q1,-0.3,,,15.4741,-29.7402,-17.9467,,,TWSE OpenAPI t187ap06_L_ci,OK,115Q1
2945,三商家購,115Q1,0.54,,,26.959,1.2489,0.9492,,,TWSE OpenAPI t187ap06_L_ci,OK,115Q1
3002,歐格,115Q1,-0.01,,,8.4375,-13.1772,-3.6569,,,TWSE OpenAPI t187ap06_L_ci,OK,115Q1
3003,健和興,115Q1,0.47,,,23.0684,8.8657,6.3547,,,TWSE OpenAPI t187ap06_L_ci,OK,115Q1
3004,豐達科,115Q1,1.92,,,25.2441,13.9403,10.2685,,,TWSE OpenAPI t187ap06_L_ci,OK,115Q1
3005,神基,115Q1,1.74,,,31.0556,13.5108,12.6264,,,TWSE OpenAPI t187ap06_L_ci,OK,115Q1
3006,晶豪科,115Q1,7.22,,,47.523,31.0277,28.4004,,,TWSE OpenAPI t187ap06_L_ci,OK,115Q1
3008,大立光,115Q1,46.63,,,49.4051,37.3918,39.7316,,,TWSE OpenAPI t187ap06_L_ci,OK,115Q1
3010,華立,115Q1,2.47,,,8.1388,3.8267,3.4038,,,TWSE OpenAPI t187ap06_L_ci,OK,115Q1
3011,今皓,115Q1,-0.73,,,2.3552,-56.3625,-62.2856,,,TWSE OpenAPI t187ap06_L_ci,OK,115Q1
3013,晟銘電,115Q1,1.37,,,21.1533,13.3319,9.6031,,,TWSE OpenAPI t187ap06_L_ci,OK,115Q1
3014,聯陽,115Q1,2.85,,,57.2128,28.7376,26.4527,,,TWSE OpenAPI t187ap06_L_ci,OK,115Q1
3015,全漢,115Q1,0.37,,,17.9448,0.874,2.5996,,,TWSE OpenAPI t187ap06_L_ci,OK,115Q1
3016,嘉晶,115Q1,0.35,,,17.7743,10.5978,9.505,,,TWSE OpenAPI t187ap06_L_ci,OK,115Q1
3017,奇鋐,115Q1,20.17,,,29.7676,24.5097,17.6903,,,TWSE OpenAPI t187ap06_L_ci,OK,115Q1
3018,隆銘綠能,115Q1,-0.67,,,-2.5849,-56.9267,-62.4563,,,TWSE OpenAPI t187ap06_L_ci,OK,115Q1
3019,亞光,115Q1,1.05,,,17.2964,7.7633,5.7087,,,TWSE OpenAPI t187ap06_L_ci,OK,115Q1
3021,鴻名,115Q1,0.19,,,19.4209,4.5935,2.2517,,,TWSE OpenAPI t187ap06_L_ci,OK,115Q1
3022,威強電,115Q1,0.96,,,28.152,2.2879,10.483,,,TWSE OpenAPI t187ap06_L_ci,OK,115Q1
3023,信邦,115Q1,3.6,,,24.5082,11.5271,10.4012,,,TWSE OpenAPI t187ap06_L_ci,OK,115Q1
3024,憶聲,115Q1,0.02,,,25.7491,1.4739,2.3271,,,TWSE OpenAPI t187ap06_L_ci,OK,115Q1
3025,星通,115Q1,0.6,,,66.3365,20.8762,27.4431,,,TWSE OpenAPI t187ap06_L_ci,OK,115Q1
3026,禾伸堂,115Q1,2.86,,,24.238,13.3582,12.5857,,,TWSE OpenAPI t187ap06_L_ci,OK,115Q1
3027,盛達,115Q1,0.05,,,23.9817,-2.394,0.4768,,,TWSE OpenAPI t187ap06_L_ci,OK,115Q1
3028,增你強,115Q1,3.05,,,9.0958,5.3957,4.0777,,,TWSE OpenAPI t187ap06_L_ci,OK,115Q1
3029,零壹,115Q1,1.77,,,11.7986,5.6053,5.0342,,,TWSE OpenAPI t187ap06_L_ci,OK,115Q1
3030,德律,115Q1,3.5,,,60.2746,38.1612,33.8518,,,TWSE OpenAPI t187ap06_L_ci,OK,115Q1
3031,佰鴻,115Q1,0.13,,,26.2127,6.2399,7.7236,,,TWSE OpenAPI t187ap06_L_ci,OK,115Q1
3032,偉訓,115Q1,0.85,,,23.1644,10.1457,3.9527,,,TWSE OpenAPI t187ap06_L_ci,OK,115Q1
3033,威健,115Q1,1.52,,,6.1817,3.4088,2.3588,,,TWSE OpenAPI t187ap06_L_ci,OK,115Q1
3034,聯詠,115Q1,6.19,,,39.0572,17.4011,16.2759,,,TWSE OpenAPI t187ap06_L_ci,OK,115Q1
3035,智原,115Q1,0.4,,,47.3028,3.7042,5.2221,,,TWSE OpenAPI t187ap06_L_ci,OK,115Q1
3036,文曄,115Q1,5.32,,,3.4483,2.0118,1.4153,,,TWSE OpenAPI t187ap06_L_ci,OK,115Q1
3037,欣興,115Q1,3.28,,,17.9618,7.3615,14.3692,,,TWSE OpenAPI t187ap06_L_ci,OK,115Q1
3038,全台,115Q1,0.37,,,22.8176,5.7377,7.2291,,,TWSE OpenAPI t187ap06_L_ci,OK,115Q1
3040,遠見,115Q1,0.04,,,58.1233,9.3211,7.4682,,,TWSE OpenAPI t187ap06_L_ci,OK,115Q1
3041,揚智,115Q1,-0.48,,,47.377,-39.7215,-39.0137,,,TWSE OpenAPI t187ap06_L_ci,OK,115Q1
3042,晶技,115Q1,1.32,,,32.3339,15.0827,13.5004,,,TWSE OpenAPI t187ap06_L_ci,OK,115Q1
3043,科風,115Q1,0.05,,,22.9889,-3.5043,0.3703,,,TWSE OpenAPI t187ap06_L_ci,OK,115Q1
3044,健鼎,115Q1,5.61,,,26.5149,18.3447,14.0539,,,TWSE OpenAPI t187ap06_L_ci,OK,115Q1
3045,台灣大,115Q1,1.37,,,21.5604,11.9183,9.0928,,,TWSE OpenAPI t187ap06_L_ci,OK,115Q1
3046,建碁,115Q1,1.2,,,9.0683,5.2074,5.1585,,,TWSE OpenAPI t187ap06_L_ci,OK,115Q1
3047,訊舟,115Q1,-0.1,,,23.0641,-11.2394,-8.3267,,,TWSE OpenAPI t187ap06_L_ci,OK,115Q1
3048,益登,115Q1,1.22,,,3.9858,2.0218,0.985,,,TWSE OpenAPI t187ap06_L_ci,OK,115Q1
3049,精金,115Q1,-0.04,,,39.5952,7.1642,20.2381,,,TWSE OpenAPI t187ap06_L_ci,OK,115Q1
3050,鈺德,115Q1,-0.07,,,29.4209,-6.092,-3.5902,,,TWSE OpenAPI t187ap06_L_ci,OK,115Q1
3051,力特,115Q1,0.45,,,30.4883,12.2315,19.7457,,,TWSE OpenAPI t187ap06_L_ci,OK,115Q1
3052,夆典,115Q1,0.19,,,9.7123,5.0098,4.4925,,,TWSE OpenAPI t187ap06_L_ci,OK,115Q1
3054,立萬利,115Q1,1.41,,,75.6324,53.708,83.7255,,,TWSE OpenAPI t187ap06_L_ci,OK,115Q1
3055,蔚華科,115Q1,-0.15,,,31.8758,-64.4641,-19.617,,,TWSE OpenAPI t187ap06_L_ci,OK,115Q1
3056,富華新,115Q1,0.01,,,16.4263,-7.263,1.1922,,,TWSE OpenAPI t187ap06_L_ci,OK,115Q1
3057,喬鼎,115Q1,0.02,,,45.0781,-0.6236,0.6105,,,TWSE OpenAPI t187ap06_L_ci,OK,115Q1
3058,立德,115Q1,-0.19,,,13.2738,-5.9994,-5.0542,,,TWSE OpenAPI t187ap06_L_ci,OK,115Q1
3059,華晶科,115Q1,0.26,,,23.9433,4.9648,6.0599,,,TWSE OpenAPI t187ap06_L_ci,OK,115Q1
3060,銘異,115Q1,0.33,,,15.4025,4.371,4.5669,,,TWSE OpenAPI t187ap06_L_ci,OK,115Q1
3062,建漢,115Q1,-0.54,,,1.1699,-14.0185,-16.0434,,,TWSE OpenAPI t187ap06_L_ci,OK,115Q1
3090,日電貿,115Q1,1.7,,,19.8471,13.3151,10.943,,,TWSE OpenAPI t187ap06_L_ci,OK,115Q1
3092,鴻碩,115Q1,-0.95,,,9.244,-23.9701,-24.8233,,,TWSE OpenAPI t187ap06_L_ci,OK,115Q1
3094,聯傑,115Q1,0.07,,,74.9799,4.9718,12.204,,,TWSE OpenAPI t187ap06_L_ci,OK,115Q1
3130,一零四,115Q1,3.57,,,86.4635,17.7622,18.4231,,,TWSE OpenAPI t187ap06_L_ci,OK,115Q1
3135,凌航,115Q1,10.76,,,30.354,27.4347,21.628,,,TWSE OpenAPI t187ap06_L_ci,OK,115Q1
3138,耀登,115Q1,-0.02,,,41.4433,-3.2307,-0.4015,,,TWSE OpenAPI t187ap06_L_ci,OK,115Q1
3149,正達,115Q1,-0.37,,,-4.1404,-15.7917,-14.3289,,,TWSE OpenAPI t187ap06_L_ci,OK,115Q1
3150,鈺寶-創,115Q1,-0.02,,,44.2186,-3.2533,-0.8805,,,TWSE OpenAPI t187ap06_L_ci,OK,115Q1
3164,景岳,115Q1,0.05,,,54.0787,-8.052,2.0265,,,TWSE OpenAPI t187ap06_L_ci,OK,115Q1
3167,大量,115Q1,3.19,,,42.3415,21.0348,14.4899,,,TWSE OpenAPI t187ap06_L_ci,OK,115Q1
3168,眾福科,115Q1,0.6,,,22.8097,6.7852,6.659,,,TWSE OpenAPI t187ap06_L_ci,OK,115Q1
3189,景碩,115Q1,1.17,,,21.1572,8.0202,7.8866,,,TWSE OpenAPI t187ap06_L_ci,OK,115Q1
3209,全科,115Q1,1.52,,,5.028,2.8532,2.0644,,,TWSE OpenAPI t187ap06_L_ci,OK,115Q1
3229,晟鈦,115Q1,0.55,,,10.9643,6.1749,10.2983,,,TWSE OpenAPI t187ap06_L_ci,OK,115Q1
3231,緯創,115Q1,3.06,,,5.2102,3.4429,2.1294,,,TWSE OpenAPI t187ap06_L_ci,OK,115Q1
3257,虹冠電,115Q1,0.19,,,44.9808,1.2213,11.6197,,,TWSE OpenAPI t187ap06_L_ci,OK,115Q1
3266,昇陽,115Q1,0.12,,,25.379,11.9475,8.8786,,,TWSE OpenAPI t187ap06_L_ci,OK,115Q1
3296,勝德,115Q1,-0.37,,,14.3969,-8.4746,-10.7812,,,TWSE OpenAPI t187ap06_L_ci,OK,115Q1
3305,昇貿,115Q1,1.73,,,18.2703,11.354,6.4131,,,TWSE OpenAPI t187ap06_L_ci,OK,115Q1
3308,聯德,115Q1,0.01,,,62.6276,-671.0459,54.4643,,,TWSE OpenAPI t187ap06_L_ci,OK,115Q1
3311,閎暉,115Q1,0.5,,,11.0553,-0.8383,9.4537,,,TWSE OpenAPI t187ap06_L_ci,OK,115Q1
3312,弘憶股,115Q1,1.03,,,5.3305,2.8386,3.3097,,,TWSE OpenAPI t187ap06_L_ci,OK,115Q1
3321,同泰,115Q1,-0.69,,,1.6849,-13.2967,-13.558,,,TWSE OpenAPI t187ap06_L_ci,OK,115Q1
3338,泰碩,115Q1,0.27,,,18.9838,3.1135,2.7066,,,TWSE OpenAPI t187ap06_L_ci,OK,115Q1
3346,麗清,115Q1,-0.67,,,8.8901,-5.0736,-4.7775,,,TWSE OpenAPI t187ap06_L_ci,OK,115Q1
3356,奇偶,115Q1,2.21,,,49.631,3.6382,62.9519,,,TWSE OpenAPI t187ap06_L_ci,OK,115Q1
3376,新日興,115Q1,0.15,,,14.277,-0.4367,1.2594,,,TWSE OpenAPI t187ap06_L_ci,OK,115Q1
3380,明泰,115Q1,0.1,,,18.3598,0.0831,0.513,,,TWSE OpenAPI t187ap06_L_ci,OK,115Q1
3406,玉晶光,115Q1,7.9,,,33.5607,19.5515,14.5165,,,TWSE OpenAPI t187ap06_L_ci,OK,115Q1
3413,京鼎,115Q1,4.28,,,23.8404,13.0718,9.3277,,,TWSE OpenAPI t187ap06_L_ci,OK,115Q1
3416,融程電,115Q1,1.8,,,36.5207,15.0872,15.3723,,,TWSE OpenAPI t187ap06_L_ci,OK,115Q1
3419,譁裕,115Q1,-0.32,,,12.1926,-10.3192,-8.9164,,,TWSE OpenAPI t187ap06_L_ci,OK,115Q1
3432,台端,115Q1,-0.23,,,14.2158,-15.1225,-14.3262,,,TWSE OpenAPI t187ap06_L_ci,OK,115Q1
3437,榮創,115Q1,-0.56,,,3.9217,-25.5885,-20.8083,,,TWSE OpenAPI t187ap06_L_ci,OK,115Q1
3443,創意,115Q1,12.28,,,27.1957,15.9347,14.3804,,,TWSE OpenAPI t187ap06_L_ci,OK,115Q1
3447,展達,115Q1,0.17,,,9.3957,0.9548,1.622,,,TWSE OpenAPI t187ap06_L_ci,OK,115Q1
3450,聯鈞,115Q1,0.69,,,24.8043,12.7462,8.5985,,,TWSE OpenAPI t187ap06_L_ci,OK,115Q1
3481,群創,115Q1,0.2,,,14.433,2.2485,2.6891,,,TWSE OpenAPI t187ap06_L_ci,OK,115Q1
3494,誠研,115Q1,-0.29,,,14.8469,-4.2389,-11.8176,,,TWSE OpenAPI t187ap06_L_ci,OK,115Q1
3501,維熹,115Q1,0.15,,,15.3709,2.7409,1.3669,,,TWSE OpenAPI t187ap06_L_ci,OK,115Q1
3504,揚明光,115Q1,0.05,,,18.2264,-1.3872,0.8729,,,TWSE OpenAPI t187ap06_L_ci,OK,115Q1
3515,華擎,115Q1,4.14,,,14.9595,7.2222,6.3721,,,TWSE OpenAPI t187ap06_L_ci,OK,115Q1
3518,柏騰,115Q1,2.81,,,-13.1183,-105.9868,456.8962,,,TWSE OpenAPI t187ap06_L_ci,OK,115Q1
3528,安馳,115Q1,2.83,,,13.8797,10.0351,5.3793,,,TWSE OpenAPI t187ap06_L_ci,OK,115Q1
3530,晶相光,115Q1,0.44,,,20.4623,4.3331,6.3163,,,TWSE OpenAPI t187ap06_L_ci,OK,115Q1
3532,台勝科,115Q1,-0.18,,,0.8348,-3.178,-2.0616,,,TWSE OpenAPI t187ap06_L_ci,OK,115Q1
3533,嘉澤,115Q1,21.37,,,49.5475,29.0372,26.0661,,,TWSE OpenAPI t187ap06_L_ci,OK,115Q1
3535,晶彩科,115Q1,0.99,,,46.0917,20.9656,23.9832,,,TWSE OpenAPI t187ap06_L_ci,OK,115Q1
3543,州巧,115Q1,-0.16,,,9.4075,-6.0286,-2.8041,,,TWSE OpenAPI t187ap06_L_ci,OK,115Q1
3545,敦泰,115Q1,0.02,,,23.0208,-5.8833,0.1993,,,TWSE OpenAPI t187ap06_L_ci,OK,115Q1
3550,聯穎,115Q1,0.21,,,17.4112,1.9662,2.134,,,TWSE OpenAPI t187ap06_L_ci,OK,115Q1
3557,嘉威,115Q1,0.48,,,34.3309,6.1973,2.8428,,,TWSE OpenAPI t187ap06_L_ci,OK,115Q1
3563,牧德,115Q1,4.61,,,60.5833,38.6819,34.323,,,TWSE OpenAPI t187ap06_L_ci,OK,115Q1
3576,聯合再生,115Q1,1.07,,,-45.6475,-86.6513,335.7315,,,TWSE OpenAPI t187ap06_L_ci,OK,115Q1
3583,辛耘,115Q1,4.14,,,33.5844,12.9539,10.9939,,,TWSE OpenAPI t187ap06_L_ci,OK,115Q1
3588,通嘉,115Q1,0.37,,,33.6064,4.8495,5.7239,,,TWSE OpenAPI t187ap06_L_ci,OK,115Q1
3591,艾笛森,115Q1,0.12,,,22.2529,3.7764,3.3153,,,TWSE OpenAPI t187ap06_L_ci,OK,115Q1
3592,瑞鼎,115Q1,3.82,,,28.5765,5.2769,5.3253,,,TWSE OpenAPI t187ap06_L_ci,OK,115Q1
3593,力銘,115Q1,-0.7,,,-10.1488,-31.4413,-31.803,,,TWSE OpenAPI t187ap06_L_ci,OK,115Q1
3596,智易,115Q1,3.12,,,15.1588,6.4321,5.386,,,TWSE OpenAPI t187ap06_L_ci,OK,115Q1
3605,宏致,115Q1,0.67,,,24.5921,5.2263,3.8158,,,TWSE OpenAPI t187ap06_L_ci,OK,115Q1
3607,谷崧,115Q1,0.03,,,13.1269,-0.8503,0.5242,,,TWSE OpenAPI t187ap06_L_ci,OK,115Q1
3617,碩天,115Q1,4.13,,,53.8639,16.2638,13.7492,,,TWSE OpenAPI t187ap06_L_ci,OK,115Q1
3622,洋華,115Q1,1.09,,,38.4319,21.0531,46.8432,,,TWSE OpenAPI t187ap06_L_ci,OK,115Q1
3645,達邁,115Q1,0.67,,,35.1246,18.8301,15.5189,,,TWSE OpenAPI t187ap06_L_ci,OK,115Q1
3652,精聯,115Q1,0.4,,,34.9169,5.2055,4.8708,,,TWSE OpenAPI t187ap06_L_ci,OK,115Q1
3653,健策,115Q1,9.53,,,41.7825,31.9792,26.4745,,,TWSE OpenAPI t187ap06_L_ci,OK,115Q1
3661,世芯-KY,115Q1,17.55,,,50.1773,32.6644,34.0856,,,TWSE OpenAPI t187ap06_L_ci,OK,115Q1
3665,貿聯-KY,115Q1,11.66,,,28.767,14.8985,10.8968,,,TWSE OpenAPI t187ap06_L_ci,OK,115Q1
3669,圓展,115Q1,0.7,,,60.6151,9.4459,9.4339,,,TWSE OpenAPI t187ap06_L_ci,OK,115Q1
3673,TPK-KY,115Q1,1.33,,,9.3757,-0.3223,3.237,,,TWSE OpenAPI t187ap06_L_ci,OK,115Q1
3679,新至陞,115Q1,2.67,,,31.2372,19.6335,16.3472,,,TWSE OpenAPI t187ap06_L_ci,OK,115Q1
3686,達能,115Q1,-0.01,,,0.038,-24.5512,-4.4354,,,TWSE OpenAPI t187ap06_L_ci,OK,115Q1
3694,海華,115Q1,1.02,,,14.7542,4.7756,5.1449,,,TWSE OpenAPI t187ap06_L_ci,OK,115Q1
3701,大眾控,115Q1,-0.59,,,14.2823,-5.3791,-7.8326,,,TWSE OpenAPI t187ap06_L_ci,OK,115Q1
3702,大聯大,115Q1,3.3,,,4.4876,2.6763,1.817,,,TWSE OpenAPI t187ap06_L_ci,OK,115Q1
3703,欣陸,115Q1,0.33,,,14.3798,5.1005,4.6415,,,TWSE OpenAPI t187ap06_L_ci,OK,115Q1
3704,合勤控,115Q1,0.29,,,24.0112,1.8266,1.8575,,,TWSE OpenAPI t187ap06_L_ci,OK,115Q1
3705,永信,115Q1,0.89,,,44.2265,16.156,13.763,,,TWSE OpenAPI t187ap06_L_ci,OK,115Q1
3706,神達,115Q1,1.1,,,9.2081,3.7226,4.8234,,,TWSE OpenAPI t187ap06_L_ci,OK,115Q1
3708,上緯投控,115Q1,0.13,,,16.2597,-37.6103,-3.1741,,,TWSE OpenAPI t187ap06_L_ci,OK,115Q1
3711,日月光投控,115Q1,3.24,,,20.0676,10.0953,8.387,,,TWSE OpenAPI t187ap06_L_ci,OK,115Q1
3712,永崴投控,115Q1,-1.94,,,37.7411,31.6021,27.7834,,,TWSE OpenAPI t187ap06_L_ci,OK,115Q1
3714,富采,115Q1,-0.2,,,11.1397,-5.8448,-2.63,,,TWSE OpenAPI t187ap06_L_ci,OK,115Q1
3715,定穎投控,115Q1,-0.74,,,16.1193,2.3152,-4.491,,,TWSE OpenAPI t187ap06_L_ci,OK,115Q1
3716,中化控股,115Q1,1.57,,,40.6585,9.3091,8.6587,,,TWSE OpenAPI t187ap06_L_ci,OK,115Q1
3717,聯嘉投控,115Q1,0.47,,,17.2708,5.743,5.313,,,TWSE OpenAPI t187ap06_L_ci,OK,115Q1
4104,佳醫,115Q1,1.12,,,21.3101,7.6998,10.0943,,,TWSE OpenAPI t187ap06_L_ci,OK,115Q1
4106,雃博,115Q1,0.46,,,49.4616,9.9772,7.9599,,,TWSE OpenAPI t187ap06_L_ci,OK,115Q1
4108,懷特,115Q1,-0.08,,,35.3631,-96.1557,-78.4814,,,TWSE OpenAPI t187ap06_L_ci,OK,115Q1
4119,旭富,115Q1,0.17,,,21.9067,8.8215,5.3513,,,TWSE OpenAPI t187ap06_L_ci,OK,115Q1
4133,亞諾法,115Q1,0.28,,,52.4993,11.6829,18.9589,,,TWSE OpenAPI t187ap06_L_ci,OK,115Q1
4137,麗豐-KY,115Q1,1.41,,,79.6463,15.533,12.6698,,,TWSE OpenAPI t187ap06_L_ci,OK,115Q1
4142,國光生,115Q1,-0.44,,,-90.5753,-242.0173,-243.5335,,,TWSE OpenAPI t187ap06_L_ci,OK,115Q1
4148,全宇生技-KY,115Q1,0.08,,,27.892,5.0047,2.7874,,,TWSE OpenAPI t187ap06_L_ci,OK,115Q1
4155,訊映,115Q1,0.39,,,31.9567,15.6601,16.5642,,,TWSE OpenAPI t187ap06_L_ci,OK,115Q1
4164,承業醫,115Q1,0.13,,,23.1286,6.6488,3.1234,,,TWSE OpenAPI t187ap06_L_ci,OK,115Q1
4169,泰宗,115Q1,-0.45,,,44.6478,-16.0916,-15.235,,,TWSE OpenAPI t187ap06_L_ci,OK,115Q1
4178,永笙-KY,115Q1,-0.19,,,27.6805,-63.8534,-41.4342,,,TWSE OpenAPI t187ap06_L_ci,OK,115Q1
4190,佐登-KY,115Q1,-0.26,,,65.4637,-0.5445,-2.8495,,,TWSE OpenAPI t187ap06_L_ci,OK,115Q1
4195,基米-創,115Q1,-0.54,,,29.2543,-20.4074,-31.4856,,,TWSE OpenAPI t187ap06_L_ci,OK,115Q1
4306,炎洲,115Q1,0.24,,,17.0371,5.0705,5.6082,,,TWSE OpenAPI t187ap06_L_ci,OK,115Q1
4414,如興,115Q1,-1.2,,,15.5358,-2.4391,-9.4604,,,TWSE OpenAPI t187ap06_L_ci,OK,115Q1
4426,利勤,115Q1,-0.28,,,-1.8199,-22.2407,-22.5146,,,TWSE OpenAPI t187ap06_L_ci,OK,115Q1
4438,廣越,115Q1,-0.04,,,11.9148,-3.2014,2.0343,,,TWSE OpenAPI t187ap06_L_ci,OK,115Q1
4439,冠星-KY,115Q1,2.59,,,19.3712,7.5842,5.4444,,,TWSE OpenAPI t187ap06_L_ci,OK,115Q1
4440,宜新實業,115Q1,0.51,,,17.3178,13.9407,11.6013,,,TWSE OpenAPI t187ap06_L_ci,OK,115Q1
4441,振大環球,115Q1,4.81,,,25.3239,17.5446,17.3945,,,TWSE OpenAPI t187ap06_L_ci,OK,115Q1
4526,東台,115Q1,-0.65,,,12.1,-16.0055,-15.4713,,,TWSE OpenAPI t187ap06_L_ci,OK,115Q1
4532,瑞智,115Q1,0.48,,,14.0873,5.8794,4.1911,,,TWSE OpenAPI t187ap06_L_ci,OK,115Q1
4536,拓凱,115Q1,3.61,,,34.3079,17.1094,15.7745,,,TWSE OpenAPI t187ap06_L_ci,OK,115Q1
4540,全球傳動,115Q1,-0.19,,,13.9388,-5.3704,-2.7779,,,TWSE OpenAPI t187ap06_L_ci,OK,115Q1
4545,銘鈺,115Q1,0.21,,,15.2276,0.5588,3.0788,,,TWSE OpenAPI t187ap06_L_ci,OK,115Q1
4551,智伸科,115Q1,2.7,,,23.4832,15.2729,13.6683,,,TWSE OpenAPI t187ap06_L_ci,OK,115Q1
4552,力達-KY,115Q1,0.12,,,17.7206,4.0665,1.8096,,,TWSE OpenAPI t187ap06_L_ci,OK,115Q1
4555,氣立,115Q1,0.04,,,30.1325,2.0561,1.3538,,,TWSE OpenAPI t187ap06_L_ci,OK,115Q1
4557,永新-KY,115Q1,0.11,,,22.998,1.8655,-0.7781,,,TWSE OpenAPI t187ap06_L_ci,OK,115Q1
4560,強信-KY,115Q1,0.76,,,36.2256,16.4017,11.4717,,,TWSE OpenAPI t187ap06_L_ci,OK,115Q1
4562,穎漢,115Q1,0.11,,,40.6931,-6.7406,5.4248,,,TWSE OpenAPI t187ap06_L_ci,OK,115Q1
4564,元翎,115Q1,-0.3,,,-21.4411,-39.2926,-35.5228,,,TWSE OpenAPI t187ap06_L_ci,OK,115Q1
4566,時碩工業,115Q1,0.37,,,21.8859,2.8359,3.1591,,,TWSE OpenAPI t187ap06_L_ci,OK,115Q1
4569,六方科-KY,115Q1,3.22,,,28.1086,16.6281,19.5785,,,TWSE OpenAPI t187ap06_L_ci,OK,115Q1
4571,鈞興-KY,115Q1,2.41,,,34.4955,18.97,15.938,,,TWSE OpenAPI t187ap06_L_ci,OK,115Q1
4572,駐龍,115Q1,0.92,,,33.3862,20.3831,20.2168,,,TWSE OpenAPI t187ap06_L_ci,OK,115Q1
4576,大銀微系統,115Q1,0.96,,,39.013,16.6523,15.3077,,,TWSE OpenAPI t187ap06_L_ci,OK,115Q1
4581,光隆精密-KY,115Q1,0.88,,,33.2347,16.7026,10.6959,,,TWSE OpenAPI t187ap06_L_ci,OK,115Q1
4583,台灣精銳,115Q1,3.56,,,53.1269,35.5173,33.2522,,,TWSE OpenAPI t187ap06_L_ci,OK,115Q1
4585,達明,115Q1,0.65,,,49.884,5.4049,14.0192,,,TWSE OpenAPI t187ap06_L_ci,OK,115Q1
4588,玖鼎電力,115Q1,0.63,,,32.2006,17.581,12.2828,,,TWSE OpenAPI t187ap06_L_ci,OK,115Q1
4590,富田-創,115Q1,1.21,,,30.1792,-8.957,24.2643,,,TWSE OpenAPI t187ap06_L_ci,OK,115Q1
4720,德淵,115Q1,0.2,,,22.198,3.6661,2.503,,,TWSE OpenAPI t187ap06_L_ci,OK,115Q1
4722,國精化,115Q1,0.22,,,14.1515,3.1047,2.4973,,,TWSE OpenAPI t187ap06_L_ci,OK,115Q1
4736,泰博,115Q1,2.99,,,49.5027,25.4023,27.3433,,,TWSE OpenAPI t187ap06_L_ci,OK,115Q1
4737,華廣,115Q1,-1.09,,,30.1668,-21.8398,-19.5591,,,TWSE OpenAPI t187ap06_L_ci,OK,115Q1
4739,康普,115Q1,1.51,,,17.9265,13.2247,9.3868,,,TWSE OpenAPI t187ap06_L_ci,OK,115Q1
4746,台耀,115Q1,0.16,,,42.9832,14.1711,1.4065,,,TWSE OpenAPI t187ap06_L_ci,OK,115Q1
4755,三福化,115Q1,1.01,,,22.0586,9.51,7.8796,,,TWSE OpenAPI t187ap06_L_ci,OK,115Q1
4763,材料*-KY,115Q1,1.13,,,55.5761,49.5767,41.0786,,,TWSE OpenAPI t187ap06_L_ci,OK,115Q1
4764,雙鍵,115Q1,1.03,,,26.5334,14.65,10.7211,,,TWSE OpenAPI t187ap06_L_ci,OK,115Q1
4766,南寶,115Q1,6.55,,,35.1093,17.6329,14.451,,,TWSE OpenAPI t187ap06_L_ci,OK,115Q1
4770,上品,115Q1,2.52,,,34.9448,19.8832,19.0464,,,TWSE OpenAPI t187ap06_L_ci,OK,115Q1
4771,望隼,115Q1,3.66,,,40.9932,28.9237,23.4307,,,TWSE OpenAPI t187ap06_L_ci,OK,115Q1
4807,日成-KY,115Q1,1.7,,,27.7152,14.2702,10.7438,,,TWSE OpenAPI t187ap06_L_ci,OK,115Q1
4904,遠傳,115Q1,1.03,,,33.0165,17.6251,13.5744,,,TWSE OpenAPI t187ap06_L_ci,OK,115Q1
4906,正文,115Q1,-0.32,,,10.3529,-6.5792,-4.2137,,,TWSE OpenAPI t187ap06_L_ci,OK,115Q1
4912,聯德控股-KY,115Q1,1.35,,,19.976,5.5435,5.1575,,,TWSE OpenAPI t187ap06_L_ci,OK,115Q1
4915,致伸,115Q1,1.3,,,15.8984,4.3355,3.7697,,,TWSE OpenAPI t187ap06_L_ci,OK,115Q1
4916,事欣科,115Q1,4.49,,,20.1472,6.9475,52.055,,,TWSE OpenAPI t187ap06_L_ci,OK,115Q1
4919,新唐,115Q1,0.02,,,39.3379,-1.4002,0.0893,,,TWSE OpenAPI t187ap06_L_ci,OK,115Q1
4927,泰鼎-KY,115Q1,-3.1,,,-12.4862,-26.631,-29.9065,,,TWSE OpenAPI t187ap06_L_ci,OK,115Q1
4930,燦星網,115Q1,-0.5,,,10.2521,-6.0315,-5.0842,,,TWSE OpenAPI t187ap06_L_ci,OK,115Q1
4934,太極,115Q1,-0.2,,,-74.6803,-258.8526,-226.3274,,,TWSE OpenAPI t187ap06_L_ci,OK,115Q1
4935,茂林-KY,115Q1,0.4,,,10.8917,-6.2861,4.8982,,,TWSE OpenAPI t187ap06_L_ci,OK,115Q1
4938,和碩,115Q1,0.58,,,4.4249,1.159,1.1715,,,TWSE OpenAPI t187ap06_L_ci,OK,115Q1
4942,嘉彰,115Q1,0.52,,,19.7722,5.5952,5.4693,,,TWSE OpenAPI t187ap06_L_ci,OK,115Q1
4943,康控-KY,115Q1,-0.23,,,-3.5398,-21.5825,-8.1556,,,TWSE OpenAPI t187ap06_L_ci,OK,115Q1
4949,有成精密,115Q1,1.19,,,39.0441,12.4506,10.197,,,TWSE OpenAPI t187ap06_L_ci,OK,115Q1
4952,凌通,115Q1,0.5,,,37.0119,8.6425,9.3124,,,TWSE OpenAPI t187ap06_L_ci,OK,115Q1
4956,光鋐,115Q1,0.24,,,20.1291,5.0048,6.5909,,,TWSE OpenAPI t187ap06_L_ci,OK,115Q1
4958,臻鼎-KY,115Q1,1.33,,,21.6354,6.1465,5.0271,,,TWSE OpenAPI t187ap06_L_ci,OK,115Q1
4960,誠美材,115Q1,-0.27,,,-3.7625,-16.1604,-8.5103,,,TWSE OpenAPI t187ap06_L_ci,OK,115Q1
4961,天鈺,115Q1,1.86,,,27.7987,6.5443,7.0966,,,TWSE OpenAPI t187ap06_L_ci,OK,115Q1
4967,十銓,115Q1,27.0,,,38.013,32.1185,25.3616,,,TWSE OpenAPI t187ap06_L_ci,OK,115Q1
4968,立積,115Q1,0.58,,,33.4561,2.1432,5.7517,,,TWSE OpenAPI t187ap06_L_ci,OK,115Q1
4976,佳凌,115Q1,-0.49,,,-14.1325,-33.7519,-26.6282,,,TWSE OpenAPI t187ap06_L_ci,OK,115Q1
4977,眾達-KY,115Q1,-1.18,,,19.7307,-3.9928,-45.1536,,,TWSE OpenAPI t187ap06_L_ci,OK,115Q1
4989,榮科,115Q1,0.13,,,4.9294,1.2523,1.8724,,,TWSE OpenAPI t187ap06_L_ci,OK,115Q1
4994,傳奇,115Q1,0.42,,,67.0186,11.3475,9.074,,,TWSE OpenAPI t187ap06_L_ci,OK,115Q1
4999,鑫禾,115Q1,-0.54,,,10.2909,-12.3261,-10.1875,,,TWSE OpenAPI t187ap06_L_ci,OK,115Q1
5007,三星,115Q1,0.91,,,27.5802,19.5909,17.7331,,,TWSE OpenAPI t187ap06_L_ci,OK,115Q1
5203,訊連,115Q1,1.34,,,84.5063,13.4308,18.1015,,,TWSE OpenAPI t187ap06_L_ci,OK,115Q1
5215,科嘉-KY,115Q1,0.87,,,23.0111,8.4546,8.2814,,,TWSE OpenAPI t187ap06_L_ci,OK,115Q1
5222,全訊,115Q1,0.22,,,53.9736,17.423,11.3683,,,TWSE OpenAPI t187ap06_L_ci,OK,115Q1
5225,東科-KY,115Q1,1.54,,,14.8904,4.9246,5.2295,,,TWSE OpenAPI t187ap06_L_ci,OK,115Q1
5234,達興材料,115Q1,2.21,,,43.1015,20.0959,18.8985,,,TWSE OpenAPI t187ap06_L_ci,OK,115Q1
5243,乙盛-KY,115Q1,1.47,,,24.7602,11.0027,7.8975,,,TWSE OpenAPI t187ap06_L_ci,OK,115Q1
5244,弘凱,115Q1,-0.48,,,24.1534,-25.5659,-20.2283,,,TWSE OpenAPI t187ap06_L_ci,OK,115Q1
5258,虹堡,115Q1,-0.61,,,31.9917,-1.538,-3.5673,,,TWSE OpenAPI t187ap06_L_ci,OK,115Q1
5269,祥碩,115Q1,24.85,,,50.8315,23.0877,53.002,,,TWSE OpenAPI t187ap06_L_ci,OK,115Q1
5283,禾聯碩,115Q1,0.16,,,28.9099,-0.6094,1.1174,,,TWSE OpenAPI t187ap06_L_ci,OK,115Q1
5284,jpp-KY,115Q1,4.13,,,37.5108,21.017,18.4083,,,TWSE OpenAPI t187ap06_L_ci,OK,115Q1
5285,界霖,115Q1,1.0,,,18.6814,9.8738,7.5192,,,TWSE OpenAPI t187ap06_L_ci,OK,115Q1
5288,豐祥-KY,115Q1,3.59,,,23.2396,14.4647,11.9122,,,TWSE OpenAPI t187ap06_L_ci,OK,115Q1
5292,華懋,115Q1,2.58,,,27.8977,20.1978,17.4484,,,TWSE OpenAPI t187ap06_L_ci,OK,115Q1
5306,桂盟,115Q1,1.79,,,41.8313,21.9676,16.823,,,TWSE OpenAPI t187ap06_L_ci,OK,115Q1
5388,中磊,115Q1,1.01,,,13.6644,2.9448,1.8159,,,TWSE OpenAPI t187ap06_L_ci,OK,115Q1
5434,崇越,115Q1,6.86,,,13.581,7.717,7.2001,,,TWSE OpenAPI t187ap06_L_ci,OK,115Q1
5469,瀚宇博,115Q1,1.23,,,16.1977,7.8866,6.7245,,,TWSE OpenAPI t187ap06_L_ci,OK,115Q1
5471,松翰,115Q1,0.48,,,42.5641,9.0692,10.5309,,,TWSE OpenAPI t187ap06_L_ci,OK,115Q1
5484,慧友,115Q1,0.33,,,16.4281,-9.5597,12.4065,,,TWSE OpenAPI t187ap06_L_ci,OK,115Q1
5515,建國,115Q1,1.96,,,19.4069,13.3332,19.559,,,TWSE OpenAPI t187ap06_L_ci,OK,115Q1
5519,隆大,115Q1,0.58,,,32.7841,24.8417,18.8908,,,TWSE OpenAPI t187ap06_L_ci,OK,115Q1
5521,工信,115Q1,0.13,,,5.2787,1.9704,2.4262,,,TWSE OpenAPI t187ap06_L_ci,OK,115Q1
5522,遠雄,115Q1,1.76,,,36.8458,26.7211,24.3365,,,TWSE OpenAPI t187ap06_L_ci,OK,115Q1
5525,順天,115Q1,1.0,,,32.7359,24.4236,18.0191,,,TWSE OpenAPI t187ap06_L_ci,OK,115Q1
5531,鄉林,115Q1,0.07,,,6.5062,-165.6593,4.9882,,,TWSE OpenAPI t187ap06_L_ci,OK,115Q1
5533,皇鼎,115Q1,0.16,,,28.6338,16.1376,13.1302,,,TWSE OpenAPI t187ap06_L_ci,OK,115Q1
5534,長虹,115Q1,0.19,,,25.1712,8.6112,6.4606,,,TWSE OpenAPI t187ap06_L_ci,OK,115Q1
5538,東明-KY,115Q1,1.12,,,16.4856,9.5964,7.1618,,,TWSE OpenAPI t187ap06_L_ci,OK,115Q1
5546,永固-KY,115Q1,-0.28,,,-1.2931,-2.5393,-13.7531,,,TWSE OpenAPI t187ap06_L_ci,OK,115Q1
5607,遠雄港,115Q1,0.98,,,51.3344,44.2352,29.9301,,,TWSE OpenAPI t187ap06_L_ci,OK,115Q1
5608,四維航,115Q1,-0.11,,,11.5188,1.1954,-8.6132,,,TWSE OpenAPI t187ap06_L_ci,OK,115Q1
5706,鳳凰,115Q1,0.62,,,14.9592,7.2998,7.6672,,,TWSE OpenAPI t187ap06_L_ci,OK,115Q1
5871,中租-KY,115Q1,3.26,,,66.6163,30.9387,24.5743,,,TWSE OpenAPI t187ap06_L_ci,OK,115Q1
5906,台南-KY,115Q1,0.11,,,55.8856,2.9159,0.6236,,,TWSE OpenAPI t187ap06_L_ci,OK,115Q1
5907,大洋-KY,115Q1,-1.01,,,84.6401,-0.8237,-27.1956,,,TWSE OpenAPI t187ap06_L_ci,OK,115Q1
6108,競國,115Q1,-1.08,,,-5.7856,-18.6988,-16.5846,,,TWSE OpenAPI t187ap06_L_ci,OK,115Q1
6112,邁達特,115Q1,0.17,,,13.8706,2.7879,0.6957,,,TWSE OpenAPI t187ap06_L_ci,OK,115Q1
6115,鎰勝,115Q1,0.71,,,14.635,8.9297,7.0485,,,TWSE OpenAPI t187ap06_L_ci,OK,115Q1
6116,彩晶,115Q1,-0.06,,,-0.8871,-10.9617,-6.0617,,,TWSE OpenAPI t187ap06_L_ci,OK,115Q1
6117,迎廣,115Q1,1.33,,,37.5578,16.9065,14.6473,,,TWSE OpenAPI t187ap06_L_ci,OK,115Q1
6120,達運,115Q1,-0.15,,,3.5668,-2.2461,-2.0254,,,TWSE OpenAPI t187ap06_L_ci,OK,115Q1
6128,上福,115Q1,0.28,,,39.9239,4.7974,2.6899,,,TWSE OpenAPI t187ap06_L_ci,OK,115Q1
6133,金橋,115Q1,0.13,,,23.9698,8.5376,4.6035,,,TWSE OpenAPI t187ap06_L_ci,OK,115Q1
6136,富爾特,115Q1,-0.03,,,30.0934,-4.8905,-4.307,,,TWSE OpenAPI t187ap06_L_ci,OK,115Q1
6139,亞翔,115Q1,9.45,,,18.7302,17.2056,14.6674,,,TWSE OpenAPI t187ap06_L_ci,OK,115Q1
6141,柏承,115Q1,-0.58,,,6.964,-12.9179,-18.859,,,TWSE OpenAPI t187ap06_L_ci,OK,115Q1
6142,友勁,115Q1,-0.18,,,6.4825,-11.8805,-13.6815,,,TWSE OpenAPI t187ap06_L_ci,OK,115Q1
6152,百一,115Q1,-0.22,,,20.478,-22.5236,-11.1783,,,TWSE OpenAPI t187ap06_L_ci,OK,115Q1
6153,嘉聯益,115Q1,-0.56,,,-8.7011,-30.5647,-30.1585,,,TWSE OpenAPI t187ap06_L_ci,OK,115Q1
6155,鈞寶,115Q1,0.18,,,26.7785,7.2099,9.6711,,,TWSE OpenAPI t187ap06_L_ci,OK,115Q1
6164,華興,115Q1,0.05,,,30.2786,-2.5967,2.1877,,,TWSE OpenAPI t187ap06_L_ci,OK,115Q1
6165,浪凡,115Q1,1.09,,,29.906,11.6957,9.5647,,,TWSE OpenAPI t187ap06_L_ci,OK,115Q1
6166,凌華,115Q1,1.57,,,37.5469,12.1202,9.8586,,,TWSE OpenAPI t187ap06_L_ci,OK,115Q1
6168,宏齊,115Q1,0.02,,,23.7201,-2.2487,1.4107,,,TWSE OpenAPI t187ap06_L_ci,OK,115Q1
6176,瑞儀,115Q1,2.29,,,22.3895,11.947,8.7341,,,TWSE OpenAPI t187ap06_L_ci,OK,115Q1
6177,達麗,115Q1,3.53,,,50.0557,43.139,34.5528,,,TWSE OpenAPI t187ap06_L_ci,OK,115Q1
6183,關貿,115Q1,1.07,,,45.1641,29.0981,24.1193,,,TWSE OpenAPI t187ap06_L_ci,OK,115Q1
6184,大豐電,115Q1,0.71,,,54.2215,32.114,25.091,,,TWSE OpenAPI t187ap06_L_ci,OK,115Q1
6189,豐藝,115Q1,1.0,,,9.1598,4.6028,4.0265,,,TWSE OpenAPI t187ap06_L_ci,OK,115Q1
6191,精成科,115Q1,1.59,,,16.4686,8.2066,8.5495,,,TWSE OpenAPI t187ap06_L_ci,OK,115Q1
6192,巨路,115Q1,2.63,,,34.0227,17.103,14.0497,,,TWSE OpenAPI t187ap06_L_ci,OK,115Q1
6196,帆宣,115Q1,5.08,,,13.5662,8.2452,7.7511,,,TWSE OpenAPI t187ap06_L_ci,OK,115Q1
6197,佳必琪,115Q1,3.21,,,35.7704,22.6295,20.2422,,,TWSE OpenAPI t187ap06_L_ci,OK,115Q1
6201,亞弘電,115Q1,0.64,,,23.4712,10.4204,8.2395,,,TWSE OpenAPI t187ap06_L_ci,OK,115Q1
6202,盛群,115Q1,0.3,,,40.0147,6.6873,8.6449,,,TWSE OpenAPI t187ap06_L_ci,OK,115Q1
6205,詮欣,115Q1,0.38,,,39.3238,9.0429,10.6783,,,TWSE OpenAPI t187ap06_L_ci,OK,115Q1
6206,飛捷,115Q1,2.51,,,45.6258,28.0887,23.4468,,,TWSE OpenAPI t187ap06_L_ci,OK,115Q1
6209,今國光,115Q1,0.81,,,30.9255,16.0158,12.4356,,,TWSE OpenAPI t187ap06_L_ci,OK,115Q1
6213,聯茂,115Q1,0.87,,,11.4212,4.6396,3.44,,,TWSE OpenAPI t187ap06_L_ci,OK,115Q1
6214,精誠,115Q1,2.64,,,20.3959,4.944,6.4694,,,TWSE OpenAPI t187ap06_L_ci,OK,115Q1
6215,和椿,115Q1,1.14,,,29.9154,14.0707,12.1981,,,TWSE OpenAPI t187ap06_L_ci,OK,115Q1
6216,居易,115Q1,-0.12,,,42.078,-14.5523,-8.544,,,TWSE OpenAPI t187ap06_L_ci,OK,115Q1
6224,聚鼎,115Q1,0.64,,,32.3197,5.9662,6.9882,,,TWSE OpenAPI t187ap06_L_ci,OK,115Q1
6225,天瀚,115Q1,-0.11,,,13.2631,-148.8893,-50.6994,,,TWSE OpenAPI t187ap06_L_ci,OK,115Q1
6226,光鼎,115Q1,0.01,,,30.1528,-6.367,0.762,,,TWSE OpenAPI t187ap06_L_ci,OK,115Q1
6230,尼得科超眾,115Q1,-0.91,,,17.8215,0.7457,-3.531,,,TWSE OpenAPI t187ap06_L_ci,OK,115Q1
6235,華孚,115Q1,0.3,,,24.4269,6.5699,3.6934,,,TWSE OpenAPI t187ap06_L_ci,OK,115Q1
6239,力成,115Q1,2.5,,,19.4421,12.9524,11.1983,,,TWSE OpenAPI t187ap06_L_ci,OK,115Q1
6243,迅杰,115Q1,-0.03,,,59.7572,-18.0192,-1.6629,,,TWSE OpenAPI t187ap06_L_ci,OK,115Q1
6257,矽格,115Q1,2.1,,,31.6586,22.3662,21.1892,,,TWSE OpenAPI t187ap06_L_ci,OK,115Q1
6269,台郡,115Q1,-2.6,,,-1.3828,-18.287,-14.9522,,,TWSE OpenAPI t187ap06_L_ci,OK,115Q1
6271,同欣電,115Q1,1.89,,,27.9701,13.9576,14.0001,,,TWSE OpenAPI t187ap06_L_ci,OK,115Q1
6272,驊陞,115Q1,0.13,,,21.0057,2.4941,1.5355,,,TWSE OpenAPI t187ap06_L_ci,OK,115Q1
6277,宏正,115Q1,1.08,,,60.228,14.4247,10.1874,,,TWSE OpenAPI t187ap06_L_ci,OK,115Q1
6278,台表科,115Q1,2.17,,,11.3058,5.7665,5.0029,,,TWSE OpenAPI t187ap06_L_ci,OK,115Q1
6281,全國電,115Q1,1.13,,,21.2548,3.1183,2.5352,,,TWSE OpenAPI t187ap06_L_ci,OK,115Q1
6282,康舒,115Q1,0.27,,,24.3907,2.9308,2.6957,,,TWSE OpenAPI t187ap06_L_ci,OK,115Q1
6283,淳安,115Q1,-0.07,,,10.6085,-7.7597,-2.4898,,,TWSE OpenAPI t187ap06_L_ci,OK,115Q1
6285,啟碁,115Q1,2.36,,,13.7574,4.6699,3.8828,,,TWSE OpenAPI t187ap06_L_ci,OK,115Q1
6405,悅城,115Q1,-0.26,,,-12166.2338,-32132.4675,-22536.3636,,,TWSE OpenAPI t187ap06_L_ci,OK,115Q1
6409,旭隼,115Q1,4.46,,,26.0972,18.1066,9.3115,,,TWSE OpenAPI t187ap06_L_ci,OK,115Q1
6412,群電,115Q1,1.01,,,15.9378,4.2929,5.1929,,,TWSE OpenAPI t187ap06_L_ci,OK,115Q1
6414,樺漢,115Q1,5.15,,,20.1097,5.3673,4.9647,,,TWSE OpenAPI t187ap06_L_ci,OK,115Q1
6415,矽力*-KY,115Q1,1.98,,,48.2186,8.0262,15.1831,,,TWSE OpenAPI t187ap06_L_ci,OK,115Q1
6416,瑞祺電通,115Q1,1.35,,,25.6668,12.5257,9.2413,,,TWSE OpenAPI t187ap06_L_ci,OK,115Q1
6426,統新,115Q1,0.74,,,39.4616,12.5152,18.4438,,,TWSE OpenAPI t187ap06_L_ci,OK,115Q1
6431,光麗-KY,115Q1,-0.4,,,22.7815,-38.4363,-44.5239,,,TWSE OpenAPI t187ap06_L_ci,OK,115Q1
6438,迅得,115Q1,1.76,,,26.4123,11.1187,8.149,,,TWSE OpenAPI t187ap06_L_ci,OK,115Q1
6442,光聖,115Q1,7.82,,,55.4086,26.3988,22.4057,,,TWSE OpenAPI t187ap06_L_ci,OK,115Q1
6443,元晶,115Q1,-0.2,,,-5.1447,-18.7937,-24.779,,,TWSE OpenAPI t187ap06_L_ci,OK,115Q1
6446,藥華藥,115Q1,5.79,,,87.8689,40.7523,41.9736,,,TWSE OpenAPI t187ap06_L_ci,OK,115Q1
6449,鈺邦,115Q1,2.11,,,36.794,19.2063,16.1009,,,TWSE OpenAPI t187ap06_L_ci,OK,115Q1
6451,訊芯-KY,115Q1,-1.45,,,11.9591,-5.177,-9.4769,,,TWSE OpenAPI t187ap06_L_ci,OK,115Q1
6456,GIS-KY,115Q1,-0.61,,,4.9771,-1.9989,-1.2677,,,TWSE OpenAPI t187ap06_L_ci,OK,115Q1
6464,台數科,115Q1,1.39,,,51.6186,27.7583,17.5166,,,TWSE OpenAPI t187ap06_L_ci,OK,115Q1
6472,保瑞,115Q1,0.21,,,36.0546,10.1778,0.811,,,TWSE OpenAPI t187ap06_L_ci,OK,115Q1
6477,安集,115Q1,-0.02,,,24.7699,12.8749,-0.1116,,,TWSE OpenAPI t187ap06_L_ci,OK,115Q1
6491,晶碩,115Q1,6.06,,,53.3258,28.786,25.343,,,TWSE OpenAPI t187ap06_L_ci,OK,115Q1
6504,南六,115Q1,0.1,,,13.7782,4.2843,0.4639,,,TWSE OpenAPI t187ap06_L_ci,OK,115Q1
6505,台塑化,115Q1,2.14,,,16.7856,15.1331,12.5975,,,TWSE OpenAPI t187ap06_L_ci,OK,115Q1
6515,穎崴,115Q1,19.54,,,43.006,26.06,23.438,,,TWSE OpenAPI t187ap06_L_ci,OK,115Q1
6525,捷敏-KY,115Q1,1.62,,,26.1407,19.1214,15.3777,,,TWSE OpenAPI t187ap06_L_ci,OK,115Q1
6526,達發,115Q1,4.47,,,52.727,14.9572,13.6707,,,TWSE OpenAPI t187ap06_L_ci,OK,115Q1
6531,愛普*,115Q1,4.15,,,46.1851,28.0125,31.4277,,,TWSE OpenAPI t187ap06_L_ci,OK,115Q1
6533,晶心科,115Q1,-3.28,,,99.8854,-62.1885,-50.9355,,,TWSE OpenAPI t187ap06_L_ci,OK,115Q1
6534,正瀚-創,115Q1,4.15,,,86.1867,59.5937,49.0738,,,TWSE OpenAPI t187ap06_L_ci,OK,115Q1
6541,泰福-KY,115Q1,-1.47,,,-200.6603,-301.3175,-292.6536,,,TWSE OpenAPI t187ap06_L_ci,OK,115Q1
6550,北極星藥業-KY,115Q1,-0.64,,,-123.9142,-1499.9676,-1493.0441,,,TWSE OpenAPI t187ap06_L_ci,OK,115Q1
6552,易華電,115Q1,-0.65,,,-8.8667,-23.2427,-18.7039,,,TWSE OpenAPI t187ap06_L_ci,OK,115Q1
6558,興能高,115Q1,-0.35,,,12.7926,-18.1616,-14.2444,,,TWSE OpenAPI t187ap06_L_ci,OK,115Q1
6573,虹揚-KY,115Q1,-0.4,,,11.0693,-16.492,-17.5509,,,TWSE OpenAPI t187ap06_L_ci,OK,115Q1
6579,研揚,115Q1,3.81,,,34.8303,8.698,21.6048,,,TWSE OpenAPI t187ap06_L_ci,OK,115Q1
6581,鋼聯,115Q1,1.17,,,53.0543,38.6321,29.9302,,,TWSE OpenAPI t187ap06_L_ci,OK,115Q1
6582,申豐,115Q1,-0.26,,,-12.559,-44.0928,-26.0977,,,TWSE OpenAPI t187ap06_L_ci,OK,115Q1
6585,鼎基,115Q1,1.86,,,34.6832,20.4606,18.4812,,,TWSE OpenAPI t187ap06_L_ci,OK,115Q1
6589,台康生技,115Q1,-0.47,,,21.0599,-67.1908,-46.1173,,,TWSE OpenAPI t187ap06_L_ci,OK,115Q1
6591,動力-KY,115Q1,0.75,,,24.4184,-1.3872,9.3393,,,TWSE OpenAPI t187ap06_L_ci,OK,115Q1
6592,和潤企業,115Q1,0.76,,,61.8241,19.1654,15.8969,,,TWSE OpenAPI t187ap06_L_ci,OK,115Q1
6598,ABC-KY,115Q1,0.2,,,64.5653,8.2749,9.6626,,,TWSE OpenAPI t187ap06_L_ci,OK,115Q1
6605,帝寶,115Q1,4.41,,,33.5048,18.2984,15.5012,,,TWSE OpenAPI t187ap06_L_ci,OK,115Q1
6606,建德工業,115Q1,0.26,,,40.8299,24.5913,15.2262,,,TWSE OpenAPI t187ap06_L_ci,OK,115Q1
6614,資拓宏宇,115Q1,0.16,,,11.1479,1.1824,1.0364,,,TWSE OpenAPI t187ap06_L_ci,OK,115Q1
6625,必應,115Q1,1.42,,,19.9771,13.1844,10.6178,,,TWSE OpenAPI t187ap06_L_ci,OK,115Q1
6641,基士德-KY,115Q1,0.02,,,30.9145,-6.9533,-0.8527,,,TWSE OpenAPI t187ap06_L_ci,OK,115Q1
6645,金萬林-創,115Q1,-0.76,,,11.6541,-34.2859,-38.604,,,TWSE OpenAPI t187ap06_L_ci,OK,115Q1
6655,科定,115Q1,0.95,,,49.5063,14.1,10.9574,,,TWSE OpenAPI t187ap06_L_ci,OK,115Q1
6657,華安,115Q1,-0.53,,,74.9101,-3652.1927,-3329.1157,,,TWSE OpenAPI t187ap06_L_ci,OK,115Q1
6658,聯策,115Q1,1.63,,,23.9995,11.5935,8.8814,,,TWSE OpenAPI t187ap06_L_ci,OK,115Q1
6666,羅麗芬-KY,115Q1,0.32,,,64.5186,3.7847,4.6662,,,TWSE OpenAPI t187ap06_L_ci,OK,115Q1
6668,中揚光,115Q1,-0.62,,,11.275,-24.047,-24.804,,,TWSE OpenAPI t187ap06_L_ci,OK,115Q1
6669,緯穎,115Q1,75.95,,,7.5517,6.3139,5.1045,,,TWSE OpenAPI t187ap06_L_ci,OK,115Q1
6670,復盛應用,115Q1,6.96,,,24.0025,14.9379,12.2099,,,TWSE OpenAPI t187ap06_L_ci,OK,115Q1
6671,三能-KY,115Q1,0.26,,,38.6566,4.4861,4.3373,,,TWSE OpenAPI t187ap06_L_ci,OK,115Q1
6672,騰輝電子-KY,115Q1,1.73,,,34.0157,11.6671,9.9202,,,TWSE OpenAPI t187ap06_L_ci,OK,115Q1
6674,鋐寶科技,115Q1,-1.04,,,15.2891,-56.0447,-62.4612,,,TWSE OpenAPI t187ap06_L_ci,OK,115Q1
6689,伊雲谷,115Q1,0.53,,,9.8826,0.9032,1.1402,,,TWSE OpenAPI t187ap06_L_ci,OK,115Q1
6691,洋基工程,115Q1,7.19,,,18.3934,15.7416,12.4253,,,TWSE OpenAPI t187ap06_L_ci,OK,115Q1
6695,芯鼎,115Q1,-0.68,,,37.8755,-33.4316,-25.7239,,,TWSE OpenAPI t187ap06_L_ci,OK,115Q1
6698,旭暉應材,115Q1,-0.35,,,20.5601,-16.4712,-14.5965,,,TWSE OpenAPI t187ap06_L_ci,OK,115Q1
6706,惠特,115Q1,-0.96,,,-2.0091,-77.0928,-47.1002,,,TWSE OpenAPI t187ap06_L_ci,OK,115Q1
6715,嘉基,115Q1,1.02,,,40.0069,15.8944,11.632,,,TWSE OpenAPI t187ap06_L_ci,OK,115Q1
6719,力智,115Q1,2.1,,,41.6693,18.4412,22.5757,,,TWSE OpenAPI t187ap06_L_ci,OK,115Q1
6722,輝創,115Q1,0.34,,,20.5812,1.5256,2.4082,,,TWSE OpenAPI t187ap06_L_ci,OK,115Q1
6742,澤米,115Q1,-0.35,,,-8.8729,-35.9082,-28.5371,,,TWSE OpenAPI t187ap06_L_ci,OK,115Q1
6743,安普新,115Q1,-0.19,,,18.6866,1.9272,-2.5556,,,TWSE OpenAPI t187ap06_L_ci,OK,115Q1
6753,龍德造船,115Q1,2.7,,,33.1026,28.9769,23.9354,,,TWSE OpenAPI t187ap06_L_ci,OK,115Q1
6754,匯僑設計,115Q1,0.12,,,22.8635,0.0757,1.3617,,,TWSE OpenAPI t187ap06_L_ci,OK,115Q1
6756,威鋒電子,115Q1,0.64,,,44.6109,-12.2198,9.2332,,,TWSE OpenAPI t187ap06_L_ci,OK,115Q1
6757,台灣虎航,115Q1,2.91,,,40.6844,30.5065,24.1057,,,TWSE OpenAPI t187ap06_L_ci,OK,115Q1
6768,志強-KY,115Q1,1.2,,,16.536,6.138,4.4905,,,TWSE OpenAPI t187ap06_L_ci,OK,115Q1
6770,力積電,115Q1,3.36,,,10.2282,104.816,104.8536,,,TWSE OpenAPI t187ap06_L_ci,OK,115Q1
6771,平和環保-創,115Q1,0.69,,,46.8225,24.5517,16.2618,,,TWSE OpenAPI t187ap06_L_ci,OK,115Q1
6776,展碁國際,115Q1,1.14,,,6.2608,2.0636,1.3664,,,TWSE OpenAPI t187ap06_L_ci,OK,115Q1
6781,AES-KY,115Q1,10.64,,,36.1042,24.1644,20.0604,,,TWSE OpenAPI t187ap06_L_ci,OK,115Q1
6782,視陽,115Q1,3.82,,,45.8214,28.1146,19.5824,,,TWSE OpenAPI t187ap06_L_ci,OK,115Q1
6789,采鈺,115Q1,1.5,,,32.2392,22.827,20.2644,,,TWSE OpenAPI t187ap06_L_ci,OK,115Q1
6790,永豐實,115Q1,0.83,,,28.5487,9.8891,8.4582,,,TWSE OpenAPI t187ap06_L_ci,OK,115Q1
6792,詠業,115Q1,0.53,,,32.242,7.8252,7.2949,,,TWSE OpenAPI t187ap06_L_ci,OK,115Q1
6794,向榮生技,115Q1,-0.36,,,62.7748,-422.8735,-367.856,,,TWSE OpenAPI t187ap06_L_ci,OK,115Q1
6796,晉弘,115Q1,-0.32,,,36.5422,-13.1682,-8.6144,,,TWSE OpenAPI t187ap06_L_ci,OK,115Q1
6799,來頡,115Q1,1.14,,,46.8208,20.4907,20.2634,,,TWSE OpenAPI t187ap06_L_ci,OK,115Q1
6805,富世達,115Q1,13.38,,,32.3108,26.7767,21.9238,,,TWSE OpenAPI t187ap06_L_ci,OK,115Q1
6806,森崴能源,115Q1,-6.73,,,44.8496,40.2971,31.3896,,,TWSE OpenAPI t187ap06_L_ci,OK,115Q1
6807,峰源-KY,115Q1,0.63,,,17.2658,2.6072,4.1378,,,TWSE OpenAPI t187ap06_L_ci,OK,115Q1
6830,汎銓,115Q1,-0.61,,,21.5838,-1.5249,-5.504,,,TWSE OpenAPI t187ap06_L_ci,OK,115Q1
6831,邁科,115Q1,0.66,,,18.2013,6.5494,5.2187,,,TWSE OpenAPI t187ap06_L_ci,OK,115Q1
6834,天二科技,115Q1,0.45,,,23.0447,8.5029,9.4654,,,TWSE OpenAPI t187ap06_L_ci,OK,115Q1
6835,圓裕,115Q1,0.05,,,16.5791,0.7816,0.6122,,,TWSE OpenAPI t187ap06_L_ci,OK,115Q1
6838,台新藥,115Q1,-0.1,,,86.938,-23.4468,-33.5784,,,TWSE OpenAPI t187ap06_L_ci,OK,115Q1
6854,錼創科技-KY創,115Q1,-2.14,,,-27.0323,-188.7522,-185.471,,,TWSE OpenAPI t187ap06_L_ci,OK,115Q1
6861,睿生光電,115Q1,2.12,,,26.261,11.1012,11.1261,,,TWSE OpenAPI t187ap06_L_ci,OK,115Q1
6862,三集瑞-KY,115Q1,1.0,,,32.5532,12.8911,10.6394,,,TWSE OpenAPI t187ap06_L_ci,OK,115Q1
6863,永道-KY,115Q1,0.61,,,19.3208,5.9113,3.9693,,,TWSE OpenAPI t187ap06_L_ci,OK,115Q1
6869,雲豹能源,115Q1,-0.99,,,19.4937,7.8828,-6.0871,,,TWSE OpenAPI t187ap06_L_ci,OK,115Q1
6873,泓德能源,115Q1,0.25,,,40.4692,13.2312,2.3694,,,TWSE OpenAPI t187ap06_L_ci,OK,115Q1
6885,全福生技,115Q1,-0.5,,,-11.3355,-2956.7836,-2691.9943,,,TWSE OpenAPI t187ap06_L_ci,OK,115Q1
6887,寶綠特-KY,115Q1,-0.62,,,23.8132,-2.1774,-5.369,,,TWSE OpenAPI t187ap06_L_ci,OK,115Q1
6890,來億-KY,115Q1,0.75,,,11.6514,2.549,2.3689,,,TWSE OpenAPI t187ap06_L_ci,OK,115Q1
6901,鑽石投資,115Q1,-0.42,,,100.0,109.531,105.8433,,,TWSE OpenAPI t187ap06_L_ci,OK,115Q1
6902,GOGOLOOK,115Q1,1.64,,,89.0791,18.0968,19.142,,,TWSE OpenAPI t187ap06_L_ci,OK,115Q1
6906,現觀科,115Q1,0.6,,,86.2331,15.459,24.4211,,,TWSE OpenAPI t187ap06_L_ci,OK,115Q1
6908,宏碁遊戲-創,115Q1,0.41,,,14.1158,0.1019,-1.3933,,,TWSE OpenAPI t187ap06_L_ci,OK,115Q1
6909,創控,115Q1,0.07,,,57.4933,2.7467,4.7013,,,TWSE OpenAPI t187ap06_L_ci,OK,115Q1
6914,阜爾運通,115Q1,2.34,,,21.9815,15.5496,10.8071,,,TWSE OpenAPI t187ap06_L_ci,OK,115Q1
6916,華凌,115Q1,-0.49,,,20.1212,-7.1929,-6.4213,,,TWSE OpenAPI t187ap06_L_ci,OK,115Q1
6918,愛派司,115Q1,1.39,,,66.2338,24.1024,21.738,,,TWSE OpenAPI t187ap06_L_ci,OK,115Q1
6919,康霈*,115Q1,-0.07,,,50.0,-12291550.0,-5387700.0,,,TWSE OpenAPI t187ap06_L_ci,OK,115Q1
6921,嘉雨思-創,115Q1,-0.27,,,55.5513,-36.8608,-30.1585,,,TWSE OpenAPI t187ap06_L_ci,OK,115Q1
6923,中台,115Q1,0.84,,,30.8476,23.5254,25.131,,,TWSE OpenAPI t187ap06_L_ci,OK,115Q1
6924,榮惠-KY創,115Q1,2.26,,,26.4706,12.576,9.8724,,,TWSE OpenAPI t187ap06_L_ci,OK,115Q1
6928,攸泰科技,115Q1,-0.04,,,27.9911,-1.5163,-0.612,,,TWSE OpenAPI t187ap06_L_ci,OK,115Q1
6931,青松健康,115Q1,0.49,,,15.2433,8.0381,11.0618,,,TWSE OpenAPI t187ap06_L_ci,OK,115Q1
6933,AMAX-KY,115Q1,1.1,,,13.6801,4.1578,2.5583,,,TWSE OpenAPI t187ap06_L_ci,OK,115Q1
6934,心誠鎂,115Q1,-1.43,,,-446.3229,-1367.9512,-1359.0773,,,TWSE OpenAPI t187ap06_L_ci,OK,115Q1
6936,永鴻生技,115Q1,0.6,,,37.3116,14.8555,11.8714,,,TWSE OpenAPI t187ap06_L_ci,OK,115Q1
6937,天虹,115Q1,0.96,,,41.7712,12.9713,10.6029,,,TWSE OpenAPI t187ap06_L_ci,OK,115Q1
6944,兆聯實業,115Q1,10.08,,,27.1458,22.5118,16.4243,,,TWSE OpenAPI t187ap06_L_ci,OK,115Q1
6949,沛爾生醫-創,115Q1,-1.18,,,-18.9227,-1393.7657,-1368.9384,,,TWSE OpenAPI t187ap06_L_ci,OK,115Q1
6951,青新-創,115Q1,1.49,,,60.894,40.3135,32.6235,,,TWSE OpenAPI t187ap06_L_ci,OK,115Q1
6952,大武山,115Q1,0.32,,,20.6642,4.7489,3.4956,,,TWSE OpenAPI t187ap06_L_ci,OK,115Q1
6955,邦睿生技-創,115Q1,0.97,,,76.3821,30.176,28.3747,,,TWSE OpenAPI t187ap06_L_ci,OK,115Q1
6957,裕慶-KY,115Q1,1.51,,,30.2191,10.0101,7.6128,,,TWSE OpenAPI t187ap06_L_ci,OK,115Q1
6958,日盛台駿,115Q1,0.2,,,28.3544,4.6066,3.2187,,,TWSE OpenAPI t187ap06_L_ci,OK,115Q1
6962,奕力-KY,115Q1,0.58,,,27.3296,3.7556,7.129,,,TWSE OpenAPI t187ap06_L_ci,OK,115Q1
6965,中傑-KY,115Q1,-0.64,,,10.0507,-1.6901,-1.9718,,,TWSE OpenAPI t187ap06_L_ci,OK,115Q1
6969,成信實業*-創,115Q1,-0.05,,,31.2156,3.1881,-2.7995,,,TWSE OpenAPI t187ap06_L_ci,OK,115Q1
6988,威力暘-創,115Q1,-0.05,,,31.188,-1.1149,-1.5137,,,TWSE OpenAPI t187ap06_L_ci,OK,115Q1
6994,富威電力,115Q1,0.48,,,19.1868,9.0427,4.2033,,,TWSE OpenAPI t187ap06_L_ci,OK,115Q1
7610,聯友金屬-創,115Q1,10.87,,,73.8786,66.6067,52.4464,,,TWSE OpenAPI t187ap06_L_ci,OK,115Q1
7631,聚賢研發-創,115Q1,1.76,,,22.9857,11.6337,8.6881,,,TWSE OpenAPI t187ap06_L_ci,OK,115Q1
7705,三商餐飲,115Q1,0.35,,,34.579,1.8693,1.4521,,,TWSE OpenAPI t187ap06_L_ci,OK,115Q1
7711,永擎,115Q1,7.68,,,12.3867,7.8132,6.0709,,,TWSE OpenAPI t187ap06_L_ci,OK,115Q1
7721,微程式,115Q1,0.21,,,64.1652,9.3867,7.9723,,,TWSE OpenAPI t187ap06_L_ci,OK,115Q1
7722,LINEPAY,115Q1,1.97,,,23.1968,5.1871,6.398,,,TWSE OpenAPI t187ap06_L_ci,OK,115Q1
7730,暉盛-創,115Q1,0.37,,,45.8496,12.0891,14.8495,,,TWSE OpenAPI t187ap06_L_ci,OK,115Q1
7732,金興精密,115Q1,0.82,,,28.7511,13.7945,17.4194,,,TWSE OpenAPI t187ap06_L_ci,OK,115Q1
7736,虎山,115Q1,1.18,,,28.7976,19.4514,24.6868,,,TWSE OpenAPI t187ap06_L_ci,OK,115Q1
7740,熙特爾-創,115Q1,3.64,,,11.6343,9.0323,6.7799,,,TWSE OpenAPI t187ap06_L_ci,OK,115Q1
7749,意騰-KY,115Q1,3.56,,,70.1753,32.0017,30.9991,,,TWSE OpenAPI t187ap06_L_ci,OK,115Q1
7750,新代,115Q1,15.38,,,48.7677,25.7828,22.0798,,,TWSE OpenAPI t187ap06_L_ci,OK,115Q1
7760,享溫馨,115Q1,0.7,,,42.8728,14.2126,10.5723,,,TWSE OpenAPI t187ap06_L_ci,OK,115Q1
7765,中華資安,115Q1,3.38,,,49.0297,27.5422,23.0096,,,TWSE OpenAPI t187ap06_L_ci,OK,115Q1
7768,頌勝科技,115Q1,1.62,,,55.7734,20.6852,18.381,,,TWSE OpenAPI t187ap06_L_ci,OK,115Q1
7769,鴻勁,115Q1,25.7,,,56.2387,49.9762,43.1159,,,TWSE OpenAPI t187ap06_L_ci,OK,115Q1
7780,大研生醫*,115Q1,0.13,,,60.0937,13.4046,22.498,,,TWSE OpenAPI t187ap06_L_ci,OK,115Q1
7786,東方風能,115Q1,1.2,,,19.8094,15.788,11.8851,,,TWSE OpenAPI t187ap06_L_ci,OK,115Q1
7788,松川精密,115Q1,2.22,,,26.9359,9.6334,9.5031,,,TWSE OpenAPI t187ap06_L_ci,OK,115Q1
7791,皇家可口,115Q1,1.87,,,35.863,8.7167,30.6895,,,TWSE OpenAPI t187ap06_L_ci,OK,115Q1
7795,長廣,115Q1,0.21,,,39.3977,10.993,3.8535,,,TWSE OpenAPI t187ap06_L_ci,OK,115Q1
7799,禾榮科,115Q1,-0.37,,,-0.5893,-3067.383,-1995.7712,,,TWSE OpenAPI t187ap06_L_ci,OK,115Q1
7803,雲象科技-創,115Q1,-0.78,,,52.6389,-690.5926,-642.3889,,,TWSE OpenAPI t187ap06_L_ci,OK,115Q1
7818,溢泰實業,115Q1,0.88,,,28.9695,5.3743,4.7449,,,TWSE OpenAPI t187ap06_L_ci,OK,115Q1
7821,神數,115Q1,0.87,,,21.812,4.5186,3.8292,,,TWSE OpenAPI t187ap06_L_ci,OK,115Q1
7822,倍利科,115Q1,4.93,,,59.1743,37.6479,29.9919,,,TWSE OpenAPI t187ap06_L_ci,OK,115Q1
7823,奧義賽博-KY創,115Q1,-0.15,,,86.349,-14.1557,-5.3786,,,TWSE OpenAPI t187ap06_L_ci,OK,115Q1
8011,台通,115Q1,0.02,,,17.0636,4.0431,2.2139,,,TWSE OpenAPI t187ap06_L_ci,OK,115Q1
8016,矽創,115Q1,4.6,,,31.3284,11.529,12.7781,,,TWSE OpenAPI t187ap06_L_ci,OK,115Q1
8021,尖點,115Q1,1.17,,,36.5855,20.1191,14.1413,,,TWSE OpenAPI t187ap06_L_ci,OK,115Q1
8028,昇陽半導體,115Q1,1.61,,,37.5753,25.5012,21.9692,,,TWSE OpenAPI t187ap06_L_ci,OK,115Q1
8033,雷虎,115Q1,0.34,,,38.2112,-0.7023,13.5238,,,TWSE OpenAPI t187ap06_L_ci,OK,115Q1
8039,台虹,115Q1,0.65,,,22.0316,6.0644,7.2414,,,TWSE OpenAPI t187ap06_L_ci,OK,115Q1
8045,達運光電,115Q1,0.11,,,27.0676,3.145,2.3888,,,TWSE OpenAPI t187ap06_L_ci,OK,115Q1
8046,南電,115Q1,2.03,,,15.8487,12.0981,11.708,,,TWSE OpenAPI t187ap06_L_ci,OK,115Q1
8070,長華*,115Q1,0.51,,,18.5169,12.1299,11.0359,,,TWSE OpenAPI t187ap06_L_ci,OK,115Q1
8072,陞泰,115Q1,0.29,,,16.2117,5.0516,7.7178,,,TWSE OpenAPI t187ap06_L_ci,OK,115Q1
8081,致新,115Q1,4.62,,,39.6108,17.5498,19.053,,,TWSE OpenAPI t187ap06_L_ci,OK,115Q1
8101,華冠,115Q1,-0.95,,,0.9986,-46.1192,-61.3204,,,TWSE OpenAPI t187ap06_L_ci,OK,115Q1
8103,瀚荃,115Q1,1.17,,,37.9692,14.2372,9.9456,,,TWSE OpenAPI t187ap06_L_ci,OK,115Q1
8104,錸寶,115Q1,-0.39,,,18.7667,-3.5106,-10.7652,,,TWSE OpenAPI t187ap06_L_ci,OK,115Q1
8105,凌巨,115Q1,0.43,,,8.6602,0.5299,8.9153,,,TWSE OpenAPI t187ap06_L_ci,OK,115Q1
8110,華東,115Q1,0.49,,,10.038,5.2506,12.4862,,,TWSE OpenAPI t187ap06_L_ci,OK,115Q1
8112,至上,115Q1,3.91,,,3.8475,3.1028,1.9788,,,TWSE OpenAPI t187ap06_L_ci,OK,115Q1
8114,振樺電,115Q1,2.75,,,46.998,17.7872,14.6411,,,TWSE OpenAPI t187ap06_L_ci,OK,115Q1
8131,福懋科,115Q1,0.96,,,19.5527,16.115,14.479,,,TWSE OpenAPI t187ap06_L_ci,OK,115Q1
8150,南茂,115Q1,0.72,,,13.7762,7.4929,7.2797,,,TWSE OpenAPI t187ap06_L_ci,OK,115Q1
8162,微矽電子-創,115Q1,0.12,,,17.4712,3.5484,2.8229,,,TWSE OpenAPI t187ap06_L_ci,OK,115Q1
8163,達方,115Q1,0.2,,,17.9861,1.3102,0.5389,,,TWSE OpenAPI t187ap06_L_ci,OK,115Q1
8201,無敵,115Q1,-0.11,,,23.6767,-10.2024,-5.5818,,,TWSE OpenAPI t187ap06_L_ci,OK,115Q1
8210,勤誠,115Q1,10.73,,,32.8267,25.0348,19.2057,,,TWSE OpenAPI t187ap06_L_ci,OK,115Q1
8213,志超,115Q1,0.3,,,10.5904,2.318,1.6006,,,TWSE OpenAPI t187ap06_L_ci,OK,115Q1
8215,明基材,115Q1,-0.64,,,11.8858,-5.255,-4.3154,,,TWSE OpenAPI t187ap06_L_ci,OK,115Q1
8222,寶一,115Q1,0.37,,,25.2658,12.9852,10.8827,,,TWSE OpenAPI t187ap06_L_ci,OK,115Q1
8249,菱光,115Q1,0.37,,,16.7452,8.0555,4.1175,,,TWSE OpenAPI t187ap06_L_ci,OK,115Q1
8261,富鼎,115Q1,1.57,,,38.0748,25.6641,23.905,,,TWSE OpenAPI t187ap06_L_ci,OK,115Q1
8271,宇瞻,115Q1,14.54,,,49.2653,32.8452,26.6278,,,TWSE OpenAPI t187ap06_L_ci,OK,115Q1
8341,日友,115Q1,1.51,,,49.3181,31.5927,20.5558,,,TWSE OpenAPI t187ap06_L_ci,OK,115Q1
8367,建新國際,115Q1,0.67,,,27.9002,15.7406,11.3677,,,TWSE OpenAPI t187ap06_L_ci,OK,115Q1
8374,羅昇,115Q1,0.43,,,24.9686,7.7566,6.0154,,,TWSE OpenAPI t187ap06_L_ci,OK,115Q1
8404,百和興業-KY,115Q1,0.17,,,33.8645,10.4728,3.8366,,,TWSE OpenAPI t187ap06_L_ci,OK,115Q1
8411,福貞-KY,115Q1,0.19,,,8.8246,2.5538,1.5349,,,TWSE OpenAPI t187ap06_L_ci,OK,115Q1
8422,可寧衛*,115Q1,0.21,,,48.2141,34.3839,23.0028,,,TWSE OpenAPI t187ap06_L_ci,OK,115Q1
8429,金麗-KY,115Q1,0.02,,,14.5934,-27.2158,14.0974,,,TWSE OpenAPI t187ap06_L_ci,OK,115Q1
8438,昶昕,115Q1,1.02,,,14.3185,8.2042,6.1167,,,TWSE OpenAPI t187ap06_L_ci,OK,115Q1
8442,威宏-KY,115Q1,0.03,,,15.6108,0.7278,0.1068,,,TWSE OpenAPI t187ap06_L_ci,OK,115Q1
8443,阿瘦,115Q1,-0.37,,,54.8821,-11.7765,-8.6495,,,TWSE OpenAPI t187ap06_L_ci,OK,115Q1
8454,富邦媒,115Q1,2.43,,,9.0531,2.965,2.4251,,,TWSE OpenAPI t187ap06_L_ci,OK,115Q1
8462,柏文,115Q1,2.42,,,33.575,16.1718,11.8369,,,TWSE OpenAPI t187ap06_L_ci,OK,115Q1
8463,潤泰材,115Q1,0.42,,,12.4767,6.9311,6.8157,,,TWSE OpenAPI t187ap06_L_ci,OK,115Q1
8464,億豐,115Q1,5.62,,,59.087,28.1076,23.7008,,,TWSE OpenAPI t187ap06_L_ci,OK,115Q1
8466,美吉吉-KY,115Q1,-0.89,,,8.2473,-7.4236,-10.9533,,,TWSE OpenAPI t187ap06_L_ci,OK,115Q1
8467,波力-KY,115Q1,0.83,,,37.0185,17.3649,7.0846,,,TWSE OpenAPI t187ap06_L_ci,OK,115Q1
8473,山林水,115Q1,1.23,,,32.8714,26.678,18.9346,,,TWSE OpenAPI t187ap06_L_ci,OK,115Q1
8476,台境*,115Q1,0.0,,,12.2957,2.3391,0.3862,,,TWSE OpenAPI t187ap06_L_ci,OK,115Q1
8478,東哥遊艇,115Q1,3.8,,,42.6274,25.8199,24.974,,,TWSE OpenAPI t187ap06_L_ci,OK,115Q1
8481,政伸,115Q1,0.77,,,47.0009,19.1103,18.1988,,,TWSE OpenAPI t187ap06_L_ci,OK,115Q1
8482,商億-KY,115Q1,0.66,,,32.7369,9.4433,7.4743,,,TWSE OpenAPI t187ap06_L_ci,OK,115Q1
8487,愛爾達-創,115Q1,2.58,,,33.5632,22.5141,17.7025,,,TWSE OpenAPI t187ap06_L_ci,OK,115Q1
8488,吉源-KY,115Q1,-0.19,,,3.8051,-1.9115,-1.3789,,,TWSE OpenAPI t187ap06_L_ci,OK,115Q1
8499,鼎炫-KY,115Q1,2.61,,,44.5185,18.3258,17.5998,,,TWSE OpenAPI t187ap06_L_ci,OK,115Q1
8926,台汽電,115Q1,2.11,,,8.5203,8.4525,13.0235,,,TWSE OpenAPI t187ap06_L_ci,OK,115Q1
8940,新天地,115Q1,1.34,,,53.2755,20.6466,15.7516,,,TWSE OpenAPI t187ap06_L_ci,OK,115Q1
8996,高力,115Q1,6.54,,,29.0215,20.7098,17.6942,,,TWSE OpenAPI t187ap06_L_ci,OK,115Q1
9802,鈺齊-KY,115Q1,0.89,,,15.8491,5.1348,4.8448,,,TWSE OpenAPI t187ap06_L_ci,OK,115Q1
9902,台火,115Q1,0.17,,,31.7395,2.8926,74.4287,,,TWSE OpenAPI t187ap06_L_ci,OK,115Q1
9904,寶成,115Q1,0.76,,,22.1418,3.1604,4.8638,,,TWSE OpenAPI t187ap06_L_ci,OK,115Q1
9905,大華,115Q1,0.35,,,10.0743,4.8844,4.7927,,,TWSE OpenAPI t187ap06_L_ci,OK,115Q1
9906,欣巴巴,115Q1,1.57,,,37.5161,24.698,17.3722,,,TWSE OpenAPI t187ap06_L_ci,OK,115Q1
9907,統一實,115Q1,0.17,,,10.7064,3.8411,2.3192,,,TWSE OpenAPI t187ap06_L_ci,OK,115Q1
9908,大台北,115Q1,0.33,,,21.4362,14.3619,18.0131,,,TWSE OpenAPI t187ap06_L_ci,OK,115Q1
9910,豐泰,115Q1,0.68,,,17.3898,3.9996,3.476,,,TWSE OpenAPI t187ap06_L_ci,OK,115Q1
9911,櫻花,115Q1,1.87,,,35.6631,16.5974,13.9817,,,TWSE OpenAPI t187ap06_L_ci,OK,115Q1
9912,偉聯,115Q1,-0.19,,,44.3373,-10.2689,-11.07,,,TWSE OpenAPI t187ap06_L_ci,OK,115Q1
9914,美利達,115Q1,1.09,,,16.5976,5.2148,6.1616,,,TWSE OpenAPI t187ap06_L_ci,OK,115Q1
9917,中保科,115Q1,1.6,,,33.9021,17.6092,15.4951,,,TWSE OpenAPI t187ap06_L_ci,OK,115Q1
9918,欣天然,115Q1,0.63,,,30.7372,19.1835,17.5322,,,TWSE OpenAPI t187ap06_L_ci,OK,115Q1
9919,康那香,115Q1,-0.52,,,9.6432,-15.2117,-14.8604,,,TWSE OpenAPI t187ap06_L_ci,OK,115Q1
9921,巨大,115Q1,-0.51,,,19.6334,-1.5286,-1.1745,,,TWSE OpenAPI t187ap06_L_ci,OK,115Q1
9924,福興,115Q1,0.54,,,19.9193,4.8023,5.5752,,,TWSE OpenAPI t187ap06_L_ci,OK,115Q1
9925,新保,115Q1,0.47,,,32.1726,10.6708,8.9834,,,TWSE OpenAPI t187ap06_L_ci,OK,115Q1
9926,新海,115Q1,0.68,,,26.1788,18.6684,17.4127,,,TWSE OpenAPI t187ap06_L_ci,OK,115Q1
9927,泰銘,115Q1,1.12,,,9.015,6.4007,6.1913,,,TWSE OpenAPI t187ap06_L_ci,OK,115Q1
9928,中視,115Q1,-0.51,,,-1.4249,-19.8497,-15.7335,,,TWSE OpenAPI t187ap06_L_ci,OK,115Q1
9929,秋雨,115Q1,0.22,,,24.7821,12.0369,14.4304,,,TWSE OpenAPI t187ap06_L_ci,OK,115Q1
9930,中聯資源,115Q1,1.1,,,15.0139,10.5959,8.4831,,,TWSE OpenAPI t187ap06_L_ci,OK,115Q1
9931,欣高,115Q1,0.69,,,16.6928,11.5161,20.0394,,,TWSE OpenAPI t187ap06_L_ci,OK,115Q1
9933,中鼎,115Q1,1.0,,,13.0511,9.6743,6.6356,,,TWSE OpenAPI t187ap06_L_ci,OK,115Q1
9934,成霖,115Q1,0.28,,,34.2072,4.6111,2.4382,,,TWSE OpenAPI t187ap06_L_ci,OK,115Q1
9935,慶豐富,115Q1,0.51,,,27.2873,10.6917,7.4036,,,TWSE OpenAPI t187ap06_L_ci,OK,115Q1
9937,全國,115Q1,0.66,,,13.3395,4.2327,3.7508,,,TWSE OpenAPI t187ap06_L_ci,OK,115Q1
9938,百和,115Q1,0.87,,,31.8119,12.8918,7.3167,,,TWSE OpenAPI t187ap06_L_ci,OK,115Q1
9939,宏全,115Q1,2.25,,,22.3376,13.2073,9.8508,,,TWSE OpenAPI t187ap06_L_ci,OK,115Q1
9940,信義,115Q1,0.22,,,23.1163,7.2821,5.666,,,TWSE OpenAPI t187ap06_L_ci,OK,115Q1
9941,裕融,115Q1,1.82,,,43.6739,14.4976,11.2703,,,TWSE OpenAPI t187ap06_L_ci,OK,115Q1
9942,茂順,115Q1,2.22,,,39.9566,24.4749,17.0381,,,TWSE OpenAPI t187ap06_L_ci,OK,115Q1
9943,好樂迪,115Q1,1.88,,,53.2322,19.1343,25.4236,,,TWSE OpenAPI t187ap06_L_ci,OK,115Q1
9944,新麗,115Q1,0.65,,,34.6335,13.947,10.4973,,,TWSE OpenAPI t187ap06_L_ci,OK,115Q1
9945,潤泰新,115Q1,0.99,,,24.7384,17.707,36.9152,,,TWSE OpenAPI t187ap06_L_ci,OK,115Q1
9946,三發地產,115Q1,2.56,,,53.8197,46.8359,36.3326,,,TWSE OpenAPI t187ap06_L_ci,OK,115Q1
9955,佳龍,115Q1,0.05,,,13.6055,5.8827,1.1289,,,TWSE OpenAPI t187ap06_L_ci,OK,115Q1
9958,世紀鋼,115Q1,2.63,,,33.1907,28.8254,22.6938,,,TWSE OpenAPI t187ap06_L_ci,OK,115Q1
