trade_date,stock_id,stock_name,foreign_net_buy,investment_trust_net_buy,dealer_net_buy,total_institutional_net_buy,foreign_buy_days,investment_trust_buy_days,institutional_buy_ratio,institutional_warning
2026-05-26,00403A,主動統一升級50,50954416.0,0.0,0.0,147885058.0,,,,
2026-05-26,6770,力積電,59832974.0,302000.0,0.0,61118965.0,,,,
2026-05-26,2344,華邦電,46872727.0,4364455.0,0.0,53874275.0,,,,
2026-05-26,2303,聯電,71870498.0,-19692021.0,0.0,52531260.0,,,,
2026-05-26,00878,國泰永續高股息,7568505.0,0.0,0.0,44993144.0,,,,
2026-05-26,00999A,主動野村臺灣高息,20389900.0,0.0,0.0,44257058.0,,,,
2026-05-26,2881,富邦金,58964476.0,-15279493.0,0.0,43773400.0,,,,
2026-05-26,1303,南亞,34097662.0,-1157000.0,0.0,35336058.0,,,,
2026-05-26,00982A,主動群益台灣強棒,21801873.0,389000.0,0.0,35021477.0,,,,
2026-05-26,2337,旺宏,29338438.0,2969000.0,0.0,32384440.0,,,,
2026-05-26,00891,中信關鍵半導體,11354150.0,0.0,0.0,29944622.0,,,,
2026-05-26,00992A,主動群益科技創新,10908100.0,0.0,0.0,28892673.0,,,,
2026-05-26,2312,金寶,30455390.0,-2772000.0,0.0,28357859.0,,,,
2026-05-26,2887,台新新光金,5281027.0,23249000.0,0.0,28236181.0,,,,
2026-05-26,00919,群益台灣精選高息,3065629.0,0.0,0.0,26454650.0,,,,
2026-05-26,2449,京元電子,24629053.0,-3868527.0,0.0,21913312.0,,,,
2026-05-26,00940,元大台灣價值高息,-17032900.0,0.0,0.0,17586012.0,,,,
2026-05-26,6282,康舒,19147105.0,-402000.0,0.0,17109653.0,,,,
2026-05-26,009820,元大納斯達克精選,3282050.0,0.0,0.0,12240158.0,,,,
2026-05-26,3037,欣興,8680405.0,2890000.0,0.0,11776533.0,,,,
2026-05-26,00637L,元大滬深300正2,4003000.0,0.0,0.0,11474940.0,,,,
2026-05-26,0056,元大高股息,4033935.0,-240000.0,0.0,10242115.0,,,,
2026-05-26,2369,菱生,9791750.0,0.0,0.0,10204888.0,,,,
2026-05-26,009819,中信數據及電力,-214950.0,0.0,0.0,9517675.0,,,,
2026-05-26,00400A,主動國泰動能高息,5080900.0,0.0,0.0,9410223.0,,,,
2026-05-26,00680L,元大美債20正2,-998000.0,0.0,0.0,9365806.0,,,,
2026-05-26,00929,復華台灣科技優息,1098420.0,0.0,0.0,9273323.0,,,,
2026-05-26,00980A,主動野村臺灣優選,3878000.0,0.0,0.0,8966868.0,,,,
2026-05-26,2481,強茂,8279429.0,0.0,0.0,8768993.0,,,,
2026-05-26,3715,定穎投控,8387350.0,0.0,0.0,8542993.0,,,,
2026-05-26,2317,鴻海,9279594.0,-245930.0,0.0,8357718.0,,,,
2026-05-26,00953B,群益優選非投等債,14194000.0,-3000000.0,0.0,8317384.0,,,,
2026-05-26,00713,元大台灣高息低波,133218.0,0.0,0.0,8113453.0,,,,
2026-05-26,00993A,主動安聯台灣,2236000.0,0.0,0.0,7625368.0,,,,
2026-05-26,2489,瑞軒,6672293.0,475000.0,0.0,6975480.0,,,,
2026-05-26,3189,景碩,4397554.0,2307000.0,0.0,6579882.0,,,,
2026-05-26,8110,華東,6120275.0,0.0,0.0,6426144.0,,,,
2026-05-26,00673R,期元大S&P原油反1,0.0,0.0,0.0,6258915.0,,,,
2026-05-26,00900,富邦特選高股息30,3706000.0,0.0,0.0,5754203.0,,,,
2026-05-26,2882,國泰金,23552099.0,-17889450.0,0.0,5558502.0,,,,
2026-05-26,4927,泰鼎-KY,5674408.0,0.0,0.0,5525043.0,,,,
2026-05-26,3673,TPK-KY,5322203.0,0.0,0.0,5391543.0,,,,
2026-05-26,3033,威健,5769500.0,-22252.0,0.0,5309096.0,,,,
2026-05-26,6285,啟碁,4957638.0,215000.0,0.0,5273184.0,,,,
2026-05-26,1717,長興,4048601.0,711000.0,0.0,5179279.0,,,,
2026-05-26,1802,台玻,3107525.0,762000.0,0.0,4624379.0,,,,
2026-05-26,00991A,主動復華未來50,1956052.0,474000.0,0.0,4614675.0,,,,
2026-05-26,8046,南電,4947217.0,-420000.0,0.0,4546421.0,,,,
2026-05-26,2408,南亞科,7330462.0,-3019725.0,0.0,4540718.0,,,,
2026-05-26,00688L,國泰20年美債正2,0.0,0.0,0.0,4139219.0,,,,
2026-05-26,2464,盟立,4318972.0,0.0,0.0,4089099.0,,,,
2026-05-26,3042,晶技,-3046895.0,7195000.0,0.0,4014660.0,,,,
2026-05-26,6005,群益證,4181000.0,-245593.0,0.0,3935407.0,,,,
2026-05-26,00930,永豐ESG低碳高息,638000.0,0.0,0.0,3911174.0,,,,
2026-05-26,8070,長華*,3841501.0,-54541.0,0.0,3835137.0,,,,
2026-05-26,4958,臻鼎-KY,3230273.0,272000.0,0.0,3665357.0,,,,
2026-05-26,2492,華新科,2614415.0,379000.0,0.0,3447863.0,,,,
2026-05-26,2436,偉詮電,3331000.0,0.0,0.0,3381429.0,,,,
2026-05-26,1409,新纖,3328000.0,-4000.0,0.0,3374915.0,,,,
2026-05-26,00918,大華優利高填息30,-676087.0,0.0,0.0,3314514.0,,,,
2026-05-26,2609,陽明,3325023.0,-17850.0,0.0,3310380.0,,,,
2026-05-26,00985A,主動野村台灣50,2891.0,0.0,0.0,3275839.0,,,,
2026-05-26,2891,中信金,2091430.0,4247920.0,0.0,3241914.0,,,,
2026-05-26,2812,台中銀,3202854.0,-11735.0,0.0,3209119.0,,,,
2026-05-26,2867,三商壽,1809100.0,0.0,0.0,3199100.0,,,,
2026-05-26,00939,統一台灣高息動能,1666500.0,0.0,0.0,3096515.0,,,,
2026-05-26,2401,凌陽,2883997.0,0.0,0.0,3056248.0,,,,
2026-05-26,00915,凱基優選高股息30,-445939.0,0.0,0.0,3049098.0,,,,
2026-05-26,00965,元大航太防衛科技,555090.0,-150000.0,0.0,3040179.0,,,,
2026-05-26,6706,惠特,1259109.0,1678000.0,0.0,3033007.0,,,,
2026-05-26,8039,台虹,2774072.0,0.0,0.0,2940812.0,,,,
2026-05-26,00665L,富邦恒生國企正2,929000.0,0.0,0.0,2922186.0,,,,
2026-05-26,2351,順德,2878226.0,-24000.0,0.0,2885075.0,,,,
2026-05-26,2890,永豐金,3218884.0,-109338.0,0.0,2879363.0,,,,
2026-05-26,2606,裕民,2613980.0,230000.0,0.0,2844453.0,,,,
2026-05-26,00945B,凱基美國非投等債,4462000.0,0.0,0.0,2744000.0,,,,
2026-05-26,9105,泰金寶-DR,348000.0,0.0,0.0,2691884.0,,,,
2026-05-26,9945,潤泰新,2657000.0,0.0,0.0,2664086.0,,,,
2026-05-26,00987A,主動台新優勢成長,835000.0,0.0,0.0,2583479.0,,,,
2026-05-26,2308,台達電,2327539.0,160900.0,0.0,2566512.0,,,,
2026-05-26,4526,東台,1924870.0,0.0,0.0,2363339.0,,,,
2026-05-26,2375,凱美,2469107.0,0.0,0.0,2346362.0,,,,
2026-05-26,2887I,台新新光辛特,2201000.0,0.0,0.0,2201000.0,,,,
2026-05-26,2329,華泰,1801920.0,0.0,0.0,2136419.0,,,,
2026-05-26,3209,全科,1981217.0,-8504.0,0.0,2125594.0,,,,
2026-05-26,2399,映泰,2099315.0,0.0,0.0,2100073.0,,,,
2026-05-26,00994A,主動第一金台股優,-1791000.0,0.0,0.0,2021124.0,,,,
2026-05-26,00983A,主動中信ARK創新,-129000.0,0.0,0.0,2017253.0,,,,
2026-05-26,00738U,期元大道瓊白銀,-380000.0,0.0,0.0,1979956.0,,,,
2026-05-26,009817,國泰日本不動產,3016000.0,0.0,0.0,1940000.0,,,,
2026-05-26,4540,全球傳動,1914033.0,0.0,0.0,1913044.0,,,,
2026-05-26,2404,漢唐,2493890.0,-555248.0,0.0,1851683.0,,,,
2026-05-26,3017,奇鋐,1123054.0,595023.0,0.0,1809786.0,,,,
2026-05-26,009813,貝萊德標普卓越50,1076000.0,0.0,0.0,1785400.0,,,,
2026-05-26,4919,新唐,2341775.0,45000.0,0.0,1769636.0,,,,
2026-05-26,9933,中鼎,2453120.0,-4000.0,0.0,1765113.0,,,,
2026-05-26,00885,富邦越南,771000.0,0.0,0.0,1762000.0,,,,
2026-05-26,2355,敬鵬,2002100.0,0.0,0.0,1671149.0,,,,
2026-05-26,3006,晶豪科,1429056.0,0.0,0.0,1640738.0,,,,
2026-05-26,3704,合勤控,1616000.0,0.0,0.0,1634730.0,,,,
2026-05-26,00633L,富邦上証正2,-165000.0,0.0,0.0,1614571.0,,,,
2026-05-26,6213,聯茂,786725.0,-167000.0,0.0,1598707.0,,,,
2026-05-26,2472,立隆電,1408408.0,146000.0,0.0,1581527.0,,,,
2026-05-26,00932,兆豐永續高息等權,184000.0,0.0,0.0,1485371.0,,,,
2026-05-26,2421,建準,556363.0,879000.0,0.0,1418768.0,,,,
2026-05-26,6239,力成,713763.0,-90000.0,0.0,1408279.0,,,,
2026-05-26,8105,凌巨,1406000.0,0.0,0.0,1408000.0,,,,
2026-05-26,2885,元大金,11320982.0,-9778400.0,0.0,1381760.0,,,,
2026-05-26,2406,國碩,1352072.0,0.0,0.0,1356060.0,,,,
2026-05-26,6271,同欣電,1267910.0,0.0,0.0,1345936.0,,,,
2026-05-26,6456,GIS-KY,1030000.0,0.0,0.0,1317351.0,,,,
2026-05-26,00947,台新臺灣IC設計,1261800.0,0.0,0.0,1310089.0,,,,
2026-05-26,00923,群益台ESG低碳50,1188000.0,0.0,0.0,1285138.0,,,,
2026-05-26,00995A,主動中信台灣卓越,-1081940.0,0.0,0.0,1280562.0,,,,
2026-05-26,2301,光寶科,-1670020.0,2855914.0,0.0,1244276.0,,,,
2026-05-26,3044,健鼎,1215545.0,-39000.0,0.0,1226713.0,,,,
2026-05-26,3014,聯陽,1307000.0,-86721.0,0.0,1225856.0,,,,
2026-05-26,3708,上緯投控,885687.0,-1000.0,0.0,1207056.0,,,,
2026-05-26,2493,揚博,1234404.0,0.0,0.0,1204528.0,,,,
2026-05-26,2495,普安,1233449.0,0.0,0.0,1153044.0,,,,
2026-05-26,8996,高力,719272.0,326800.0,0.0,1129787.0,,,,
2026-05-26,1605,華新,2363700.0,-8709.0,0.0,1128741.0,,,,
2026-05-26,8926,台汽電,671204.0,96000.0,0.0,1126818.0,,,,
2026-05-26,00639,富邦深100,-94000.0,0.0,0.0,1100120.0,,,,
2026-05-26,8261,富鼎,1001899.0,0.0,0.0,1098549.0,,,,
2026-05-26,00985B,群益ESG投等債0-5,1892000.0,0.0,0.0,1067000.0,,,,
2026-05-26,2376,技嘉,1140069.0,-10000.0,0.0,1049326.0,,,,
2026-05-26,00936,台新永續高息中小,674500.0,0.0,0.0,1042035.0,,,,
2026-05-26,00997A,主動群益美國增長,-12275700.0,10000000.0,0.0,1040561.0,,,,
2026-05-26,2359,所羅門,1005000.0,0.0,0.0,1031251.0,,,,
2026-05-26,6139,亞翔,-39113.0,1086767.0,0.0,1004106.0,,,,
2026-05-26,2453,凌群,979306.0,0.0,0.0,976306.0,,,,
2026-05-26,2454,聯發科,1367297.0,-598432.0,0.0,976145.0,,,,
2026-05-26,00401A,主動摩根台灣鑫收,27150.0,0.0,0.0,961438.0,,,,
2026-05-26,4977,眾達-KY,935069.0,98000.0,0.0,959972.0,,,,
2026-05-26,3596,智易,935000.0,0.0,0.0,940810.0,,,,
2026-05-26,00907,永豐優息存股,593000.0,0.0,0.0,927084.0,,,,
2026-05-26,2646,星宇航空,910831.0,1000.0,0.0,922880.0,,,,
2026-05-26,00693U,期街口S&P黃豆,46000.0,0.0,0.0,919677.0,,,,
2026-05-26,2915,潤泰全,1138000.0,-225000.0,0.0,904437.0,,,,
2026-05-26,3026,禾伸堂,265017.0,600000.0,0.0,901316.0,,,,
2026-05-26,3706,神達,-476042.0,1728000.0,0.0,900931.0,,,,
2026-05-26,6446,藥華藥,863750.0,19123.0,0.0,897390.0,,,,
2026-05-26,6442,光聖,332961.0,427901.0,0.0,837245.0,,,,
2026-05-26,3048,益登,943859.0,0.0,0.0,836170.0,,,,
2026-05-26,5285,界霖,837233.0,0.0,0.0,830460.0,,,,
2026-05-26,3605,宏致,761241.0,0.0,0.0,829878.0,,,,
2026-05-26,00909,國泰數位支付服務,26700.0,0.0,0.0,827785.0,,,,
2026-05-26,00902,中信電池及儲能,47000.0,0.0,0.0,802501.0,,,,
2026-05-26,8021,尖點,778985.0,0.0,0.0,792513.0,,,,
2026-05-26,6215,和椿,788850.0,0.0,0.0,775887.0,,,,
2026-05-26,00655L,國泰中國A50正2,43000.0,0.0,0.0,773130.0,,,,
2026-05-26,6155,鈞寶,757547.0,0.0,0.0,772038.0,,,,
2026-05-26,6491,晶碩,724132.0,0.0,0.0,768312.0,,,,
2026-05-26,2428,興勤,720413.0,0.0,0.0,753609.0,,,,
2026-05-26,3055,蔚華科,781998.0,0.0,0.0,752544.0,,,,
2026-05-26,2731,雄獅,679211.0,0.0,0.0,746285.0,,,,
2026-05-26,2340,台亞,759402.0,0.0,0.0,741672.0,,,,
2026-05-26,8473,山林水,716000.0,0.0,0.0,715886.0,,,,
2026-05-26,2345,智邦,377209.0,294195.0,0.0,696622.0,,,,
2026-05-26,6166,凌華,688110.0,0.0,0.0,695027.0,,,,
2026-05-26,2302,麗正,676568.0,0.0,0.0,690180.0,,,,
2026-05-26,3024,憶聲,696000.0,0.0,0.0,668000.0,,,,
2026-05-26,1563,巧新,-236500.0,0.0,0.0,666365.0,,,,
2026-05-26,6196,帆宣,2165.0,704000.0,0.0,665619.0,,,,
2026-05-26,3090,日電貿,907959.0,-135000.0,0.0,653326.0,,,,
2026-05-26,00941,中信上游半導體,-44000.0,0.0,0.0,647690.0,,,,
2026-05-26,3591,艾笛森,583000.0,0.0,0.0,639927.0,,,,
2026-05-26,8249,菱光,634000.0,0.0,0.0,638191.0,,,,
2026-05-26,2855,統一證,650000.0,-13064.0,0.0,636936.0,,,,
2026-05-26,4770,上品,598085.0,0.0,0.0,623708.0,,,,
2026-05-26,2387,精元,592347.0,0.0,0.0,612347.0,,,,
2026-05-26,6189,豐藝,617319.0,-6667.0,0.0,609652.0,,,,
2026-05-26,2368,金像電,638917.0,19532.0,0.0,605823.0,,,,
2026-05-26,00893,國泰智能電動車,19000.0,0.0,0.0,564896.0,,,,
2026-05-26,1447,力鵬,562020.0,0.0,0.0,554020.0,,,,
2026-05-26,6805,富世達,798410.0,-279001.0,0.0,552584.0,,,,
2026-05-26,6757,台灣虎航,518470.0,0.0,0.0,545225.0,,,,
2026-05-26,2838,聯邦銀,533000.0,0.0,0.0,536797.0,,,,
2026-05-26,6451,訊芯-KY,593649.0,0.0,0.0,533708.0,,,,
2026-05-26,4916,事欣科,563671.0,0.0,0.0,527904.0,,,,
2026-05-26,8163,達方,514000.0,0.0,0.0,522665.0,,,,
2026-05-26,3413,京鼎,444765.0,0.0,0.0,517319.0,,,,
2026-05-26,2458,義隆,544981.0,-41176.0,0.0,516575.0,,,,
2026-05-26,8131,福懋科,463723.0,0.0,0.0,506109.0,,,,
2026-05-26,6789,采鈺,509173.0,-8000.0,0.0,498891.0,,,,
2026-05-26,6108,競國,500000.0,0.0,0.0,496000.0,,,,
2026-05-26,3062,建漢,475025.0,0.0,0.0,495900.0,,,,
2026-05-26,3022,威強電,489205.0,0.0,0.0,490813.0,,,,
2026-05-26,4949,有成精密,522998.0,0.0,0.0,490401.0,,,,
2026-05-26,3010,華立,497000.0,-6000.0,0.0,478664.0,,,,
2026-05-26,6269,台郡,380414.0,0.0,0.0,476893.0,,,,
2026-05-26,2537,聯上發,501000.0,0.0,0.0,476000.0,,,,
2026-05-26,3504,揚明光,476882.0,0.0,0.0,473882.0,,,,
2026-05-26,1476,儒鴻,457784.0,-4528.0,0.0,461427.0,,,,
2026-05-26,6206,飛捷,505444.0,-3059.0,0.0,459024.0,,,,
2026-05-26,5521,工信,457000.0,0.0,0.0,456747.0,,,,
2026-05-26,00752,中信中國50,159000.0,0.0,0.0,454271.0,,,,
2026-05-26,6141,柏承,456000.0,0.0,0.0,451088.0,,,,
2026-05-26,2316,楠梓電,485558.0,-64000.0,0.0,450393.0,,,,
2026-05-26,00894,中信小資高價30,909000.0,0.0,0.0,449625.0,,,,
2026-05-26,00686R,群益臺灣加權反1,0.0,0.0,0.0,446000.0,,,,
2026-05-26,6224,聚鼎,447000.0,0.0,0.0,446000.0,,,,
2026-05-26,3311,閎暉,447172.0,0.0,0.0,444164.0,,,,
2026-05-26,3135,凌航,447003.0,0.0,0.0,435484.0,,,,
2026-05-26,00640L,富邦日本正2,57000.0,0.0,0.0,428592.0,,,,
2026-05-26,2637,慧洋-KY,518992.0,-7426.0,0.0,417376.0,,,,
2026-05-26,5469,瀚宇博,373000.0,0.0,0.0,394522.0,,,,
2026-05-26,4562,穎漢,391000.0,0.0,0.0,392356.0,,,,
2026-05-26,5522,遠雄,387972.0,-1000.0,0.0,388972.0,,,,
2026-05-26,00904,新光臺灣半導體30,80700.0,0.0,0.0,376961.0,,,,
2026-05-26,00733,富邦臺灣中小,-16000.0,0.0,0.0,376403.0,,,,
2026-05-26,6412,群電,461900.0,-84000.0,0.0,371133.0,,,,
2026-05-26,6117,迎廣,399022.0,0.0,0.0,370908.0,,,,
2026-05-26,00850,元大臺灣ESG永續,57000.0,185000.0,0.0,364896.0,,,,
2026-05-26,009811,統一美國50,-7000.0,0.0,0.0,362522.0,,,,
2026-05-26,6579,研揚,341000.0,0.0,0.0,354008.0,,,,
2026-05-26,1560,中砂,320510.0,18000.0,0.0,351932.0,,,,
2026-05-26,00706L,期元大S&P日圓正2,5000.0,0.0,0.0,351036.0,,,,
2026-05-26,3023,信邦,386250.0,-45316.0,0.0,347606.0,,,,
2026-05-26,3011,今皓,345000.0,0.0,0.0,345000.0,,,,
2026-05-26,2379,瑞昱,-80775.0,440540.0,0.0,344854.0,,,,
2026-05-26,2392,正崴,330591.0,0.0,0.0,344057.0,,,,
2026-05-26,3149,正達,428826.0,0.0,0.0,342838.0,,,,
2026-05-26,6691,洋基工程,331952.0,0.0,0.0,342275.0,,,,
2026-05-26,00671R,富邦NASDAQ反1,0.0,0.0,0.0,340800.0,,,,
2026-05-26,00701,國泰股利精選30,139000.0,0.0,0.0,337016.0,,,,
2026-05-26,4755,三福化,342025.0,0.0,0.0,335206.0,,,,
2026-05-26,3257,虹冠電,324000.0,0.0,0.0,333373.0,,,,
2026-05-26,3338,泰碩,332289.0,0.0,0.0,330520.0,,,,
2026-05-26,6861,睿生光電,324036.0,0.0,0.0,329834.0,,,,
2026-05-26,2049,上銀,-17384.0,213724.0,0.0,326246.0,,,,
2026-05-26,2547,日勝生,347000.0,0.0,0.0,325000.0,,,,
2026-05-26,3321,同泰,345029.0,0.0,0.0,321388.0,,,,
2026-05-26,00983D,主動富邦複合收益,248000.0,0.0,0.0,321000.0,,,,
2026-05-26,2913,農林,294000.0,0.0,0.0,318000.0,,,,
2026-05-26,009812,野村日本東證,315080.0,0.0,0.0,308193.0,,,,
2026-05-26,00963,中信全球高股息,5000.0,0.0,0.0,294945.0,,,,
2026-05-26,00949,復華日本龍頭,321000.0,0.0,0.0,294800.0,,,,
2026-05-26,2457,飛宏,302981.0,0.0,0.0,291662.0,,,,
2026-05-26,6226,光鼎,290093.0,0.0,0.0,290083.0,,,,
2026-05-26,5607,遠雄港,288636.0,0.0,0.0,288636.0,,,,
2026-05-26,3056,富華新,299825.0,0.0,0.0,285549.0,,,,
2026-05-26,00717,富邦美國特別股,299000.0,0.0,0.0,284000.0,,,,
2026-05-26,2601,益航,280177.0,0.0,0.0,278177.0,,,,
2026-05-26,6426,統新,276862.0,0.0,0.0,275862.0,,,,
2026-05-26,2478,大毅,269140.0,0.0,0.0,273017.0,,,,
2026-05-26,00964,中信亞太高股息,-479000.0,0.0,0.0,271773.0,,,,
2026-05-26,8103,瀚荃,278443.0,0.0,0.0,270051.0,,,,
2026-05-26,00895,富邦未來車,-233000.0,0.0,0.0,269090.0,,,,
2026-05-26,3532,台勝科,269342.0,0.0,0.0,264778.0,,,,
2026-05-26,3406,玉晶光,306701.0,-16000.0,0.0,260173.0,,,,
2026-05-26,00898,國泰基因免疫革命,19000.0,0.0,0.0,257064.0,,,,
2026-05-26,3305,昇貿,487643.0,0.0,0.0,256288.0,,,,
2026-05-26,00648R,元大S&P500反1,4000.0,0.0,0.0,255500.0,,,,
2026-05-26,1305,華夏,285000.0,0.0,0.0,254854.0,,,,
2026-05-26,2483,百容,251000.0,0.0,0.0,247000.0,,,,
2026-05-26,9940,信義,236000.0,0.0,0.0,243742.0,,,,
2026-05-26,00952,凱基台灣AI50,38501.0,0.0,0.0,237645.0,,,,
2026-05-26,2442,新美齊,236290.0,0.0,0.0,236290.0,,,,
2026-05-26,00960,野村全球航運龍頭,6000.0,0.0,0.0,231743.0,,,,
2026-05-26,3034,聯詠,-175275.0,379704.0,0.0,230641.0,,,,
2026-05-26,6209,今國光,556622.0,0.0,0.0,229222.0,,,,
2026-05-26,6552,易華電,235000.0,0.0,0.0,228769.0,,,,
2026-05-26,3229,晟鈦,219985.0,0.0,0.0,227924.0,,,,
2026-05-26,2429,銘旺科,221980.0,0.0,0.0,227656.0,,,,
2026-05-26,1618,合機,229159.0,0.0,0.0,227614.0,,,,
2026-05-26,0061,元大寶滬深,188000.0,0.0,0.0,225259.0,,,,
2026-05-26,00763U,期街口道瓊銅,-33170.0,0.0,0.0,224704.0,,,,
2026-05-26,009818,華南永昌NASDAQxT,1000.0,0.0,0.0,222671.0,,,,
2026-05-26,009801,中信美國創新科技,-2000.0,0.0,0.0,216114.0,,,,
2026-05-26,1227,佳格,217000.0,0.0,0.0,215160.0,,,,
2026-05-26,00938,凱基優選30,-398000.0,0.0,0.0,213872.0,,,,
2026-05-26,3622,洋華,202000.0,0.0,0.0,206994.0,,,,
2026-05-26,2465,麗臺,207607.0,0.0,0.0,206607.0,,,,
2026-05-26,4571,鈞興-KY,216253.0,0.0,0.0,205803.0,,,,
2026-05-26,1337,再生-KY,203000.0,0.0,0.0,203000.0,,,,
2026-05-26,1709,和益,212010.0,0.0,0.0,201010.0,,,,
2026-05-26,3533,嘉澤,60218.0,110000.0,0.0,199153.0,,,,
2026-05-26,4195,基米-創,198462.0,0.0,0.0,198462.0,,,,
2026-05-26,00944,野村趨勢動能高息,-164000.0,0.0,0.0,198185.0,,,,
2026-05-26,6799,來頡,161000.0,0.0,0.0,190249.0,,,,
2026-05-26,2360,致茂,176684.0,34433.0,0.0,188333.0,,,,
2026-05-26,3712,永崴投控,170000.0,0.0,0.0,188144.0,,,,
2026-05-26,3607,谷崧,185000.0,0.0,0.0,186000.0,,,,
2026-05-26,1722,台肥,191000.0,-1000.0,0.0,186000.0,,,,
2026-05-26,00731,復華富時高息低波,161000.0,0.0,0.0,182551.0,,,,
2026-05-26,00669R,國泰美國道瓊反1,0.0,0.0,0.0,180660.0,,,,
2026-05-26,00783,富邦中証500,-129000.0,0.0,0.0,176998.0,,,,
2026-05-26,2414,精技,186113.0,0.0,0.0,171113.0,,,,
2026-05-26,2897,王道銀行,185000.0,0.0,0.0,171000.0,,,,
2026-05-26,00653L,富邦印度正2,-3000.0,0.0,0.0,168686.0,,,,
2026-05-26,2038,海光,179517.0,0.0,0.0,168462.0,,,,
2026-05-26,2534,宏盛,194010.0,0.0,0.0,167909.0,,,,
2026-05-26,6415,矽力*-KY,66065.0,89000.0,0.0,167561.0,,,,
2026-05-26,3021,鴻名,-6000.0,0.0,0.0,164999.0,,,,
2026-05-26,2395,研華,147774.0,-7000.0,0.0,162785.0,,,,
2026-05-26,3028,增你強,136950.0,0.0,0.0,162709.0,,,,
2026-05-26,00636,國泰中國A50,150000.0,0.0,0.0,161546.0,,,,
2026-05-26,6944,兆聯實業,144999.0,0.0,0.0,158414.0,,,,
2026-05-26,1514,亞力,-145140.0,0.0,0.0,150598.0,,,,
2026-05-26,3025,星通,149972.0,0.0,0.0,138334.0,,,,
2026-05-26,6214,精誠,148256.0,0.0,0.0,138133.0,,,,
2026-05-26,5388,中磊,289970.0,-98000.0,0.0,137399.0,,,,
2026-05-26,3038,全台,160000.0,-2752.0,0.0,137248.0,,,,
2026-05-26,8213,志超,138000.0,0.0,0.0,137087.0,,,,
2026-05-26,00956,中信日經高股息,209000.0,0.0,0.0,136594.0,,,,
2026-05-26,4771,望隼,129000.0,0.0,0.0,136000.0,,,,
2026-05-26,3031,佰鴻,135150.0,0.0,0.0,131339.0,,,,
2026-05-26,1471,首利,133000.0,0.0,0.0,131000.0,,,,
2026-05-26,1217,愛之味,135000.0,0.0,0.0,129000.0,,,,
2026-05-26,006206,元大上證50,24000.0,0.0,0.0,127658.0,,,,
2026-05-26,6592,和潤企業,129571.0,0.0,0.0,127571.0,,,,
2026-05-26,7795,長廣,128032.0,0.0,0.0,127427.0,,,,
2026-05-26,1568,倉佑,-57000.0,0.0,0.0,125918.0,,,,
2026-05-26,3716,中化控股,128261.0,0.0,0.0,125261.0,,,,
2026-05-26,6854,錼創科技-KY創,114746.0,0.0,0.0,123627.0,,,,
2026-05-26,00920,富邦ESG綠色電力,-67166.0,0.0,0.0,123542.0,,,,
2026-05-26,1439,雋揚,122000.0,0.0,0.0,123000.0,,,,
2026-05-26,3032,偉訓,52938.0,0.0,0.0,122397.0,,,,
2026-05-26,2636,台驊控股,127000.0,0.0,0.0,118846.0,,,,
2026-05-26,2527,宏璟,136965.0,-1858.0,0.0,116107.0,,,,
2026-05-26,2106,建大,97000.0,1000.0,0.0,116000.0,,,,
2026-05-26,2905,三商,103062.0,0.0,0.0,114778.0,,,,
2026-05-26,009808,華南永昌優選50,239000.0,0.0,0.0,111375.0,,,,
2026-05-26,1231,聯華食,110963.0,0.0,0.0,110964.0,,,,
2026-05-26,2605,新興,65001.0,0.0,0.0,110353.0,,,,
2026-05-26,1210,大成,105000.0,-8000.0,0.0,109509.0,,,,
2026-05-26,1218,泰山,109010.0,0.0,0.0,109010.0,,,,
2026-05-26,5258,虹堡,108000.0,0.0,0.0,108712.0,,,,
2026-05-26,2460,建通,108024.0,0.0,0.0,108024.0,,,,
2026-05-26,1225,福懋油,120000.0,0.0,0.0,107000.0,,,,
2026-05-26,2362,藍天,115241.0,0.0,0.0,105748.0,,,,
2026-05-26,2908,特力,116000.0,0.0,0.0,101000.0,,,,
2026-05-26,2438,翔耀,102000.0,0.0,0.0,101000.0,,,,
2026-05-26,2072,世紀風電,98155.0,0.0,0.0,100155.0,,,,
2026-05-26,00921,兆豐龍頭等權重,-62000.0,0.0,0.0,99746.0,,,,
2026-05-26,1789,神隆,97132.0,0.0,0.0,99132.0,,,,
2026-05-26,6862,三集瑞-KY,109495.0,0.0,0.0,98838.0,,,,
2026-05-26,00651R,復華香港反1,-3000.0,0.0,0.0,98400.0,,,,
2026-05-26,6909,創控,96977.0,0.0,0.0,96518.0,,,,
2026-05-26,2849,安泰銀,94000.0,0.0,0.0,96000.0,,,,
2026-05-26,4155,訊映,89000.0,0.0,0.0,96000.0,,,,
2026-05-26,3583,辛耘,109148.0,-42000.0,0.0,94245.0,,,,
2026-05-26,4766,南寶,86794.0,-2000.0,0.0,94083.0,,,,
2026-05-26,6136,富爾特,105000.0,0.0,0.0,94000.0,,,,
2026-05-26,3356,奇偶,80110.0,0.0,0.0,93856.0,,,,
2026-05-26,00916,國泰全球品牌50,31000.0,0.0,0.0,93050.0,,,,
2026-05-26,1540,喬福,93000.0,0.0,0.0,93000.0,,,,
2026-05-26,6776,展碁國際,94000.0,0.0,0.0,93000.0,,,,
2026-05-26,6281,全國電,94172.0,0.0,0.0,92172.0,,,,
2026-05-26,00971,野村美國研發龍頭,-1000.0,0.0,0.0,92125.0,,,,
2026-05-26,1733,五鼎,93000.0,0.0,0.0,92000.0,,,,
2026-05-26,5234,達興材料,154075.0,0.0,0.0,91585.0,,,,
2026-05-26,3092,鴻碩,91000.0,0.0,0.0,91000.0,,,,
2026-05-26,00730,富邦臺灣優質高息,205000.0,0.0,0.0,90359.0,,,,
2026-05-26,6869,雲豹能源,79000.0,0.0,0.0,90028.0,,,,
2026-05-26,2536,宏普,86000.0,0.0,0.0,90000.0,,,,
2026-05-26,8081,致新,73845.0,0.0,0.0,89171.0,,,,
2026-05-26,4739,康普,224480.0,0.0,0.0,87064.0,,,,
2026-05-26,2347,聯強,343915.0,-217805.0,0.0,86045.0,,,,
2026-05-26,00645,富邦日本,-2000.0,0.0,0.0,85631.0,,,,
2026-05-26,2397,友通,85040.0,0.0,0.0,85040.0,,,,
2026-05-26,4104,佳醫,80000.0,0.0,0.0,83000.0,,,,
2026-05-26,00982D,主動富邦動態入息,0.0,0.0,0.0,82126.0,,,,
2026-05-26,1531,高林股,81000.0,0.0,0.0,82000.0,,,,
2026-05-26,9917,中保科,90932.0,-6000.0,0.0,81932.0,,,,
2026-05-26,1590,亞德客-KY,140361.0,-57000.0,0.0,81631.0,,,,
2026-05-26,4576,大銀微系統,39995.0,0.0,0.0,81229.0,,,,
2026-05-26,00692,富邦公司治理,61126.0,0.0,0.0,79961.0,,,,
2026-05-26,0055,元大MSCI金融,236587.0,0.0,0.0,78781.0,,,,
2026-05-26,6541,泰福-KY,74339.0,0.0,0.0,78339.0,,,,
2026-05-26,1612,宏泰,48000.0,-8851.0,0.0,77192.0,,,,
2026-05-26,6558,興能高,88954.0,0.0,0.0,75954.0,,,,
2026-05-26,6923,中台,76000.0,0.0,0.0,75065.0,,,,
2026-05-26,00989A,主動摩根美國科技,-54000.0,0.0,0.0,74713.0,,,,
2026-05-26,00899,FT潔淨能源,-3000.0,0.0,0.0,74538.0,,,,
2026-05-26,8476,台境*,73000.0,0.0,0.0,74000.0,,,,
2026-05-26,1321,大洋,74000.0,0.0,0.0,74000.0,,,,
2026-05-26,2258,鴻華先進-創,53000.0,0.0,0.0,73527.0,,,,
2026-05-26,2459,敦吉,74021.0,0.0,0.0,73021.0,,,,
2026-05-26,2889,國票金,89000.0,0.0,0.0,72000.0,,,,
2026-05-26,1449,佳和,72017.0,0.0,0.0,71490.0,,,,
2026-05-26,2029,盛餘,70000.0,0.0,0.0,71000.0,,,,
2026-05-26,1436,華友聯,67835.0,0.0,0.0,70835.0,,,,
2026-05-26,00757,統一FANG+,136280.0,0.0,0.0,70437.0,,,,
2026-05-26,5706,鳳凰,71233.0,0.0,0.0,69233.0,,,,
2026-05-26,4545,銘鈺,66000.0,0.0,0.0,68000.0,,,,
2026-05-26,00710B,復華彭博非投等債,143000.0,0.0,0.0,65792.0,,,,
2026-05-26,00700,富邦恒生國企,93030.0,0.0,0.0,65322.0,,,,
2026-05-26,3003,健和興,77000.0,0.0,0.0,64157.0,,,,
2026-05-26,2613,中櫃,68006.0,0.0,0.0,64006.0,,,,
2026-05-26,8463,潤泰材,64000.0,0.0,0.0,64000.0,,,,
2026-05-26,7788,松川精密,58811.0,0.0,0.0,63101.0,,,,
2026-05-26,8429,金麗-KY,75000.0,0.0,0.0,63000.0,,,,
2026-05-26,6885,全福生技,69000.0,0.0,0.0,63000.0,,,,
2026-05-26,00908,富邦入息REITs+,93000.0,0.0,0.0,63000.0,,,,
2026-05-26,2468,華經,60000.0,0.0,0.0,62000.0,,,,
2026-05-26,2430,燦坤,62000.0,0.0,0.0,62000.0,,,,
2026-05-26,6742,澤米,61000.0,0.0,0.0,62000.0,,,,
2026-05-26,3040,遠見,62000.0,0.0,0.0,62000.0,,,,
2026-05-26,3346,麗清,50000.0,0.0,0.0,62000.0,,,,
2026-05-26,2816,旺旺保,61000.0,0.0,0.0,61000.0,,,,
2026-05-26,1535,中宇,60000.0,0.0,0.0,60000.0,,,,
2026-05-26,1598,岱宇,67116.0,0.0,0.0,58116.0,,,,
2026-05-26,6598,ABC-KY,58000.0,0.0,0.0,58000.0,,,,
2026-05-26,2929,淘帝-KY,83000.0,0.0,0.0,57832.0,,,,
2026-05-26,6937,天虹,84047.0,0.0,0.0,57782.0,,,,
2026-05-26,2109,華豐,57000.0,0.0,0.0,57000.0,,,,
2026-05-26,6695,芯鼎,213040.0,0.0,0.0,56986.0,,,,
2026-05-26,6831,邁科,49629.0,-4000.0,0.0,55653.0,,,,
2026-05-26,7749,意騰-KY,63000.0,0.0,0.0,55334.0,,,,
2026-05-26,3543,州巧,52298.0,0.0,0.0,55298.0,,,,
2026-05-26,6698,旭暉應材,55000.0,0.0,0.0,55000.0,,,,
2026-05-26,00943,兆豐電子高息等權,16000.0,0.0,0.0,54074.0,,,,
2026-05-26,009809,富邦淨零ESG50,76000.0,0.0,0.0,53246.0,,,,
2026-05-26,6796,晉弘,51000.0,0.0,0.0,53000.0,,,,
2026-05-26,020028,元大特選電動車N,0.0,0.0,0.0,53000.0,,,,
2026-05-26,1234,黑松,52000.0,0.0,0.0,52174.0,,,,
2026-05-26,8466,美吉吉-KY,52000.0,0.0,0.0,52107.0,,,,
2026-05-26,00903,富邦元宇宙,-1000.0,0.0,0.0,52089.0,,,,
2026-05-26,1416,廣豐,52000.0,0.0,0.0,52000.0,,,,
2026-05-26,6128,上福,59000.0,0.0,0.0,51999.0,,,,
2026-05-26,1256,鮮活果汁-KY,55033.0,0.0,0.0,51033.0,,,,
2026-05-26,2524,京城,51000.0,0.0,0.0,51000.0,,,,
2026-05-26,6790,永豐實,51000.0,0.0,0.0,51000.0,,,,
2026-05-26,3167,大量,38010.0,0.0,0.0,50921.0,,,,
2026-05-26,6024,群益期,50306.0,0.0,0.0,50306.0,,,,
2026-05-26,00982T,平衡兆豐台美動能,-9000.0,0.0,0.0,50078.0,,,,
2026-05-26,1460,宏遠,65000.0,0.0,0.0,50000.0,,,,
2026-05-26,6573,虹揚-KY,49000.0,0.0,0.0,50000.0,,,,
2026-05-26,6657,華安,47999.0,0.0,0.0,49999.0,,,,
2026-05-26,6658,聯策,74459.0,0.0,0.0,49654.0,,,,
2026-05-26,1323,永裕,49000.0,0.0,0.0,49000.0,,,,
2026-05-26,1611,中電,49000.0,0.0,0.0,49000.0,,,,
2026-05-26,3443,創意,70722.0,11872.0,0.0,48711.0,,,,
2026-05-26,1707,葡萄王,46000.0,0.0,0.0,48161.0,,,,
2026-05-26,1464,得力,71000.0,0.0,0.0,46000.0,,,,
2026-05-26,3501,維熹,40000.0,0.0,0.0,45703.0,,,,
2026-05-26,2545,皇翔,71979.0,0.0,0.0,45076.0,,,,
2026-05-26,2477,美隆電,45000.0,0.0,0.0,45000.0,,,,
2026-05-26,1533,車王電,54985.0,0.0,0.0,44985.0,,,,
2026-05-26,8016,矽創,111000.0,-16548.0,0.0,44637.0,,,,
2026-05-26,1702,南僑,59041.0,0.0,0.0,44244.0,,,,
2026-05-26,4119,旭富,37116.0,0.0,0.0,44116.0,,,,
2026-05-26,8442,威宏-KY,44000.0,0.0,0.0,44000.0,,,,
2026-05-26,6873,泓德能源,39230.0,0.0,0.0,43647.0,,,,
2026-05-26,8341,日友,43000.0,0.0,0.0,43160.0,,,,
2026-05-26,5203,訊連,45000.0,0.0,0.0,43000.0,,,,
2026-05-26,8499,鼎炫-KY,37000.0,0.0,0.0,42775.0,,,,
2026-05-26,5525,順天,42000.0,0.0,0.0,42000.0,,,,
2026-05-26,2247,汎德永業,42000.0,0.0,0.0,42000.0,,,,
2026-05-26,2906,高林,44000.0,0.0,0.0,42000.0,,,,
2026-05-26,3694,海華,95932.0,0.0,0.0,41242.0,,,,
2026-05-26,3019,亞光,346900.0,0.0,0.0,40035.0,,,,
2026-05-26,1110,東泥,40000.0,0.0,0.0,40000.0,,,,
2026-05-26,1737,臺鹽,45000.0,0.0,0.0,40000.0,,,,
2026-05-26,4585,達明,23934.0,0.0,0.0,39185.0,,,,
2026-05-26,00917,中信特選金融,62000.0,0.0,0.0,38992.0,,,,
2026-05-26,1103,嘉泥,39010.0,0.0,0.0,38010.0,,,,
2026-05-26,2506,太設,38000.0,0.0,0.0,38000.0,,,,
2026-05-26,6165,浪凡,40000.0,0.0,0.0,38000.0,,,,
2026-05-26,3046,建碁,40000.0,0.0,0.0,38000.0,,,,
2026-05-26,009810,玉山全球藍籌100,0.0,0.0,0.0,37888.0,,,,
2026-05-26,5225,東科-KY,36987.0,0.0,0.0,36987.0,,,,
2026-05-26,00678,群益那斯達克生技,6000.0,0.0,0.0,36000.0,,,,
2026-05-26,6792,詠業,38000.0,0.0,0.0,35989.0,,,,
2026-05-26,6782,視陽,29981.0,0.0,0.0,35981.0,,,,
2026-05-26,1527,鑽全,57019.0,0.0,0.0,35019.0,,,,
2026-05-26,7760,享溫馨,48000.0,0.0,0.0,35000.0,,,,
2026-05-26,00912,中信臺灣智慧50,2000.0,0.0,0.0,34639.0,,,,
2026-05-26,2923,鼎固-KY,34000.0,0.0,0.0,34000.0,,,,
2026-05-26,3528,安馳,38000.0,0.0,0.0,33799.0,,,,
2026-05-26,2243,宏旭-KY,33100.0,0.0,0.0,33100.0,,,,
2026-05-26,9908,大台北,33000.0,0.0,0.0,33000.0,,,,
2026-05-26,6550,北極星藥業-KY,33000.0,0.0,0.0,33000.0,,,,
2026-05-26,4952,凌通,36200.0,0.0,0.0,32550.0,,,,
2026-05-26,1615,大山,32000.0,0.0,0.0,32000.0,,,,
2026-05-26,006207,復華滬深,0.0,0.0,0.0,31626.0,,,,
2026-05-26,6414,樺漢,85647.0,-3000.0,0.0,31438.0,,,,
2026-05-26,00711B,復華彭博新興債,37000.0,0.0,0.0,31248.0,,,,
2026-05-26,2471,資通,31000.0,0.0,0.0,31000.0,,,,
2026-05-26,00924,復華S&P500成長,-69933.0,0.0,0.0,30981.0,,,,
2026-05-26,00714,群益道瓊美國地產,170000.0,0.0,0.0,30852.0,,,,
2026-05-26,6115,鎰勝,36000.0,0.0,0.0,30644.0,,,,
2026-05-26,2497,怡利電,30917.0,0.0,0.0,29917.0,,,,
2026-05-26,7818,溢泰實業,30000.0,0.0,0.0,29850.0,,,,
2026-05-26,4106,雃博,32000.0,0.0,0.0,29163.0,,,,
2026-05-26,1762,中化生,26066.0,0.0,0.0,29066.0,,,,
2026-05-26,4536,拓凱,29919.0,0.0,0.0,29021.0,,,,
2026-05-26,020037,元大金融高股息N,0.0,0.0,0.0,29000.0,,,,
2026-05-26,00647L,元大S&P500正2,-1000.0,0.0,0.0,28539.0,,,,
2026-05-26,00709,富邦歐洲,-1000.0,0.0,0.0,28312.0,,,,
2026-05-26,2467,志聖,27282.0,-28000.0,0.0,28277.0,,,,
2026-05-26,020034,元大IC設計N,0.0,0.0,0.0,28000.0,,,,
2026-05-26,1732,毛寶,28000.0,0.0,0.0,28000.0,,,,
2026-05-26,4935,茂林-KY,29000.0,0.0,0.0,28000.0,,,,
2026-05-26,6722,輝創,33000.0,0.0,0.0,28000.0,,,,
2026-05-26,2025,千興,17000.0,0.0,0.0,27703.0,,,,
2026-05-26,1530,亞崴,7000.0,0.0,0.0,27020.0,,,,
2026-05-26,3447,展達,27015.0,0.0,0.0,27015.0,,,,
2026-05-26,4190,佐登-KY,27000.0,0.0,0.0,27000.0,,,,
2026-05-26,4426,利勤,26000.0,0.0,0.0,26000.0,,,,
2026-05-26,1537,廣隆,26000.0,0.0,0.0,26000.0,,,,
2026-05-26,1583,程泰,28000.0,0.0,0.0,26000.0,,,,
2026-05-26,3416,融程電,44100.0,0.0,0.0,25674.0,,,,
2026-05-26,2836,高雄銀,36350.0,0.0,0.0,25350.0,,,,
2026-05-26,6781,AES-KY,45773.0,0.0,0.0,24819.0,,,,
2026-05-26,00901,永豐智能車供應鏈,-73000.0,0.0,0.0,24791.0,,,,
2026-05-26,4582,聚恆-創,25000.0,0.0,0.0,24523.0,,,,
2026-05-26,1736,喬山,10028.0,0.0,0.0,24028.0,,,,
2026-05-26,1506,正道,34000.0,0.0,0.0,23000.0,,,,
2026-05-26,3015,全漢,26000.0,-1000.0,0.0,23000.0,,,,
2026-05-26,1452,宏益,22040.0,0.0,0.0,22040.0,,,,
2026-05-26,3052,夆典,31010.0,0.0,0.0,22010.0,,,,
2026-05-26,00656R,國泰中國A50反1,0.0,0.0,0.0,22000.0,,,,
2026-05-26,1773,勝一,38776.0,0.0,0.0,21393.0,,,,
2026-05-26,2440,太空梭,23000.0,0.0,0.0,21000.0,,,,
2026-05-26,020020,元大台股領航N,0.0,0.0,0.0,21000.0,,,,
2026-05-26,6887,寶綠特-KY,21000.0,0.0,0.0,21000.0,,,,
2026-05-26,2707,晶華,21000.0,0.0,0.0,21000.0,,,,
2026-05-26,9930,中聯資源,22000.0,0.0,0.0,20900.0,,,,
2026-05-26,6184,大豐電,20000.0,0.0,0.0,20000.0,,,,
2026-05-26,1108,幸福,20000.0,0.0,0.0,20000.0,,,,
2026-05-26,020031,統一IC設計臺灣N,0.0,0.0,0.0,20000.0,,,,
2026-05-26,00852L,國泰美國道瓊正2,0.0,0.0,0.0,19984.0,,,,
2026-05-26,2484,希華,96447.0,0.0,0.0,19494.0,,,,
2026-05-26,7711,永擎,19246.0,0.0,0.0,19345.0,,,,
2026-05-26,6835,圓裕,19000.0,0.0,0.0,19000.0,,,,
2026-05-26,2832,台產,22000.0,0.0,0.0,19000.0,,,,
2026-05-26,5907,大洋-KY,19000.0,0.0,0.0,19000.0,,,,
2026-05-26,4976,佳凌,11016.0,0.0,0.0,18456.0,,,,
2026-05-26,3054,立萬利,17000.0,0.0,0.0,18000.0,,,,
2026-05-26,6931,青松健康,18000.0,0.0,0.0,18000.0,,,,
2026-05-26,910322,康師傅-DR,18000.0,0.0,0.0,18000.0,,,,
2026-05-26,912000,晨訊科-DR,18000.0,0.0,0.0,18000.0,,,,
2026-05-26,1203,味王,21000.0,0.0,0.0,18000.0,,,,
2026-05-26,2701,萬企,25000.0,0.0,0.0,18000.0,,,,
2026-05-26,1907,永豐餘,11000.0,1000.0,0.0,18000.0,,,,
2026-05-26,2904,匯僑,21000.0,0.0,0.0,17981.0,,,,
2026-05-26,1517,利奇,18010.0,0.0,0.0,17812.0,,,,
2026-05-26,3617,碩天,18020.0,0.0,0.0,17581.0,,,,
2026-05-26,9927,泰銘,21000.0,0.0,0.0,17000.0,,,,
2026-05-26,1467,南緯,17000.0,0.0,0.0,17000.0,,,,
2026-05-26,1465,偉全,23000.0,0.0,0.0,17000.0,,,,
2026-05-26,2542,興富發,68100.0,0.0,0.0,16980.0,,,,
2026-05-26,6949,沛爾生醫-創,18100.0,0.0,0.0,16187.0,,,,
2026-05-26,4999,鑫禾,16000.0,0.0,0.0,16001.0,,,,
2026-05-26,4169,泰宗,16000.0,0.0,0.0,16000.0,,,,
2026-05-26,6416,瑞祺電通,18000.0,0.0,0.0,16000.0,,,,
2026-05-26,020029,元大ESG高股息N,0.0,0.0,0.0,16000.0,,,,
2026-05-26,00690,兆豐藍籌30,-33000.0,0.0,0.0,15837.0,,,,
2026-05-26,7722,LINEPAY,14417.0,0.0,0.0,15828.0,,,,
2026-05-26,7610,聯友金屬-創,15800.0,0.0,0.0,15800.0,,,,
2026-05-26,00770,國泰北美科技,23000.0,0.0,0.0,15627.0,,,,
2026-05-26,00861,元大全球未來通訊,13946.0,0.0,0.0,15569.0,,,,
2026-05-26,2364,倫飛,18199.0,0.0,0.0,15199.0,,,,
2026-05-26,3150,鈺寶-創,13000.0,0.0,0.0,15136.0,,,,
2026-05-26,2432,倚天酷碁-創,19000.0,0.0,0.0,15000.0,,,,
2026-05-26,1614,三洋電,14000.0,0.0,0.0,14000.0,,,,
2026-05-26,5533,皇鼎,14000.0,0.0,0.0,14000.0,,,,
2026-05-26,8114,振樺電,-8000.0,0.0,0.0,13671.0,,,,
2026-05-26,4557,永新-KY,13000.0,0.0,0.0,13000.0,,,,
2026-05-26,4560,強信-KY,16000.0,0.0,0.0,12000.0,,,,
2026-05-26,9931,欣高,12000.0,0.0,0.0,12000.0,,,,
2026-05-26,6192,巨路,17000.0,0.0,0.0,12000.0,,,,
2026-05-26,2114,鑫永銓,16000.0,0.0,0.0,12000.0,,,,
2026-05-26,00684R,期元大美元指反1,0.0,0.0,0.0,12000.0,,,,
2026-05-26,020036,元大金融配息N,0.0,0.0,0.0,12000.0,,,,
2026-05-26,6582,申豐,15000.0,0.0,0.0,12000.0,,,,
2026-05-26,6771,平和環保-創,14000.0,0.0,0.0,12000.0,,,,
2026-05-26,5538,東明-KY,12000.0,0.0,0.0,11000.0,,,,
2026-05-26,5007,三星,13000.0,0.0,0.0,11000.0,,,,
2026-05-26,9935,慶豐富,10000.0,0.0,0.0,10000.0,,,,
2026-05-26,1466,聚隆,9000.0,0.0,0.0,10000.0,,,,
2026-05-26,1438,三地開發,8000.0,0.0,0.0,10000.0,,,,
2026-05-26,5288,豐祥-KY,10042.0,0.0,0.0,9039.0,,,,
2026-05-26,4994,傳奇,9000.0,0.0,0.0,9000.0,,,,
2026-05-26,6838,台新藥,8000.0,0.0,0.0,9000.0,,,,
2026-05-26,1423,利華,4000.0,0.0,0.0,9000.0,,,,
2026-05-26,1444,力麗,16000.0,0.0,0.0,9000.0,,,,
2026-05-26,1454,台富,13000.0,0.0,0.0,8946.0,,,,
2026-05-26,1582,信錦,114143.0,0.0,0.0,8384.0,,,,
2026-05-26,3563,牧德,50719.0,-3000.0,0.0,8219.0,,,,
2026-05-26,1617,榮星,13000.0,0.0,0.0,8058.0,,,,
2026-05-26,9943,好樂迪,9017.0,0.0,0.0,8017.0,,,,
2026-05-26,00683L,期元大美元指正2,0.0,0.0,0.0,8001.0,,,,
2026-05-26,00736,國泰新興市場,0.0,0.0,0.0,8000.0,,,,
2026-05-26,2722,夏都,11000.0,0.0,0.0,8000.0,,,,
2026-05-26,3164,景岳,8000.0,0.0,0.0,8000.0,,,,
2026-05-26,2748,雲品,8000.0,0.0,0.0,8000.0,,,,
2026-05-26,9926,新海,8000.0,0.0,0.0,8000.0,,,,
2026-05-26,9912,偉聯,10000.0,0.0,0.0,8000.0,,,,
2026-05-26,9905,大華,8000.0,0.0,0.0,8000.0,,,,
2026-05-26,2227,裕日車,8118.0,0.0,0.0,7825.0,,,,
2026-05-26,2514,龍邦,7000.0,0.0,0.0,7675.0,,,,
2026-05-26,7631,聚賢研發-創,8000.0,0.0,0.0,7027.0,,,,
2026-05-26,2702,華園,4010.0,0.0,0.0,7010.0,,,,
2026-05-26,2239,英利-KY,11000.0,0.0,0.0,7000.0,,,,
2026-05-26,2314,台揚,7000.0,0.0,0.0,7000.0,,,,
2026-05-26,2115,六暉-KY,10000.0,0.0,0.0,7000.0,,,,
2026-05-26,2008,高興昌,7000.0,0.0,0.0,7000.0,,,,
2026-05-26,1603,華電,29000.0,0.0,0.0,7000.0,,,,
2026-05-26,1521,大億,7000.0,0.0,0.0,7000.0,,,,
2026-05-26,1808,潤隆,7000.0,0.0,0.0,7000.0,,,,
2026-05-26,1713,國化,12000.0,0.0,0.0,7000.0,,,,
2026-05-26,1456,怡華,8000.0,0.0,0.0,7000.0,,,,
2026-05-26,1338,廣華-KY,1000.0,0.0,0.0,7000.0,,,,
2026-05-26,8367,建新國際,7000.0,0.0,0.0,7000.0,,,,
2026-05-26,2910,統領,7000.0,0.0,0.0,7000.0,,,,
2026-05-26,00634R,富邦上証反1,0.0,0.0,0.0,6050.0,,,,
2026-05-26,2434,統懋,6000.0,0.0,0.0,6000.0,,,,
2026-05-26,1817,凱撒衛,7000.0,0.0,0.0,5982.0,,,,
2026-05-26,00897,富邦基因免疫生技,218000.0,0.0,0.0,5472.0,,,,
2026-05-26,6230,尼得科超眾,6120.0,0.0,0.0,5352.0,,,,
2026-05-26,4438,廣越,7000.0,0.0,0.0,5101.0,,,,
2026-05-26,00775B,新光投等債15+,5000.0,0.0,0.0,5078.0,,,,
2026-05-26,1324,地球,5000.0,0.0,0.0,5000.0,,,,
2026-05-26,3679,新至陞,7000.0,0.0,0.0,5000.0,,,,
2026-05-26,6806,森崴能源,5000.0,0.0,0.0,5000.0,,,,
2026-05-26,7721,微程式,6000.0,0.0,0.0,5000.0,,,,
2026-05-26,7786,東方風能,4000.0,0.0,0.0,5000.0,,,,
2026-05-26,020030,統一智慧電動車N,0.0,0.0,0.0,5000.0,,,,
2026-05-26,6902,GOGOLOOK,4985.0,0.0,0.0,4869.0,,,,
2026-05-26,00703,台新MSCI中國,0.0,0.0,0.0,4845.0,,,,
2026-05-26,00666R,富邦恒生國企反1,0.0,0.0,0.0,4470.0,,,,
2026-05-26,1339,昭輝,4011.0,0.0,0.0,4377.0,,,,
2026-05-26,4960,誠美材,-128877.0,0.0,0.0,4124.0,,,,
2026-05-26,2390,云辰,30031.0,0.0,0.0,4031.0,,,,
2026-05-26,1626,艾美特-KY,4000.0,0.0,0.0,4000.0,,,,
2026-05-26,6464,台數科,4000.0,0.0,0.0,4000.0,,,,
2026-05-26,4148,全宇生技-KY,6000.0,0.0,0.0,4000.0,,,,
2026-05-26,4942,嘉彰,8000.0,0.0,0.0,4000.0,,,,
2026-05-26,1457,宜進,5000.0,0.0,0.0,4000.0,,,,
2026-05-26,1437,勤益控,4000.0,0.0,0.0,4000.0,,,,
2026-05-26,01002T,土銀國泰R1,4000.0,0.0,0.0,4000.0,,,,
2026-05-26,1725,元禎,5980.0,0.0,0.0,3980.0,,,,
2026-05-26,9802,鈺齊-KY,3000.0,0.0,0.0,3445.0,,,,
2026-05-26,6216,居易,4000.0,0.0,0.0,3404.0,,,,
2026-05-26,00739,元大MSCI A股,-10000.0,0.0,0.0,3283.0,,,,
2026-05-26,00668,國泰美國道瓊,-1000.0,0.0,0.0,3275.0,,,,
2026-05-26,6585,鼎基,3014.0,0.0,0.0,3014.0,,,,
2026-05-26,6908,宏碁遊戲-創,5000.0,0.0,0.0,3000.0,,,,
2026-05-26,8481,政伸,5000.0,0.0,0.0,3000.0,,,,
2026-05-26,7736,虎山,3000.0,0.0,0.0,3000.0,,,,
2026-05-26,6988,威力暘-創,5000.0,0.0,0.0,3000.0,,,,
2026-05-26,5546,永固-KY,3000.0,0.0,0.0,3000.0,,,,
2026-05-26,4572,駐龍,4000.0,0.0,0.0,3000.0,,,,
2026-05-26,2024,志聯,3000.0,0.0,0.0,3000.0,,,,
2026-05-26,1413,宏洲,3000.0,0.0,0.0,3000.0,,,,
2026-05-26,1418,東華,5000.0,0.0,0.0,2731.0,,,,
2026-05-26,9937,全國,8000.0,0.0,0.0,2400.0,,,,
2026-05-26,2546,根基,5171.0,0.0,0.0,2171.0,,,,
2026-05-26,2466,冠西電,2098.0,0.0,0.0,2098.0,,,,
2026-05-26,4583,台灣精銳,2920.0,0.0,0.0,2045.0,,,,
2026-05-26,2516,新建,14000.0,0.0,0.0,2028.0,,,,
2026-05-26,00660,元大歐洲50,20.0,0.0,0.0,2020.0,,,,
2026-05-26,4414,如興,5020.0,0.0,0.0,2020.0,,,,
2026-05-26,1315,達新,2000.0,0.0,0.0,2000.0,,,,
2026-05-26,1235,興泰,2000.0,0.0,0.0,2000.0,,,,
2026-05-26,1468,昶和,3000.0,0.0,0.0,2000.0,,,,
2026-05-26,1512,瑞利,2000.0,0.0,0.0,2000.0,,,,
2026-05-26,1441,大東,2000.0,0.0,0.0,2000.0,,,,
2026-05-26,1805,寶徠,7000.0,0.0,0.0,2000.0,,,,
2026-05-26,1475,業旺,2000.0,0.0,0.0,2000.0,,,,
2026-05-26,2891B,中信金乙特,0.0,0.0,0.0,2000.0,,,,
2026-05-26,2762,世界健身-KY,1000.0,0.0,0.0,2000.0,,,,
2026-05-26,2712,遠雄來,2000.0,0.0,0.0,2000.0,,,,
2026-05-26,2882B,國泰金乙特,0.0,0.0,0.0,2000.0,,,,
2026-05-26,8443,阿瘦,3000.0,0.0,0.0,2000.0,,,,
2026-05-26,2354,鴻準,14400.0,1000.0,0.0,1991.0,,,,
2026-05-26,1419,新紡,-5699.0,0.0,0.0,1643.0,,,,
2026-05-26,3004,豐達科,1481.0,0.0,0.0,1466.0,,,,
2026-05-26,1532,勤美,9000.0,-7668.0,0.0,1332.0,,,,
2026-05-26,3588,通嘉,2240.0,0.0,0.0,1240.0,,,,
2026-05-26,1470,大統新創,1000.0,0.0,0.0,1059.0,,,,
2026-05-26,6689,伊雲谷,2052.0,0.0,0.0,1052.0,,,,
2026-05-26,1236,宏亞,5010.0,0.0,0.0,1010.0,,,,
2026-05-26,2511,太子,26000.0,0.0,0.0,1000.0,,,,
2026-05-26,2496,卓越,1000.0,0.0,0.0,1000.0,,,,
2026-05-26,6655,科定,1000.0,0.0,0.0,1000.0,,,,
2026-05-26,8201,無敵,0.0,0.0,0.0,1000.0,,,,
2026-05-26,3593,力銘,1000.0,0.0,0.0,1000.0,,,,
2026-05-26,2901,欣欣,1000.0,0.0,0.0,1000.0,,,,
2026-05-26,2945,三商家購,1000.0,0.0,0.0,1000.0,,,,
2026-05-26,2891C,中信金丙特,0.0,0.0,0.0,1000.0,,,,
2026-05-26,5906,台南-KY,1000.0,0.0,0.0,1000.0,,,,
2026-05-26,8438,昶昕,-13000.0,0.0,0.0,878.0,,,,
2026-05-26,00654R,富邦印度反1,0.0,0.0,0.0,550.0,,,,
2026-05-26,00657K,國泰日經225+U,0.0,0.0,0.0,0.0,,,,
2026-05-26,00636K,國泰中國A50+U,0.0,0.0,0.0,0.0,,,,
2026-05-26,00668K,國泰美國道瓊+U,0.0,0.0,0.0,0.0,,,,
2026-05-26,020039,元大加權N,0.0,0.0,0.0,0.0,,,,
2026-05-26,1541,錩泰,0.0,0.0,0.0,0.0,,,,
2026-05-26,8467,波力-KY,0.0,0.0,0.0,0.0,,,,
2026-05-26,7705,三商餐飲,2000.0,0.0,0.0,0.0,,,,
2026-05-26,6934,心誠鎂,0.0,0.0,0.0,0.0,,,,
2026-05-26,7732,金興精密,0.0,0.0,0.0,0.0,,,,
2026-05-26,6641,基士德-KY,2000.0,0.0,0.0,0.0,,,,
2026-05-26,2939,永邑-KY,0.0,0.0,0.0,0.0,,,,
2026-05-26,4108,懷特,9000.0,0.0,0.0,0.0,,,,
2026-05-26,4569,六方科-KY,1000.0,0.0,0.0,0.0,,,,
2026-05-26,6807,峰源-KY,0.0,0.0,0.0,0.0,,,,
2026-05-26,9929,秋雨,0.0,0.0,0.0,0.0,,,,
2026-05-26,6581,鋼聯,0.0,0.0,0.0,0.0,,,,
2026-05-26,1341,富林-KY,0.0,0.0,0.0,0.0,,,,
2026-05-26,1213,大飲,-1.0,0.0,0.0,-1.0,,,,
2026-05-26,00682U,期元大美元指數,0.0,0.0,0.0,-2.0,,,,
2026-05-26,6955,邦睿生技-創,1000.0,0.0,0.0,-4.0,,,,
2026-05-26,2424,隴華,1900.0,0.0,0.0,-100.0,,,,
2026-05-26,2373,震旦行,-1000.0,0.0,0.0,-1000.0,,,,
2026-05-26,020000,富邦特選蘋果N,0.0,0.0,0.0,-1000.0,,,,
2026-05-26,1472,三洋實業,1000.0,0.0,0.0,-1000.0,,,,
2026-05-26,8482,商億-KY,-1000.0,0.0,0.0,-1000.0,,,,
2026-05-26,8488,吉源-KY,-1000.0,0.0,0.0,-1000.0,,,,
2026-05-26,4581,光隆精密-KY,-1000.0,0.0,0.0,-1000.0,,,,
2026-05-26,2881B,富邦金乙特,-3000.0,0.0,0.0,-1000.0,,,,
2026-05-26,6952,大武山,-1000.0,0.0,0.0,-1000.0,,,,
2026-05-26,6951,青新-創,-1000.0,0.0,0.0,-1000.0,,,,
2026-05-26,2488,漢平,1017.0,0.0,0.0,-1169.0,,,,
2026-05-26,6916,華凌,0.0,0.0,0.0,-1246.0,,,,
2026-05-26,00674R,期元大S&P黃金反1,0.0,0.0,0.0,-1409.0,,,,
2026-05-26,006204,永豐臺灣加權,0.0,0.0,0.0,-1530.0,,,,
2026-05-26,5292,華懋,-11000.0,0.0,0.0,-1605.0,,,,
2026-05-26,6890,來億-KY,-7225.0,0.0,0.0,-1925.0,,,,
2026-05-26,6666,羅麗芬-KY,-2000.0,0.0,0.0,-2000.0,,,,
2026-05-26,8487,愛爾達-創,-1000.0,0.0,0.0,-2000.0,,,,
2026-05-26,9928,中視,0.0,0.0,0.0,-2000.0,,,,
2026-05-26,8411,福貞-KY,5000.0,0.0,0.0,-2000.0,,,,
2026-05-26,3494,誠研,-1000.0,0.0,0.0,-2000.0,,,,
2026-05-26,2509,全坤建,-2000.0,0.0,0.0,-2000.0,,,,
2026-05-26,1443,立益物流,0.0,0.0,0.0,-2000.0,,,,
2026-05-26,1463,強盛新,4000.0,0.0,0.0,-2000.0,,,,
2026-05-26,0057,富邦摩台,0.0,0.0,0.0,-2088.0,,,,
2026-05-26,00911,兆豐洲際半導體,-1992.0,0.0,0.0,-2111.0,,,,
2026-05-26,1316,上曜,-3000.0,0.0,0.0,-2136.0,,,,
2026-05-26,00972,野村日本動能高息,0.0,0.0,0.0,-2455.0,,,,
2026-05-26,7823,奧義賽博-KY創,-1000.0,0.0,0.0,-2456.0,,,,
2026-05-26,020032,元大綠能N,0.0,0.0,0.0,-3000.0,,,,
2026-05-26,1445,大宇,5000.0,0.0,0.0,-3000.0,,,,
2026-05-26,2254,巨鎧精密-創,1000.0,0.0,0.0,-3000.0,,,,
2026-05-26,4737,華廣,-3000.0,0.0,0.0,-3000.0,,,,
2026-05-26,4439,冠星-KY,-2000.0,0.0,0.0,-3000.0,,,,
2026-05-26,4552,力達-KY,3000.0,0.0,0.0,-3000.0,,,,
2026-05-26,8940,新天地,-1000.0,0.0,0.0,-3000.0,,,,
2026-05-26,6924,榮惠-KY創,0.0,0.0,0.0,-3000.0,,,,
2026-05-26,5306,桂盟,-1021.0,0.0,0.0,-3021.0,,,,
2026-05-26,6183,關貿,0.0,0.0,0.0,-3222.0,,,,
2026-05-26,6754,匯僑設計,-2000.0,-399.0,0.0,-3493.0,,,,
2026-05-26,00954,中信日本半導體,40075.0,0.0,0.0,-3744.0,,,,
2026-05-26,006203,元大MSCI台灣,0.0,0.0,0.0,-3995.0,,,,
2026-05-26,1410,南染,-4000.0,0.0,0.0,-4000.0,,,,
2026-05-26,6794,向榮生技,-3000.0,0.0,0.0,-4000.0,,,,
2026-05-26,6614,資拓宏宇,5000.0,0.0,0.0,-4000.0,,,,
2026-05-26,6674,鋐寶科技,-4000.0,0.0,0.0,-4000.0,,,,
2026-05-26,910861,神州-DR,-4000.0,0.0,0.0,-4000.0,,,,
2026-05-26,9944,新麗,1000.0,0.0,0.0,-4000.0,,,,
2026-05-26,6936,永鴻生技,-4000.0,0.0,0.0,-4000.0,,,,
2026-05-26,1616,億泰,3000.0,0.0,0.0,-4001.0,,,,
2026-05-26,3043,科風,-4000.0,0.0,0.0,-4079.0,,,,
2026-05-26,1558,伸興,-3054.0,-1101.0,0.0,-4092.0,,,,
2026-05-26,6933,AMAX-KY,-4000.0,0.0,0.0,-4401.0,,,,
2026-05-26,2013,中鋼構,4003.0,0.0,0.0,-4451.0,,,,
2026-05-26,6645,金萬林-創,-4000.0,0.0,0.0,-4608.0,,,,
2026-05-26,7765,中華資安,-1974.0,0.0,0.0,-4974.0,,,,
2026-05-26,6504,南六,-5000.0,0.0,0.0,-5000.0,,,,
2026-05-26,1453,大將,3000.0,0.0,0.0,-5000.0,,,,
2026-05-26,00702,國泰標普低波高息,0.0,0.0,0.0,-5000.0,,,,
2026-05-26,6958,日盛台駿,-5000.0,0.0,0.0,-5000.0,,,,
2026-05-26,006205,富邦上証,145000.0,0.0,0.0,-5064.0,,,,
2026-05-26,6715,嘉基,-11630.0,0.0,0.0,-5714.0,,,,
2026-05-26,2248,華勝-KY,-6000.0,0.0,0.0,-6000.0,,,,
2026-05-26,2423,固緯,-1000.0,0.0,0.0,-6000.0,,,,
2026-05-26,1730,花仙子,-4000.0,0.0,0.0,-6000.0,,,,
2026-05-26,6671,三能-KY,-5000.0,0.0,0.0,-6081.0,,,,
2026-05-26,3002,歐格,-4991.0,0.0,0.0,-6108.0,,,,
2026-05-26,00657,國泰日經225,0.0,0.0,0.0,-6136.0,,,,
2026-05-26,2250,IKKA-KY,-7014.0,0.0,0.0,-6295.0,,,,
2026-05-26,7730,暉盛-創,-6551.0,0.0,0.0,-6416.0,,,,
2026-05-26,6605,帝寶,-13000.0,0.0,0.0,-6423.0,,,,
2026-05-26,00638R,元大滬深300反1,-6000.0,0.0,0.0,-6500.0,,,,
2026-05-26,9924,福興,-4000.0,-2538.0,0.0,-6538.0,,,,
2026-05-26,2540,愛山林,13321.0,0.0,0.0,-6679.0,,,,
2026-05-26,3005,神基,1350000.0,-1401168.0,0.0,-6694.0,,,,
2026-05-26,0051,元大中型100,-5848.0,0.0,0.0,-6801.0,,,,
2026-05-26,2642,宅配通,-7000.0,0.0,0.0,-7000.0,,,,
2026-05-26,2444,兆勁,-5000.0,0.0,0.0,-7000.0,,,,
2026-05-26,5244,弘凱,-7000.0,0.0,0.0,-7000.0,,,,
2026-05-26,6965,中傑-KY,-7000.0,0.0,0.0,-7000.0,,,,
2026-05-26,2881C,富邦金丙特,-7000.0,0.0,0.0,-7000.0,,,,
2026-05-26,6743,安普新,871.0,0.0,0.0,-7129.0,,,,
2026-05-26,2845,遠東銀,39732.0,-7000.0,0.0,-7268.0,,,,
2026-05-26,00875,國泰網路資安,-97000.0,0.0,0.0,-7429.0,,,,
2026-05-26,00851,台新全球AI,0.0,0.0,0.0,-7728.0,,,,
2026-05-26,1233,天仁,-6000.0,0.0,0.0,-8000.0,,,,
2026-05-26,01009T,王道圓滿R1,-8000.0,0.0,0.0,-8000.0,,,,
2026-05-26,9918,欣天然,-8000.0,0.0,0.0,-8000.0,,,,
2026-05-26,9942,茂順,-6000.0,0.0,0.0,-8000.0,,,,
2026-05-26,1516,川飛,-6000.0,0.0,0.0,-8000.0,,,,
2026-05-26,00664R,國泰臺灣加權反1,0.0,0.0,0.0,-8400.0,,,,
2026-05-26,009804,聯邦台精彩50,332000.0,0.0,0.0,-8925.0,,,,
2026-05-26,3130,一零四,-8999.0,0.0,0.0,-8999.0,,,,
2026-05-26,020038,元大ESG配息N,0.0,0.0,0.0,-9000.0,,,,
2026-05-26,6928,攸泰科技,-9000.0,0.0,0.0,-9000.0,,,,
2026-05-26,3557,嘉威,-1000.0,0.0,0.0,-9000.0,,,,
2026-05-26,2705,六福,-9990.0,0.0,0.0,-9990.0,,,,
2026-05-26,6957,裕慶-KY,-10000.0,0.0,0.0,-9998.0,,,,
2026-05-26,3703,欣陸,64000.0,0.0,0.0,-10000.0,,,,
2026-05-26,00681R,元大美債20反1,0.0,0.0,0.0,-10000.0,,,,
2026-05-26,0053,元大電子,-999.0,0.0,0.0,-10196.0,,,,
2026-05-26,5515,建國,-9956.0,0.0,0.0,-10275.0,,,,
2026-05-26,3717,聯嘉投控,-150000.0,0.0,0.0,-11000.0,,,,
2026-05-26,2739,寒舍,-4000.0,0.0,0.0,-11000.0,,,,
2026-05-26,6918,愛派司,-9000.0,0.0,0.0,-11000.0,,,,
2026-05-26,1731,美吾華,-2000.0,0.0,0.0,-11000.0,,,,
2026-05-26,1220,台榮,1000.0,0.0,0.0,-11000.0,,,,
2026-05-26,2415,錩新,-8000.0,0.0,0.0,-11000.0,,,,
2026-05-26,6606,建德工業,-5000.0,0.0,0.0,-11000.0,,,,
2026-05-26,1525,江申,-10000.0,0.0,0.0,-11707.0,,,,
2026-05-26,4588,玖鼎電力,-10000.0,0.0,0.0,-11988.0,,,,
2026-05-26,1417,嘉裕,2010.0,0.0,0.0,-11990.0,,,,
2026-05-26,1526,日馳,-11000.0,0.0,0.0,-12000.0,,,,
2026-05-26,6201,亞弘電,-6000.0,0.0,0.0,-12000.0,,,,
2026-05-26,5283,禾聯碩,-12000.0,0.0,0.0,-12000.0,,,,
2026-05-26,2012,春雨,-4000.0,0.0,0.0,-12053.0,,,,
2026-05-26,1342,八貫,-12241.0,0.0,0.0,-12241.0,,,,
2026-05-26,1325,恆大,-12643.0,0.0,0.0,-12643.0,,,,
2026-05-26,1783,和康生,-13078.0,0.0,0.0,-13206.0,,,,
2026-05-26,3308,聯德,-16256.0,0.0,0.0,-13473.0,,,,
2026-05-26,3296,勝德,-13000.0,0.0,0.0,-14000.0,,,,
2026-05-26,6914,阜爾運通,-14000.0,0.0,0.0,-14000.0,,,,
2026-05-26,7821,神數,-14000.0,0.0,0.0,-14000.0,,,,
2026-05-26,1473,台南,-14000.0,0.0,0.0,-14000.0,,,,
2026-05-26,00737,國泰AI機器人,-22000.0,0.0,0.0,-14000.0,,,,
2026-05-26,6863,永道-KY,-10089.0,0.0,0.0,-14090.0,,,,
2026-05-26,2228,劍麟,-11000.0,0.0,0.0,-14278.0,,,,
2026-05-26,2704,國賓,-12000.0,0.0,0.0,-15000.0,,,,
2026-05-26,4736,泰博,-14000.0,0.0,0.0,-15000.0,,,,
2026-05-26,3266,昇陽,-15000.0,0.0,0.0,-15000.0,,,,
2026-05-26,6515,穎崴,22267.0,-35501.0,0.0,-15329.0,,,,
2026-05-26,7780,大研生醫*,6050.0,0.0,0.0,-15573.0,,,,
2026-05-26,4807,日成-KY,-6000.0,0.0,0.0,-16000.0,,,,
2026-05-26,4930,燦星網,-17509.0,0.0,0.0,-16071.0,,,,
2026-05-26,6164,華興,-16979.0,0.0,0.0,-16979.0,,,,
2026-05-26,00689R,國泰20年美債反1,0.0,0.0,0.0,-17000.0,,,,
2026-05-26,1587,吉茂,-19467.0,0.0,0.0,-17467.0,,,,
2026-05-26,1459,聯發,-5000.0,0.0,0.0,-18000.0,,,,
2026-05-26,1446,宏和,-18000.0,0.0,0.0,-18000.0,,,,
2026-05-26,3058,立德,-16000.0,0.0,0.0,-18000.0,,,,
2026-05-26,6921,嘉雨思-創,-18795.0,0.0,0.0,-18003.0,,,,
2026-05-26,2911,麗嬰房,-33750.0,0.0,0.0,-18194.0,,,,
2026-05-26,7769,鴻勁,-12113.0,-6151.0,0.0,-18524.0,,,,
2026-05-26,1604,聲寶,-19000.0,0.0,0.0,-19000.0,,,,
2026-05-26,2535,達欣工,-14101.0,0.0,0.0,-19101.0,,,,
2026-05-26,1776,展宇,-16000.0,0.0,0.0,-20000.0,,,,
2026-05-26,3705,永信,-19000.0,0.0,0.0,-20000.0,,,,
2026-05-26,1726,永記,-18100.0,0.0,0.0,-20100.0,,,,
2026-05-26,6625,必應,-15900.0,0.0,0.0,-20868.0,,,,
2026-05-26,1232,大統益,-17000.0,0.0,0.0,-21000.0,,,,
2026-05-26,2887E,台新新光戊特一,-21000.0,0.0,0.0,-21000.0,,,,
2026-05-26,1752,南光,-18000.0,0.0,0.0,-21000.0,,,,
2026-05-26,2706,第一店,-10000.0,0.0,0.0,-21000.0,,,,
2026-05-26,3652,精聯,-16000.0,0.0,0.0,-21000.0,,,,
2026-05-26,3419,譁裕,-18000.0,0.0,0.0,-21000.0,,,,
2026-05-26,4564,元翎,-32000.0,0.0,0.0,-21245.0,,,,
2026-05-26,7803,雲象科技-創,-22000.0,0.0,0.0,-22000.0,,,,
2026-05-26,2433,互盛電,-18000.0,0.0,0.0,-22000.0,,,,
2026-05-26,1474,弘裕,-20000.0,0.0,0.0,-22000.0,,,,
2026-05-26,00986A,主動台新龍頭成長,-98000.0,0.0,0.0,-22362.0,,,,
2026-05-26,2482,連宇,-22000.0,0.0,0.0,-22476.0,,,,
2026-05-26,4133,亞諾法,-23000.0,0.0,0.0,-23000.0,,,,
2026-05-26,9955,佳龍,-25000.0,0.0,0.0,-24000.0,,,,
2026-05-26,1539,巨庭,-24000.0,0.0,0.0,-24000.0,,,,
2026-05-26,1906,寶隆,-24000.0,0.0,0.0,-24000.0,,,,
2026-05-26,8072,陞泰,-25014.0,0.0,0.0,-24014.0,,,,
2026-05-26,9902,台火,-22000.0,0.0,0.0,-24585.0,,,,
2026-05-26,00728,第一金工業30,-62000.0,0.0,0.0,-24941.0,,,,
2026-05-26,7740,熙特爾-創,-25000.0,0.0,0.0,-26332.0,,,,
2026-05-26,3669,圓展,-27000.0,0.0,0.0,-27000.0,,,,
2026-05-26,4440,宜新實業,-14000.0,0.0,0.0,-27000.0,,,,
2026-05-26,2425,承啟,-28000.0,0.0,0.0,-28000.0,,,,
2026-05-26,1109,信大,-12990.0,0.0,0.0,-28333.0,,,,
2026-05-26,6994,富威電力,-27961.0,0.0,0.0,-29427.0,,,,
2026-05-26,9925,新保,-15060.0,0.0,0.0,-30060.0,,,,
2026-05-26,4441,振大環球,-30106.0,0.0,0.0,-30106.0,,,,
2026-05-26,00962,台新AI優息動能,-472000.0,0.0,0.0,-30429.0,,,,
2026-05-26,2062,橋椿,88000.0,-119000.0,0.0,-30474.0,,,,
2026-05-26,1786,科妍,-34386.0,0.0,0.0,-30958.0,,,,
2026-05-26,7791,皇家可口,-31000.0,0.0,0.0,-31000.0,,,,
2026-05-26,4137,麗豐-KY,-27900.0,0.0,0.0,-31543.0,,,,
2026-05-26,8462,柏文,-31864.0,0.0,0.0,-31864.0,,,,
2026-05-26,2450,神腦,-31995.0,0.0,0.0,-31995.0,,,,
2026-05-26,5531,鄉林,-18000.0,0.0,0.0,-32000.0,,,,
2026-05-26,00661,元大日經225,-3988.0,0.0,0.0,-33079.0,,,,
2026-05-26,2852,第一保,-6000.0,-6473.0,0.0,-33473.0,,,,
2026-05-26,2753,八方雲集,-31000.0,-1710.0,0.0,-34483.0,,,,
2026-05-26,6834,天二科技,-47000.0,0.0,0.0,-34580.0,,,,
2026-05-26,3168,眾福科,-34000.0,0.0,0.0,-35000.0,,,,
2026-05-26,1623,大東電,-24000.0,0.0,0.0,-35000.0,,,,
2026-05-26,5215,科嘉-KY,-40000.0,0.0,0.0,-35002.0,,,,
2026-05-26,3530,晶相光,-30000.0,0.0,0.0,-35236.0,,,,
2026-05-26,9906,欣巴巴,-35000.0,0.0,0.0,-36000.0,,,,
2026-05-26,1432,大魯閣,-36000.0,0.0,0.0,-36000.0,,,,
2026-05-26,8478,東哥遊艇,-31637.0,0.0,0.0,-36273.0,,,,
2026-05-26,4722,國精化,-70586.0,0.0,0.0,-37113.0,,,,
2026-05-26,6969,成信實業*-創,-31000.0,0.0,0.0,-37819.0,,,,
2026-05-26,1760,寶齡富錦,-38969.0,0.0,0.0,-38969.0,,,,
2026-05-26,2102,泰豐,-48000.0,0.0,0.0,-39000.0,,,,
2026-05-26,6283,淳安,-41000.0,0.0,0.0,-41000.0,,,,
2026-05-26,3653,健策,-21219.0,-100153.0,0.0,-41237.0,,,,
2026-05-26,3041,揚智,-24595.0,0.0,0.0,-42595.0,,,,
2026-05-26,2069,運錩,-40000.0,0.0,0.0,-44000.0,,,,
2026-05-26,1340,勝悅-KY,-48000.0,0.0,0.0,-44000.0,,,,
2026-05-26,5519,隆大,-44000.0,0.0,0.0,-44141.0,,,,
2026-05-26,4566,時碩工業,-43000.0,0.0,0.0,-45000.0,,,,
2026-05-26,1201,味全,-45519.0,0.0,0.0,-45904.0,,,,
2026-05-26,00652,富邦印度,-847.0,0.0,0.0,-46149.0,,,,
2026-05-26,2461,光群雷,-47000.0,0.0,0.0,-47000.0,,,,
2026-05-26,9919,康那香,-36000.0,0.0,0.0,-47000.0,,,,
2026-05-26,4912,聯德控股-KY,-49000.0,0.0,0.0,-48002.0,,,,
2026-05-26,2033,佳大,-49000.0,0.0,0.0,-49000.0,,,,
2026-05-26,2236,百達-KY,-48000.0,0.0,0.0,-49000.0,,,,
2026-05-26,2357,華碩,-539090.0,481497.0,0.0,-50126.0,,,,
2026-05-26,3432,台端,-51000.0,0.0,0.0,-51000.0,,,,
2026-05-26,2431,聯昌,-49000.0,0.0,0.0,-52000.0,,,,
2026-05-26,6768,志強-KY,-50200.0,-3847.0,0.0,-52136.0,,,,
2026-05-26,6431,光麗-KY,-53000.0,0.0,0.0,-53000.0,,,,
2026-05-26,1451,年興,-36230.0,0.0,0.0,-53230.0,,,,
2026-05-26,8045,達運光電,52000.0,0.0,0.0,-53272.0,,,,
2026-05-26,1806,冠軍,-54000.0,0.0,0.0,-54000.0,,,,
2026-05-26,6449,鈺邦,-61075.0,0.0,0.0,-55575.0,,,,
2026-05-26,8454,富邦媒,-59795.0,-16000.0,0.0,-55795.0,,,,
2026-05-26,1414,東和,-56000.0,0.0,0.0,-56000.0,,,,
2026-05-26,2338,光罩,-10151.0,0.0,0.0,-56389.0,,,,
2026-05-26,6591,動力-KY,-52000.0,0.0,0.0,-56889.0,,,,
2026-05-26,1734,杏輝,-49001.0,0.0,0.0,-57001.0,,,,
2026-05-26,3050,鈺德,-61000.0,0.0,0.0,-58000.0,,,,
2026-05-26,3518,柏騰,-47000.0,0.0,0.0,-58024.0,,,,
2026-05-26,3686,達能,-57950.0,0.0,0.0,-59950.0,,,,
2026-05-26,1515,力山,-60750.0,0.0,0.0,-60750.0,,,,
2026-05-26,2101,南港,-57767.0,0.0,0.0,-60767.0,,,,
2026-05-26,8222,寶一,-62000.0,0.0,0.0,-62000.0,,,,
2026-05-26,5434,崇越,-49767.0,2000.0,0.0,-62582.0,,,,
2026-05-26,00771,元大US高息特別股,0.0,0.0,0.0,-63474.0,,,,
2026-05-26,5284,jpp-KY,-55886.0,0.0,0.0,-64105.0,,,,
2026-05-26,2028,威致,-65000.0,0.0,0.0,-65000.0,,,,
2026-05-26,00905,FT臺灣Smart,-18825.0,0.0,0.0,-65683.0,,,,
2026-05-26,6756,威鋒電子,-63202.0,0.0,0.0,-66891.0,,,,
2026-05-26,6272,驊陞,-67000.0,0.0,0.0,-67000.0,,,,
2026-05-26,1524,耿鼎,-61000.0,0.0,0.0,-67000.0,,,,
2026-05-26,6277,宏正,-60988.0,0.0,0.0,-67176.0,,,,
2026-05-26,8464,億豐,-60000.0,-5448.0,0.0,-67659.0,,,,
2026-05-26,2505,國揚,-68000.0,0.0,0.0,-68000.0,,,,
2026-05-26,00641R,富邦日本反1,0.0,0.0,0.0,-68361.0,,,,
2026-05-26,2231,為升,-68000.0,0.0,0.0,-68618.0,,,,
2026-05-26,2207,和泰車,-1669.0,-69000.0,0.0,-69414.0,,,,
2026-05-26,6438,迅得,19371.0,0.0,0.0,-69535.0,,,,
2026-05-26,5269,祥碩,-181908.0,95000.0,0.0,-70146.0,,,,
2026-05-26,02001L,富邦蘋果正二N,0.0,0.0,0.0,-71000.0,,,,
2026-05-26,6243,迅杰,-60000.0,0.0,0.0,-71738.0,,,,
2026-05-26,009803,玉山市值動能50,190000.0,350000.0,0.0,-71996.0,,,,
2026-05-26,6906,現觀科,-72694.0,0.0,0.0,-73909.0,,,,
2026-05-26,7822,倍利科,-72738.0,0.0,0.0,-74724.0,,,,
2026-05-26,1455,集盛,-69979.0,0.0,0.0,-75168.0,,,,
2026-05-26,1219,福壽,-52000.0,0.0,0.0,-77000.0,,,,
2026-05-26,3027,盛達,-91000.0,0.0,0.0,-77000.0,,,,
2026-05-26,8374,羅昇,-40584.0,0.0,0.0,-77985.0,,,,
2026-05-26,00762,元大全球AI,-52964.0,0.0,0.0,-78593.0,,,,
2026-05-26,4968,立積,-99950.0,0.0,0.0,-78617.0,,,,
2026-05-26,6142,友勁,-79958.0,0.0,0.0,-79958.0,,,,
2026-05-26,00708L,期元大S&P黃金正2,-76000.0,0.0,0.0,-81613.0,,,,
2026-05-26,00876,元大全球5G,-106152.0,0.0,0.0,-82907.0,,,,
2026-05-26,2538,基泰,-57000.0,0.0,0.0,-84000.0,,,,
2026-05-26,1720,生達,-79000.0,0.0,0.0,-85000.0,,,,
2026-05-26,2059,川湖,-3612.0,-86102.0,0.0,-85422.0,,,,
2026-05-26,1442,名軒,-86000.0,0.0,0.0,-86752.0,,,,
2026-05-26,4532,瑞智,16000.0,-12735.0,0.0,-86875.0,,,,
2026-05-26,6534,正瀚-創,-79000.0,0.0,0.0,-86919.0,,,,
2026-05-26,2426,鼎元,-201627.0,0.0,0.0,-88040.0,,,,
2026-05-26,5222,全訊,-83356.0,-1000.0,0.0,-88376.0,,,,
2026-05-26,2348,海悅,-88000.0,0.0,0.0,-88678.0,,,,
2026-05-26,2727,王品,-84001.0,-5000.0,0.0,-93178.0,,,,
2026-05-26,00675L,富邦臺灣加權正2,-152000.0,0.0,0.0,-93291.0,,,,
2026-05-26,4551,智伸科,-75000.0,0.0,0.0,-95533.0,,,,
2026-05-26,5471,松翰,-114876.0,0.0,0.0,-97141.0,,,,
2026-05-26,6197,佳必琪,36073.0,0.0,0.0,-97579.0,,,,
2026-05-26,2851,中再保,-83050.0,0.0,0.0,-97919.0,,,,
2026-05-26,3057,喬鼎,-94000.0,0.0,0.0,-99000.0,,,,
2026-05-26,8162,微矽電子-創,-50000.0,0.0,0.0,-104144.0,,,,
2026-05-26,2462,良得電,-108995.0,0.0,0.0,-105314.0,,,,
2026-05-26,006208,富邦台50,69206.0,0.0,0.0,-105398.0,,,,
2026-05-26,2349,錸德,-80000.0,0.0,0.0,-105925.0,,,,
2026-05-26,2032,新鋼,-113990.0,0.0,0.0,-105990.0,,,,
2026-05-26,00951,台新日本半導體,-510000.0,0.0,0.0,-106714.0,,,,
2026-05-26,2612,中航,-105000.0,0.0,0.0,-107000.0,,,,
2026-05-26,4590,富田-創,-109000.0,0.0,0.0,-108393.0,,,,
2026-05-26,6112,邁達特,-108000.0,0.0,0.0,-110649.0,,,,
2026-05-26,2820,華票,-92000.0,0.0,0.0,-112090.0,,,,
2026-05-26,2723,美食-KY,-108000.0,0.0,0.0,-113456.0,,,,
2026-05-26,00913,兆豐台灣晶圓製造,-240000.0,0.0,0.0,-113777.0,,,,
2026-05-26,7799,禾榮科,-114000.0,0.0,0.0,-114000.0,,,,
2026-05-26,4720,德淵,-111000.0,-2881.0,0.0,-114881.0,,,,
2026-05-26,2107,厚生,-101000.0,0.0,0.0,-115000.0,,,,
2026-05-26,2630,亞航,-113000.0,0.0,0.0,-115493.0,,,,
2026-05-26,9946,三發地產,-111000.0,0.0,0.0,-117000.0,,,,
2026-05-26,6472,保瑞,-115146.0,0.0,0.0,-118975.0,,,,
2026-05-26,7750,新代,-253029.0,131000.0,0.0,-124029.0,,,,
2026-05-26,9934,成霖,-99000.0,0.0,0.0,-125000.0,,,,
2026-05-26,3437,榮創,-125065.0,0.0,0.0,-128065.0,,,,
2026-05-26,6670,復盛應用,-122000.0,-10597.0,0.0,-128786.0,,,,
2026-05-26,2405,輔信,-113000.0,0.0,0.0,-129000.0,,,,
2026-05-26,2611,志信,-129990.0,0.0,0.0,-129990.0,,,,
2026-05-26,6669,緯穎,126856.0,-207173.0,0.0,-130543.0,,,,
2026-05-26,1529,樂事綠能,-130951.0,0.0,0.0,-130951.0,,,,
2026-05-26,2617,台航,-131000.0,0.0,0.0,-131460.0,,,,
2026-05-26,911868,同方友友-DR,-132000.0,0.0,0.0,-131950.0,,,,
2026-05-26,6526,達發,-101595.0,0.0,0.0,-132699.0,,,,
2026-05-26,7768,頌勝科技,-135213.0,0.0,0.0,-135213.0,,,,
2026-05-26,3029,零壹,-130275.0,-3223.0,0.0,-135365.0,,,,
2026-05-26,2504,國產,-195000.0,-23105.0,0.0,-137096.0,,,,
2026-05-26,5534,長虹,-146000.0,0.0,0.0,-140598.0,,,,
2026-05-26,2480,敦陽科,-139000.0,-2253.0,0.0,-140910.0,,,,
2026-05-26,1810,和成,-151800.0,0.0,0.0,-141135.0,,,,
2026-05-26,6257,矽格,1794342.0,-120000.0,0.0,-141897.0,,,,
2026-05-26,6533,晶心科,-139700.0,0.0,0.0,-144181.0,,,,
2026-05-26,1903,士紙,-159000.0,0.0,0.0,-144945.0,,,,
2026-05-26,2385,群光,-75858.0,-313051.0,0.0,-145381.0,,,,
2026-05-26,8404,百和興業-KY,-141973.0,0.0,0.0,-145973.0,,,,
2026-05-26,00643,群益深証中小,-128000.0,0.0,0.0,-148569.0,,,,
2026-05-26,2427,三商電,-148990.0,0.0,0.0,-148990.0,,,,
2026-05-26,2883B,凱基金乙特,-184000.0,0.0,0.0,-149000.0,,,,
2026-05-26,1723,中碳,-182000.0,0.0,0.0,-151488.0,,,,
2026-05-26,6477,安集,-153000.0,0.0,0.0,-153000.0,,,,
2026-05-26,6405,悅城,-40080.0,0.0,0.0,-153577.0,,,,
2026-05-26,9136,巨騰-DR,-155000.0,0.0,0.0,-155000.0,,,,
2026-05-26,4178,永笙-KY,-157000.0,0.0,0.0,-157000.0,,,,
2026-05-26,3138,耀登,-119886.0,0.0,0.0,-157252.0,,,,
2026-05-26,8210,勤誠,-488537.0,336000.0,0.0,-160769.0,,,,
2026-05-26,2528,皇普,-160000.0,0.0,0.0,-162000.0,,,,
2026-05-26,3376,新日興,-200865.0,-7000.0,0.0,-162492.0,,,,
2026-05-26,6235,華孚,-168013.0,0.0,0.0,-167022.0,,,,
2026-05-26,2015,豐興,-160000.0,-5000.0,0.0,-168661.0,,,,
2026-05-26,2616,山隆,-162999.0,0.0,0.0,-169700.0,,,,
2026-05-26,2365,昆盈,-93878.0,0.0,0.0,-170649.0,,,,
2026-05-26,2020,美亞,-171000.0,0.0,0.0,-171000.0,,,,
2026-05-26,2352,佳世達,-167330.0,-4000.0,0.0,-171012.0,,,,
2026-05-26,6205,詮欣,-170501.0,0.0,0.0,-172374.0,,,,
2026-05-26,6191,精成科,-190920.0,0.0,0.0,-179273.0,,,,
2026-05-26,9911,櫻花,-180000.0,0.0,0.0,-180000.0,,,,
2026-05-26,2850,新產,-179688.0,-4000.0,0.0,-185858.0,,,,
2026-05-26,2608,嘉里大榮,-187000.0,0.0,0.0,-188847.0,,,,
2026-05-26,8104,錸寶,-189000.0,0.0,0.0,-189000.0,,,,
2026-05-26,00934,中信成長高股息,-182000.0,0.0,0.0,-203121.0,,,,
2026-05-26,2383,台光電,-69967.0,-67986.0,0.0,-205121.0,,,,
2026-05-26,1477,聚陽,-143680.0,-59518.0,0.0,-205715.0,,,,
2026-05-26,2491,吉祥全,-203971.0,0.0,0.0,-207972.0,,,,
2026-05-26,1597,直得,-186000.0,0.0,0.0,-216439.0,,,,
2026-05-26,2543,皇昌,-196476.0,0.0,0.0,-216952.0,,,,
2026-05-26,2108,南帝,-215947.0,0.0,0.0,-222947.0,,,,
2026-05-26,3701,大眾控,-263805.0,0.0,0.0,-227039.0,,,,
2026-05-26,6531,愛普*,-82939.0,-92000.0,0.0,-227076.0,,,,
2026-05-26,9939,宏全,-223652.0,-8811.0,0.0,-231893.0,,,,
2026-05-26,00946,群益科技高息成長,-906000.0,0.0,0.0,-232430.0,,,,
2026-05-26,1735,日勝化,-230000.0,0.0,0.0,-233421.0,,,,
2026-05-26,2241,艾姆勒,-228941.0,0.0,0.0,-234785.0,,,,
2026-05-26,1522,堤維西,-252000.0,-7782.0,0.0,-235779.0,,,,
2026-05-26,1519,華城,-316888.0,20672.0,0.0,-241772.0,,,,
2026-05-26,1904,正隆,-210391.0,1000.0,0.0,-242221.0,,,,
2026-05-26,3515,華擎,-245292.0,0.0,0.0,-243300.0,,,,
2026-05-26,3665,貿聯-KY,-210771.0,-58000.0,0.0,-249903.0,,,,
2026-05-26,2520,冠德,-250133.0,0.0,0.0,-255103.0,,,,
2026-05-26,00882,中信中國高股息,135000.0,0.0,0.0,-255566.0,,,,
2026-05-26,3060,銘異,-264000.0,0.0,0.0,-266150.0,,,,
2026-05-26,2420,新巨,-251886.0,0.0,0.0,-270886.0,,,,
2026-05-26,4164,承業醫,-277000.0,0.0,0.0,-276940.0,,,,
2026-05-26,3380,明泰,-244000.0,0.0,0.0,-280067.0,,,,
2026-05-26,1608,華榮,-252000.0,-9585.0,0.0,-281886.0,,,,
2026-05-26,1721,三晃,-280000.0,0.0,0.0,-283000.0,,,,
2026-05-26,6133,金橋,-283000.0,0.0,0.0,-284000.0,,,,
2026-05-26,4961,天鈺,-251698.0,0.0,0.0,-288706.0,,,,
2026-05-26,2607,榮運,-289500.0,0.0,0.0,-289500.0,,,,
2026-05-26,6153,嘉聯益,-305000.0,0.0,0.0,-293946.0,,,,
2026-05-26,00670L,富邦NASDAQ正2,-66995.0,0.0,0.0,-295727.0,,,,
2026-05-26,4746,台耀,-288486.0,0.0,0.0,-296817.0,,,,
2026-05-26,1718,中纖,-247000.0,0.0,0.0,-305571.0,,,,
2026-05-26,2030,彰源,-297000.0,0.0,0.0,-310000.0,,,,
2026-05-26,3030,德律,-285793.0,0.0,0.0,-311717.0,,,,
2026-05-26,1104,環泥,-315990.0,1000.0,0.0,-314455.0,,,,
2026-05-26,2530,華建,-492000.0,0.0,0.0,-320000.0,,,,
2026-05-26,3545,敦泰,-303039.0,0.0,0.0,-329359.0,,,,
2026-05-26,1503,士電,-396571.0,-465.0,0.0,-338128.0,,,,
2026-05-26,1307,三芳,-337126.0,-9704.0,0.0,-348272.0,,,,
2026-05-26,2539,櫻花建,-387000.0,0.0,0.0,-356000.0,,,,
2026-05-26,6409,旭隼,-342506.0,-1104.0,0.0,-358785.0,,,,
2026-05-26,9941,裕融,-349755.0,-5154.0,0.0,-362909.0,,,,
2026-05-26,2597,潤弘,-364232.0,0.0,0.0,-365609.0,,,,
2026-05-26,8011,台通,-371000.0,0.0,0.0,-371000.0,,,,
2026-05-26,2634,漢翔,-365970.0,-7000.0,0.0,-372274.0,,,,
2026-05-26,3661,世芯-KY,-291565.0,-81000.0,0.0,-374303.0,,,,
2026-05-26,6753,龍德造船,-407000.0,0.0,0.0,-376987.0,,,,
2026-05-26,6152,百一,-369000.0,0.0,0.0,-378000.0,,,,
2026-05-26,00981T,平衡凱基雙核收息,-15000.0,0.0,0.0,-382516.0,,,,
2026-05-26,1609,大亞,-441949.0,0.0,0.0,-384908.0,,,,
2026-05-26,2645,長榮航太,-380988.0,-3000.0,0.0,-386176.0,,,,
2026-05-26,4934,太極,-391000.0,0.0,0.0,-394000.0,,,,
2026-05-26,1712,興農,-375000.0,0.0,0.0,-401000.0,,,,
2026-05-26,2211,長榮鋼,-405000.0,-3129.0,0.0,-406684.0,,,,
2026-05-26,3008,大立光,-302048.0,-12158.0,0.0,-406685.0,,,,
2026-05-26,00635U,期元大S&P黃金,-113918.0,0.0,0.0,-407851.0,,,,
2026-05-26,3047,訊舟,-416095.0,0.0,0.0,-413098.0,,,,
2026-05-26,8033,雷虎,-404572.0,0.0,0.0,-422572.0,,,,
2026-05-26,3450,聯鈞,-469376.0,0.0,0.0,-435874.0,,,,
2026-05-26,2007,燁興,-419000.0,0.0,0.0,-435990.0,,,,
2026-05-26,3051,力特,-434816.0,0.0,0.0,-444837.0,,,,
2026-05-26,8215,明基材,-469634.0,-2000.0,0.0,-446762.0,,,,
2026-05-26,4764,雙鍵,-686000.0,255000.0,0.0,-447553.0,,,,
2026-05-26,8271,宇瞻,-437506.0,0.0,0.0,-447971.0,,,,
2026-05-26,5608,四維航,-448000.0,0.0,0.0,-448000.0,,,,
2026-05-26,9103,美德醫療-DR,-455000.0,0.0,0.0,-454531.0,,,,
2026-05-26,9938,百和,-441032.0,-6918.0,0.0,-456459.0,,,,
2026-05-26,2903,遠百,-511994.0,-13000.0,0.0,-461994.0,,,,
2026-05-26,2031,新光鋼,-458000.0,-7564.0,0.0,-465568.0,,,,
2026-05-26,00996A,主動兆豐台灣豐收,-1399002.0,0.0,0.0,-475686.0,,,,
2026-05-26,1809,中釉,-266000.0,0.0,0.0,-493000.0,,,,
2026-05-26,5484,慧友,-481546.0,0.0,0.0,-502365.0,,,,
2026-05-26,3592,瑞鼎,-480161.0,-2948.0,0.0,-507065.0,,,,
2026-05-26,2206,三陽工業,-499000.0,-8000.0,0.0,-517000.0,,,,
2026-05-26,6525,捷敏-KY,-529000.0,-3662.0,0.0,-519577.0,,,,
2026-05-26,00735,國泰臺韓科技,-8880.0,0.0,0.0,-534225.0,,,,
2026-05-26,9914,美利達,-549922.0,0.0,0.0,-541678.0,,,,
2026-05-26,1513,中興電,-850770.0,33199.0,0.0,-544343.0,,,,
2026-05-26,6830,汎銓,-520670.0,0.0,0.0,-553892.0,,,,
2026-05-26,4915,致伸,-466000.0,-95239.0,0.0,-561263.0,,,,
2026-05-26,5243,乙盛-KY,-530810.0,0.0,0.0,-562955.0,,,,
2026-05-26,2233,宇隆,-538788.0,0.0,0.0,-566497.0,,,,
2026-05-26,3094,聯傑,-562836.0,0.0,0.0,-568068.0,,,,
2026-05-26,2413,環科,-593000.0,0.0,0.0,-570899.0,,,,
2026-05-26,1304,台聚,-501000.0,0.0,0.0,-578682.0,,,,
2026-05-26,1319,東陽,-334235.0,-228404.0,0.0,-579490.0,,,,
2026-05-26,6672,騰輝電子-KY,-559124.0,0.0,0.0,-582726.0,,,,
2026-05-26,6177,達麗,111175.0,-695000.0,0.0,-585825.0,,,,
2026-05-26,4555,氣立,-578189.0,0.0,0.0,-586763.0,,,,
2026-05-26,1312,國喬,-583783.0,0.0,0.0,-589811.0,,,,
2026-05-26,1795,美時,-622412.0,0.0,0.0,-599173.0,,,,
2026-05-26,2017,官田鋼,-583990.0,0.0,0.0,-600071.0,,,,
2026-05-26,4306,炎洲,-602312.0,0.0,0.0,-602312.0,,,,
2026-05-26,6202,盛群,-610036.0,0.0,0.0,-614181.0,,,,
2026-05-26,9958,世紀鋼,-583006.0,0.0,0.0,-617314.0,,,,
2026-05-26,2451,創見,-695942.0,47000.0,0.0,-636250.0,,,,
2026-05-26,2614,東森,-641000.0,0.0,0.0,-641000.0,,,,
2026-05-26,1313,聯成,-601999.0,0.0,0.0,-642358.0,,,,
2026-05-26,00922,國泰台灣領袖50,14560.0,0.0,0.0,-647405.0,,,,
2026-05-26,2010,春源,-658000.0,0.0,0.0,-657003.0,,,,
2026-05-26,4142,國光生,-652850.0,0.0,0.0,-662480.0,,,,
2026-05-26,1440,南紡,-665090.0,1000.0,0.0,-675021.0,,,,
2026-05-26,2501,國建,-727100.0,0.0,0.0,-695797.0,,,,
2026-05-26,00896,中信綠能及電動車,-132000.0,0.0,0.0,-703659.0,,,,
2026-05-26,6901,鑽石投資,-721000.0,0.0,0.0,-706000.0,,,,
2026-05-26,2834,臺企銀,-735470.0,-17642.0,0.0,-709112.0,,,,
2026-05-26,2103,台橡,-600000.0,0.0,0.0,-709652.0,,,,
2026-05-26,2204,中華,-688866.0,-15169.0,0.0,-725035.0,,,,
2026-05-26,2884,玉山金,13997654.0,-14166898.0,0.0,-735502.0,,,,
2026-05-26,2009,第一銅,-737000.0,0.0,0.0,-736075.0,,,,
2026-05-26,1309,台達化,-747990.0,0.0,0.0,-755327.0,,,,
2026-05-26,3702,大聯大,211756.0,-685000.0,0.0,-757577.0,,,,
2026-05-26,6589,台康生技,-762000.0,0.0,0.0,-762574.0,,,,
2026-05-26,1434,福懋,-767000.0,0.0,0.0,-778928.0,,,,
2026-05-26,2201,裕隆,-782386.0,1000.0,0.0,-784103.0,,,,
2026-05-26,2006,東和鋼鐵,-430000.0,-318382.0,0.0,-785487.0,,,,
2026-05-26,3645,達邁,-808351.0,0.0,0.0,-787499.0,,,,
2026-05-26,00892,富邦台灣半導體,-698000.0,0.0,0.0,-799897.0,,,,
2026-05-26,2419,仲琦,-761000.0,0.0,0.0,-828905.0,,,,
2026-05-26,1215,卜蜂,-150182.0,-658000.0,0.0,-835001.0,,,,
2026-05-26,2439,美律,-540941.0,-616202.0,0.0,-837325.0,,,,
2026-05-26,3714,富采,-964466.0,0.0,0.0,-845021.0,,,,
2026-05-26,00663L,國泰臺灣加權正2,-328970.0,0.0,0.0,-847176.0,,,,
2026-05-26,3535,晶彩科,-850455.0,0.0,0.0,-850507.0,,,,
2026-05-26,1714,和桐,-849000.0,0.0,0.0,-850632.0,,,,
2026-05-26,4938,和碩,-640288.0,-158984.0,0.0,-851802.0,,,,
2026-05-26,6668,中揚光,-852000.0,0.0,0.0,-852000.0,,,,
2026-05-26,2208,台船,-849000.0,-9000.0,0.0,-858000.0,,,,
2026-05-26,1536,和大,-860000.0,0.0,0.0,-871272.0,,,,
2026-05-26,3312,弘憶股,-921499.0,0.0,0.0,-912468.0,,,,
2026-05-26,2476,鉅祥,-1396507.0,167000.0,0.0,-915202.0,,,,
2026-05-26,00676R,富邦臺灣加權反1,0.0,0.0,0.0,-918634.0,,,,
2026-05-26,3550,聯穎,-916850.0,0.0,0.0,-921104.0,,,,
2026-05-26,2034,允強,-920797.0,0.0,0.0,-922502.0,,,,
2026-05-26,3036,文曄,1846889.0,-2627000.0,0.0,-932749.0,,,,
2026-05-26,1229,聯華,-965000.0,1000.0,0.0,-944227.0,,,,
2026-05-26,4967,十銓,-875037.0,0.0,0.0,-949327.0,,,,
2026-05-26,2023,燁輝,-905000.0,1000.0,0.0,-967430.0,,,,
2026-05-26,3059,華晶科,-978000.0,0.0,0.0,-972202.0,,,,
2026-05-26,1310,台苯,-950000.0,0.0,0.0,-997590.0,,,,
2026-05-26,1710,東聯,-992000.0,0.0,0.0,-1013561.0,,,,
2026-05-26,00646,元大S&P500,1391.0,0.0,0.0,-1040544.0,,,,
2026-05-26,1711,永光,-1048500.0,0.0,0.0,-1051083.0,,,,
2026-05-26,1308,亞聚,-1048000.0,0.0,0.0,-1059296.0,,,,
2026-05-26,4989,榮科,-1062633.0,0.0,0.0,-1064159.0,,,,
2026-05-26,2417,圓剛,-1064969.0,0.0,0.0,-1066193.0,,,,
2026-05-26,1504,東元,-1293922.0,2224.0,0.0,-1089130.0,,,,
2026-05-26,4956,光鋐,-1111997.0,0.0,0.0,-1113997.0,,,,
2026-05-26,2022,聚亨,-1121000.0,0.0,0.0,-1121000.0,,,,
2026-05-26,8112,至上,-1068200.0,-13488.0,0.0,-1127289.0,,,,
2026-05-26,1528,恩德,-1201000.0,0.0,0.0,-1127900.0,,,,
2026-05-26,9921,巨大,-1165510.0,0.0,0.0,-1154522.0,,,,
2026-05-26,3049,精金,-1163000.0,0.0,0.0,-1170000.0,,,,
2026-05-26,6719,力智,-1225420.0,0.0,0.0,-1174630.0,,,,
2026-05-26,2104,國際中橡,-1206000.0,0.0,0.0,-1183971.0,,,,
2026-05-26,2342,茂矽,-1186360.0,0.0,0.0,-1197827.0,,,,
2026-05-26,2305,全友,-1200000.0,0.0,0.0,-1197913.0,,,,
2026-05-26,00961,FT臺灣永續高息,-1583000.0,0.0,0.0,-1211260.0,,,,
2026-05-26,8028,昇陽半導體,-660556.0,-460000.0,0.0,-1211738.0,,,,
2026-05-26,2474,可成,691811.0,-2083165.0,0.0,-1226283.0,,,,
2026-05-26,8150,南茂,-1548792.0,0.0,0.0,-1243185.0,,,,
2026-05-26,6168,宏齊,-1243000.0,0.0,0.0,-1248000.0,,,,
2026-05-26,009800,中信NASDAQ,-711990.0,0.0,0.0,-1260810.0,,,,
2026-05-26,00910,第一金太空衛星,56751.0,0.0,0.0,-1273520.0,,,,
2026-05-26,00650L,復華香港正2,509000.0,0.0,0.0,-1294977.0,,,,
2026-05-26,2331,精英,-1305500.0,0.0,0.0,-1300500.0,,,,
2026-05-26,00881,國泰台灣科技龍頭,-2379781.0,0.0,0.0,-1332437.0,,,,
2026-05-26,6962,奕力-KY,-1429812.0,0.0,0.0,-1376098.0,,,,
2026-05-26,2603,長榮,-9238448.0,7531345.0,0.0,-1380846.0,,,,
2026-05-26,00642U,期元大S&P石油,-503583.0,0.0,0.0,-1383705.0,,,,
2026-05-26,1905,華紙,-1449990.0,0.0,0.0,-1399793.0,,,,
2026-05-26,3231,緯創,-914160.0,-39470.0,0.0,-1409644.0,,,,
2026-05-26,6278,台表科,-655650.0,-879000.0,0.0,-1417985.0,,,,
2026-05-26,2328,廣宇,-1066000.0,0.0,0.0,-1444647.0,,,,
2026-05-26,6919,康霈*,-1403713.0,-12000.0,0.0,-1454007.0,,,,
2026-05-26,3013,晟銘電,-1124373.0,0.0,0.0,-1457085.0,,,,
2026-05-26,00865B,國泰US短期公債,-930000.0,0.0,0.0,-1477005.0,,,,
2026-05-26,00926,凱基全球菁英55,120000.0,0.0,0.0,-1519659.0,,,,
2026-05-26,9907,統一實,-1490000.0,-34285.0,0.0,-1529365.0,,,,
2026-05-26,2332,友訊,-1539390.0,0.0,0.0,-1553035.0,,,,
2026-05-26,9910,豐泰,-1575745.0,-7999.0,0.0,-1586409.0,,,,
2026-05-26,2363,矽統,-1225840.0,0.0,0.0,-1616725.0,,,,
2026-05-26,2393,億光,-1575000.0,-141996.0,0.0,-1722136.0,,,,
2026-05-26,6176,瑞儀,-1637680.0,-29803.0,0.0,-1753948.0,,,,
2026-05-26,2498,宏達電,-1352999.0,0.0,0.0,-1792075.0,,,,
2026-05-26,6505,台塑化,-1087950.0,-705000.0,0.0,-1853027.0,,,,
2026-05-26,1909,榮成,-1900000.0,0.0,0.0,-1924000.0,,,,
2026-05-26,3711,日月光投控,-1468340.0,-42806.0,0.0,-1946064.0,,,,
2026-05-26,4763,材料*-KY,-1956225.0,0.0,0.0,-1979542.0,,,,
2026-05-26,00753L,中信中國50正2,60000.0,0.0,0.0,-2001521.0,,,,
2026-05-26,8422,可寧衛*,-1870809.0,-172000.0,0.0,-2030131.0,,,,
2026-05-26,2548,華固,-2045575.0,0.0,0.0,-2053856.0,,,,
2026-05-26,1326,台化,-2185902.0,0.0,0.0,-2060618.0,,,,
2026-05-26,2615,萬海,-2706004.0,554263.0,0.0,-2092873.0,,,,
2026-05-26,5876,上海商銀,-4789993.0,2571193.0,0.0,-2187869.0,,,,
2026-05-26,6120,達運,-2188000.0,0.0,0.0,-2233662.0,,,,
2026-05-26,00830,國泰費城半導體,-1719022.0,0.0,0.0,-2322470.0,,,,
2026-05-26,2327,國巨*,-3752033.0,124208.0,0.0,-2424120.0,,,,
2026-05-26,2374,佳能,-2360206.0,0.0,0.0,-2446750.0,,,,
2026-05-26,00685L,群益臺灣加權正2,-3920.0,0.0,0.0,-2461271.0,,,,
2026-05-26,00662,富邦NASDAQ,-1303560.0,0.0,0.0,-2462451.0,,,,
2026-05-26,4904,遠傳,-4823736.0,2042000.0,0.0,-2488221.0,,,,
2026-05-26,2455,全新,-2546810.0,-160000.0,0.0,-2745398.0,,,,
2026-05-26,1727,中華化,-2969555.0,0.0,0.0,-2968397.0,,,,
2026-05-26,5871,中租-KY,-4173897.0,1320164.0,0.0,-2971391.0,,,,
2026-05-26,0052,富邦科技,-908010.0,0.0,0.0,-3007472.0,,,,
2026-05-26,2382,廣達,-16003301.0,12747842.0,0.0,-3051384.0,,,,
2026-05-26,00927,群益半導體收益,360100.0,0.0,0.0,-3109316.0,,,,
2026-05-26,2371,大同,-3074104.0,-14708.0,0.0,-3228167.0,,,,
2026-05-26,2441,超豐,-3708852.0,521000.0,0.0,-3277299.0,,,,
2026-05-26,2486,一詮,-3165677.0,0.0,0.0,-3332207.0,,,,
2026-05-26,00715L,期街口布蘭特正2,-566000.0,0.0,0.0,-3409036.0,,,,
2026-05-26,4906,正文,-3245632.0,0.0,0.0,-3409383.0,,,,
2026-05-26,3035,智原,-2743550.0,0.0,0.0,-3468634.0,,,,
2026-05-26,2485,兆赫,-3747948.0,0.0,0.0,-3641917.0,,,,
2026-05-26,009805,新光美國電力基建,-3067000.0,0.0,0.0,-3643128.0,,,,
2026-05-26,1314,中石化,-3457000.0,0.0,0.0,-3659174.0,,,,
2026-05-26,2323,中環,-3501000.0,0.0,0.0,-3784359.0,,,,
2026-05-26,00935,野村臺灣新科技50,-4082368.0,400000.0,0.0,-3857820.0,,,,
2026-05-26,3016,嘉晶,-4043726.0,0.0,0.0,-3915843.0,,,,
2026-05-26,2886,兆豐金,-13078568.0,9291110.0,0.0,-3931864.0,,,,
2026-05-26,5880,合庫金,-4136843.0,2756.0,0.0,-4102087.0,,,,
2026-05-26,2388,威盛,-3418859.0,0.0,0.0,-4109339.0,,,,
2026-05-26,009802,富邦旗艦50,-5609000.0,0.0,0.0,-4113479.0,,,,
2026-05-26,2105,正新,-4022000.0,-389750.0,0.0,-4214593.0,,,,
2026-05-26,3576,聯合再生,-4197395.0,0.0,0.0,-4250334.0,,,,
2026-05-26,2912,統一超,-6633036.0,2358202.0,0.0,-4255396.0,,,,
2026-05-26,1708,東鹼,-4469000.0,0.0,0.0,-4539209.0,,,,
2026-05-26,00984A,主動安聯台灣高息,-3817000.0,0.0,0.0,-4560917.0,,,,
2026-05-26,2515,中工,-4631736.0,0.0,0.0,-4635392.0,,,,
2026-05-26,2014,中鴻,-4602700.0,0.0,0.0,-4647970.0,,,,
2026-05-26,1216,統一,-9592611.0,4813000.0,0.0,-4999328.0,,,,
2026-05-26,2377,微星,-4938080.0,-156989.0,0.0,-5344406.0,,,,
2026-05-26,3045,台灣大,-11129340.0,5075000.0,0.0,-5838002.0,,,,
2026-05-26,9904,寶成,-5286000.0,-769249.0,0.0,-6153101.0,,,,
2026-05-26,1301,台塑,-6955448.0,-202000.0,0.0,-6994503.0,,,,
2026-05-26,2412,中華電,-9162006.0,1832000.0,0.0,-7092979.0,,,,
2026-05-26,6443,元晶,-7566950.0,0.0,0.0,-8068038.0,,,,
2026-05-26,2330,台積電,-7748559.0,-597289.0,0.0,-8248077.0,,,,
2026-05-26,2618,長榮航,-24050280.0,14604788.0,0.0,-8372402.0,,,,
2026-05-26,00712,復華富時不動產,55000.0,0.0,0.0,-8464283.0,,,,
2026-05-26,2027,大成鋼,-7447878.0,-509000.0,0.0,-8665361.0,,,,
2026-05-26,00631L,元大台灣50正2,232107.0,-730000.0,0.0,-9018261.0,,,,
2026-05-26,2633,台灣高鐵,-9529687.0,-10500.0,0.0,-9562409.0,,,,
2026-05-26,00990A,主動元大AI新經濟,-10303513.0,0.0,0.0,-9694236.0,,,,
2026-05-26,2402,毅嘉,-8063575.0,-2303000.0,0.0,-10302141.0,,,,
2026-05-26,2801,彰銀,-10303227.0,-145122.0,0.0,-10424349.0,,,,
2026-05-26,00984D,主動聯博全球非投,-18000.0,0.0,0.0,-10804395.0,,,,
2026-05-26,1102,亞泥,-10694384.0,-570966.0,0.0,-11313546.0,,,,
2026-05-26,2892,第一金,-12748614.0,5000.0,0.0,-12667614.0,,,,
2026-05-26,2883,凱基金,-3861478.0,-8860260.0,0.0,-12681559.0,,,,
2026-05-26,2353,宏碁,-11880496.0,-534000.0,0.0,-13856034.0,,,,
2026-05-26,00632R,元大台灣50反1,3008286.0,0.0,0.0,-14145861.0,,,,
2026-05-26,2367,燿華,-14539296.0,0.0,0.0,-14951395.0,,,,
2026-05-26,1101,台泥,-15528696.0,-2000.0,0.0,-15414987.0,,,,
2026-05-26,2880,華南金,-31853207.0,14856000.0,0.0,-17051499.0,,,,
2026-05-26,2313,華通,-13228850.0,-3381000.0,0.0,-17576165.0,,,,
2026-05-26,2610,華航,-17686116.0,-44427.0,0.0,-17846517.0,,,,
2026-05-26,0050,元大台灣50,-14392651.0,2131000.0,0.0,-21592319.0,,,,
2026-05-26,1402,遠東新,-12768513.0,-11065000.0,0.0,-23835264.0,,,,
2026-05-26,2356,英業達,-31655076.0,8891000.0,0.0,-24496786.0,,,,
2026-05-26,2002,中鋼,-25412012.0,10000.0,0.0,-25178262.0,,,,
2026-05-26,00988A,主動統一全球創新,-9588047.0,0.0,0.0,-36389047.0,,,,
2026-05-26,6116,彩晶,-34299664.0,0.0,0.0,-38167602.0,,,,
2026-05-26,00981A,主動統一台股增長,-32900853.0,12600000.0,0.0,-39090137.0,,,,
2026-05-26,2324,仁寶,-15249264.0,-28022000.0,0.0,-44681137.0,,,,
2026-05-26,009816,凱基台灣TOP50,-11843432.0,0.0,0.0,-48217651.0,,,,
2026-05-26,2409,友達,-166129539.0,121946.0,0.0,-169469205.0,,,,
2026-05-26,3481,群創,-202889796.0,-2712696.0,0.0,-219925504.0,,,,
