trade_date,stock_id,stock_name,foreign_net_buy,investment_trust_net_buy,dealer_net_buy,total_institutional_net_buy,foreign_buy_days,investment_trust_buy_days,institutional_buy_ratio,institutional_warning
2026-05-15,3481,群創,91015772.0,-314422.0,0.0,87830694.0,,,,
2026-05-15,009820,元大納斯達克精選,37316000.0,0.0,0.0,62026000.0,,,,
2026-05-15,2317,鴻海,59174537.0,386141.0,0.0,59381225.0,,,,
2026-05-15,6770,力積電,56009088.0,-4000.0,0.0,56202478.0,,,,
2026-05-15,00919,群益台灣精選高息,169401.0,0.0,0.0,55270659.0,,,,
2026-05-15,2303,聯電,9418319.0,39167313.0,0.0,45327083.0,,,,
2026-05-15,2344,華邦電,16049723.0,25824074.0,0.0,42384246.0,,,,
2026-05-15,2887,台新新光金,47700517.0,-10937257.0,0.0,32872605.0,,,,
2026-05-15,00680L,元大美債20正2,-247000.0,0.0,0.0,29622300.0,,,,
2026-05-15,2881,富邦金,60621808.0,-36752819.0,0.0,24221733.0,,,,
2026-05-15,2027,大成鋼,23026874.0,-1115000.0,0.0,22093919.0,,,,
2026-05-15,009819,中信數據及電力,-10980.0,0.0,0.0,21366266.0,,,,
2026-05-15,00940,元大台灣價值高息,4997079.0,0.0,0.0,18732351.0,,,,
2026-05-15,00400A,主動國泰動能高息,8808113.0,0.0,0.0,17345818.0,,,,
2026-05-15,6239,力成,15569647.0,-45000.0,0.0,15603268.0,,,,
2026-05-15,2356,英業達,13576887.0,-101479.0,0.0,13131406.0,,,,
2026-05-15,00997A,主動群益美國增長,699480.0,0.0,0.0,10720075.0,,,,
2026-05-15,1216,統一,11335141.0,-707000.0,0.0,10435802.0,,,,
2026-05-15,2327,國巨*,5182204.0,6011015.0,0.0,10339651.0,,,,
2026-05-15,2409,友達,9703363.0,-13601.0,0.0,8313439.0,,,,
2026-05-15,2882,國泰金,29280568.0,-20902490.0,0.0,8107995.0,,,,
2026-05-15,2892,第一金,8162254.0,-67592.0,0.0,7952690.0,,,,
2026-05-15,00915,凱基優選高股息30,-356000.0,0.0,0.0,7751999.0,,,,
2026-05-15,2891,中信金,13250209.0,-5769603.0,0.0,7339669.0,,,,
2026-05-15,2374,佳能,6650983.0,0.0,0.0,7159995.0,,,,
2026-05-15,00929,復華台灣科技優息,239424.0,0.0,0.0,6967795.0,,,,
2026-05-15,2105,正新,6374998.0,-57015.0,0.0,6224644.0,,,,
2026-05-15,3006,晶豪科,5364799.0,0.0,0.0,5085393.0,,,,
2026-05-15,2886,兆豐金,5511972.0,-76252.0,0.0,5065720.0,,,,
2026-05-15,00918,大華優利高填息30,874200.0,0.0,0.0,4836440.0,,,,
2026-05-15,9105,泰金寶-DR,4910000.0,0.0,0.0,4818700.0,,,,
2026-05-15,6257,矽格,2304020.0,242000.0,0.0,4753685.0,,,,
2026-05-15,00753L,中信中國50正2,-1100000.0,0.0,0.0,4728859.0,,,,
2026-05-15,4540,全球傳動,4459013.0,0.0,0.0,4500013.0,,,,
2026-05-15,3048,益登,3763055.0,0.0,0.0,4425599.0,,,,
2026-05-15,5876,上海商銀,4626870.0,-101128.0,0.0,4358742.0,,,,
2026-05-15,00713,元大台灣高息低波,-2860492.0,1580000.0,0.0,4343769.0,,,,
2026-05-15,2867,三商壽,4642000.0,0.0,0.0,4302000.0,,,,
2026-05-15,00939,統一台灣高息動能,-1324000.0,0.0,0.0,4172965.0,,,,
2026-05-15,3090,日電貿,2722900.0,985000.0,0.0,4148596.0,,,,
2026-05-15,2449,京元電子,3760275.0,47501.0,0.0,3912602.0,,,,
2026-05-15,3704,合勤控,3822000.0,0.0,0.0,3821772.0,,,,
2026-05-15,009805,新光美國電力基建,-23648.0,0.0,0.0,3803352.0,,,,
2026-05-15,9914,美利達,3661192.0,0.0,0.0,3711327.0,,,,
2026-05-15,2312,金寶,4208000.0,0.0,0.0,3668171.0,,,,
2026-05-15,4906,正文,3591720.0,0.0,0.0,3580321.0,,,,
2026-05-15,2365,昆盈,3386000.0,0.0,0.0,3431050.0,,,,
2026-05-15,3045,台灣大,3585784.0,-307721.0,0.0,3405063.0,,,,
2026-05-15,2489,瑞軒,3049100.0,425700.0,0.0,3377392.0,,,,
2026-05-15,6005,群益證,3652000.0,-346000.0,0.0,3306000.0,,,,
2026-05-15,1904,正隆,3262094.0,0.0,0.0,3239062.0,,,,
2026-05-15,8926,台汽電,3184107.0,0.0,0.0,3184108.0,,,,
2026-05-15,2392,正崴,2561365.0,0.0,0.0,3174389.0,,,,
2026-05-15,6285,啟碁,3510497.0,-60000.0,0.0,3120413.0,,,,
2026-05-15,2855,統一證,2544000.0,547500.0,0.0,3091500.0,,,,
2026-05-15,1582,信錦,2945988.0,0.0,0.0,3067469.0,,,,
2026-05-15,3033,威健,3322000.0,0.0,0.0,2953666.0,,,,
2026-05-15,2890,永豐金,9355914.0,-5903971.0,0.0,2947212.0,,,,
2026-05-15,3305,昇貿,2634865.0,0.0,0.0,2945646.0,,,,
2026-05-15,2464,盟立,2732650.0,0.0,0.0,2945202.0,,,,
2026-05-15,2542,興富發,2525307.0,571100.0,0.0,2910902.0,,,,
2026-05-15,3149,正達,2873000.0,0.0,0.0,2872636.0,,,,
2026-05-15,00909,國泰數位支付服務,762000.0,0.0,0.0,2726071.0,,,,
2026-05-15,00922,國泰台灣領袖50,1035727.0,0.0,0.0,2649382.0,,,,
2026-05-15,00885,富邦越南,861102.0,0.0,0.0,2635264.0,,,,
2026-05-15,00900,富邦特選高股息30,34050.0,0.0,0.0,2612561.0,,,,
2026-05-15,2412,中華電,2323021.0,41672.0,0.0,2569693.0,,,,
2026-05-15,1605,華新,937940.0,1147340.0,0.0,2519666.0,,,,
2026-05-15,2388,威盛,2281000.0,0.0,0.0,2463219.0,,,,
2026-05-15,4916,事欣科,2041503.0,0.0,0.0,2329234.0,,,,
2026-05-15,6446,藥華藥,2164649.0,-1000.0,0.0,2203503.0,,,,
2026-05-15,4526,東台,2170300.0,0.0,0.0,2197401.0,,,,
2026-05-15,3645,達邁,2316487.0,0.0,0.0,2193284.0,,,,
2026-05-15,3673,TPK-KY,2085341.0,0.0,0.0,2181000.0,,,,
2026-05-15,00996A,主動兆豐台灣豐收,-255970.0,0.0,0.0,2145654.0,,,,
2026-05-15,1727,中華化,2137557.0,0.0,0.0,2138481.0,,,,
2026-05-15,2478,大毅,2034122.0,0.0,0.0,2065395.0,,,,
2026-05-15,6215,和椿,1712477.0,0.0,0.0,2049259.0,,,,
2026-05-15,4904,遠傳,2219484.0,-183018.0,0.0,2042466.0,,,,
2026-05-15,2492,華新科,1909951.0,0.0,0.0,2000937.0,,,,
2026-05-15,2359,所羅門,1729029.0,0.0,0.0,1921795.0,,,,
2026-05-15,3714,富采,2017629.0,0.0,0.0,1870521.0,,,,
2026-05-15,1810,和成,1847800.0,0.0,0.0,1855800.0,,,,
2026-05-15,006208,富邦台50,-177496.0,0.0,0.0,1852548.0,,,,
2026-05-15,2884,玉山金,3384231.0,-1504403.0,0.0,1815311.0,,,,
2026-05-15,2401,凌陽,1778850.0,0.0,0.0,1770841.0,,,,
2026-05-15,00983A,主動中信ARK創新,35000.0,0.0,0.0,1752455.0,,,,
2026-05-15,9933,中鼎,1838518.0,0.0,0.0,1747928.0,,,,
2026-05-15,4989,榮科,1743012.0,0.0,0.0,1735038.0,,,,
2026-05-15,3413,京鼎,1573976.0,-1000.0,0.0,1620289.0,,,,
2026-05-15,3711,日月光投控,657293.0,418901.0,0.0,1525616.0,,,,
2026-05-15,3062,建漢,1525000.0,0.0,0.0,1525279.0,,,,
2026-05-15,6672,騰輝電子-KY,1339660.0,0.0,0.0,1450202.0,,,,
2026-05-15,2049,上銀,486518.0,914000.0,0.0,1411552.0,,,,
2026-05-15,00642U,期元大S&P石油,-23147.0,0.0,0.0,1399007.0,,,,
2026-05-15,00902,中信電池及儲能,-58000.0,0.0,0.0,1381332.0,,,,
2026-05-15,00631L,元大台灣50正2,10420856.0,0.0,0.0,1376069.0,,,,
2026-05-15,6213,聯茂,1640662.0,-40000.0,0.0,1331818.0,,,,
2026-05-15,1907,永豐餘,1298000.0,0.0,0.0,1303418.0,,,,
2026-05-15,6834,天二科技,1336230.0,0.0,0.0,1273219.0,,,,
2026-05-15,2375,凱美,1566000.0,0.0,0.0,1183522.0,,,,
2026-05-15,00936,台新永續高息中小,198000.0,0.0,0.0,1158947.0,,,,
2026-05-15,6531,愛普*,-999060.0,2136000.0,0.0,1126396.0,,,,
2026-05-15,6206,飛捷,1258201.0,-105800.0,0.0,1119453.0,,,,
2026-05-15,3576,聯合再生,1094000.0,0.0,0.0,1093613.0,,,,
2026-05-15,00910,第一金太空衛星,243134.0,0.0,0.0,1091848.0,,,,
2026-05-15,5388,中磊,1094050.0,0.0,0.0,1053143.0,,,,
2026-05-15,0056,元大高股息,-8699713.0,1230000.0,0.0,973819.0,,,,
2026-05-15,3034,聯詠,952316.0,286597.0,0.0,953598.0,,,,
2026-05-15,2436,偉詮電,1004100.0,0.0,0.0,942882.0,,,,
2026-05-15,1721,三晃,902050.0,0.0,0.0,910050.0,,,,
2026-05-15,3702,大聯大,1718472.0,-822000.0,0.0,880214.0,,,,
2026-05-15,4576,大銀微系統,724159.0,0.0,0.0,856435.0,,,,
2026-05-15,2351,順德,980000.0,0.0,0.0,851696.0,,,,
2026-05-15,6155,鈞寶,848837.0,0.0,0.0,850692.0,,,,
2026-05-15,2072,世紀風電,790082.0,60000.0,0.0,850082.0,,,,
2026-05-15,8033,雷虎,880574.0,0.0,0.0,843574.0,,,,
2026-05-15,00401A,主動摩根台灣鑫收,1186099.0,0.0,0.0,843305.0,,,,
2026-05-15,9921,巨大,870666.0,0.0,0.0,842357.0,,,,
2026-05-15,009802,富邦旗艦50,-189000.0,0.0,0.0,821847.0,,,,
2026-05-15,7788,松川精密,829600.0,0.0,0.0,820837.0,,,,
2026-05-15,2915,潤泰全,810735.0,-2000.0,0.0,808269.0,,,,
2026-05-15,6806,森崴能源,805873.0,0.0,0.0,805873.0,,,,
2026-05-15,8163,達方,636543.0,0.0,0.0,797071.0,,,,
2026-05-15,3036,文曄,-622494.0,1412870.0,0.0,785832.0,,,,
2026-05-15,6789,采鈺,732797.0,8000.0,0.0,765413.0,,,,
2026-05-15,3042,晶技,747374.0,-3000.0,0.0,756787.0,,,,
2026-05-15,2455,全新,896075.0,-4000.0,0.0,753439.0,,,,
2026-05-15,3008,大立光,619101.0,-2918.0,0.0,752720.0,,,,
2026-05-15,00949,復華日本龍頭,-87000.0,0.0,0.0,743865.0,,,,
2026-05-15,3406,玉晶光,701938.0,4000.0,0.0,725762.0,,,,
2026-05-15,2399,映泰,601000.0,0.0,0.0,712810.0,,,,
2026-05-15,8374,羅昇,641000.0,0.0,0.0,698920.0,,,,
2026-05-15,2543,皇昌,835764.0,0.0,0.0,697107.0,,,,
2026-05-15,2405,輔信,680000.0,0.0,0.0,697000.0,,,,
2026-05-15,3563,牧德,614284.0,0.0,0.0,689588.0,,,,
2026-05-15,4956,光鋐,676313.0,0.0,0.0,676313.0,,,,
2026-05-15,5521,工信,759000.0,0.0,0.0,675000.0,,,,
2026-05-15,5484,慧友,648000.0,0.0,0.0,654365.0,,,,
2026-05-15,00763U,期街口道瓊銅,233000.0,0.0,0.0,653390.0,,,,
2026-05-15,3028,增你強,628457.0,265700.0,0.0,640464.0,,,,
2026-05-15,009811,統一美國50,204000.0,0.0,0.0,617000.0,,,,
2026-05-15,1210,大成,628730.0,-49000.0,0.0,576730.0,,,,
2026-05-15,3026,禾伸堂,693400.0,-28000.0,0.0,569800.0,,,,
2026-05-15,00965,元大航太防衛科技,-13900.0,-149000.0,0.0,566982.0,,,,
2026-05-15,3596,智易,562033.0,0.0,0.0,562922.0,,,,
2026-05-15,4306,炎洲,560000.0,0.0,0.0,560000.0,,,,
2026-05-15,3209,全科,499021.0,0.0,0.0,557735.0,,,,
2026-05-15,6698,旭暉應材,540009.0,0.0,0.0,555617.0,,,,
2026-05-15,2305,全友,550000.0,0.0,0.0,551558.0,,,,
2026-05-15,009817,國泰日本不動產,129000.0,0.0,0.0,546773.0,,,,
2026-05-15,009813,貝萊德標普卓越50,-1000.0,0.0,0.0,528632.0,,,,
2026-05-15,00757,統一FANG+,-17858.0,0.0,0.0,528397.0,,,,
2026-05-15,00989A,主動摩根美國科技,-2190000.0,0.0,0.0,521389.0,,,,
2026-05-15,4585,達明,457265.0,0.0,0.0,507078.0,,,,
2026-05-15,1514,亞力,522041.0,0.0,0.0,504267.0,,,,
2026-05-15,9910,豐泰,517650.0,-18000.0,0.0,503780.0,,,,
2026-05-15,3528,安馳,504400.0,0.0,0.0,503709.0,,,,
2026-05-15,2402,毅嘉,670999.0,0.0,0.0,502201.0,,,,
2026-05-15,3518,柏騰,489000.0,0.0,0.0,493000.0,,,,
2026-05-15,6456,GIS-KY,491019.0,0.0,0.0,492385.0,,,,
2026-05-15,3443,創意,1116076.0,-531282.0,0.0,487202.0,,,,
2026-05-15,4746,台耀,263000.0,214000.0,0.0,473850.0,,,,
2026-05-15,00984D,主動聯博全球非投,0.0,0.0,0.0,472511.0,,,,
2026-05-15,4722,國精化,490998.0,0.0,0.0,454229.0,,,,
2026-05-15,00985A,主動野村台灣50,-290000.0,0.0,0.0,452017.0,,,,
2026-05-15,4555,氣立,425400.0,0.0,0.0,445053.0,,,,
2026-05-15,3049,精金,426000.0,0.0,0.0,429439.0,,,,
2026-05-15,8464,億豐,431722.0,0.0,0.0,421163.0,,,,
2026-05-15,3550,聯穎,422765.0,0.0,0.0,421006.0,,,,
2026-05-15,4919,新唐,457641.0,1000.0,0.0,413165.0,,,,
2026-05-15,00932,兆豐永續高息等權,-811000.0,0.0,0.0,407564.0,,,,
2026-05-15,6669,緯穎,460259.0,-20794.0,0.0,401864.0,,,,
2026-05-15,00701,國泰股利精選30,-98000.0,0.0,0.0,401070.0,,,,
2026-05-15,9939,宏全,129684.0,249000.0,0.0,383727.0,,,,
2026-05-15,4562,穎漢,380000.0,0.0,0.0,382075.0,,,,
2026-05-15,6197,佳必琪,390527.0,0.0,0.0,374624.0,,,,
2026-05-15,2342,茂矽,363124.0,0.0,0.0,370829.0,,,,
2026-05-15,5285,界霖,341070.0,0.0,0.0,370616.0,,,,
2026-05-15,2419,仲琦,394014.0,0.0,0.0,366493.0,,,,
2026-05-15,2912,統一超,364709.0,-1000.0,0.0,365704.0,,,,
2026-05-15,00971,野村美國研發龍頭,-61000.0,0.0,0.0,360019.0,,,,
2026-05-15,2476,鉅祥,256000.0,180000.0,0.0,343307.0,,,,
2026-05-15,00923,群益台ESG低碳50,50020.0,0.0,0.0,341154.0,,,,
2026-05-15,006205,富邦上証,-2000.0,0.0,0.0,337685.0,,,,
2026-05-15,6442,光聖,828696.0,-493036.0,0.0,330907.0,,,,
2026-05-15,2030,彰源,312000.0,0.0,0.0,328000.0,,,,
2026-05-15,2540,愛山林,291034.0,0.0,0.0,325123.0,,,,
2026-05-15,00930,永豐ESG低碳高息,-165000.0,0.0,0.0,324721.0,,,,
2026-05-15,1528,恩德,325500.0,0.0,0.0,323299.0,,,,
2026-05-15,6224,聚鼎,320563.0,0.0,0.0,320563.0,,,,
2026-05-15,6491,晶碩,295416.0,0.0,0.0,308505.0,,,,
2026-05-15,00655L,國泰中國A50正2,-100000.0,0.0,0.0,306844.0,,,,
2026-05-15,5531,鄉林,305000.0,0.0,0.0,305000.0,,,,
2026-05-15,3437,榮創,302000.0,0.0,0.0,301000.0,,,,
2026-05-15,3032,偉訓,305463.0,0.0,0.0,298729.0,,,,
2026-05-15,6994,富威電力,295000.0,0.0,0.0,297587.0,,,,
2026-05-15,6426,統新,294993.0,0.0,0.0,291709.0,,,,
2026-05-15,6472,保瑞,418735.0,0.0,0.0,282609.0,,,,
2026-05-15,7750,新代,298419.0,2000.0,0.0,281830.0,,,,
2026-05-15,6579,研揚,280000.0,0.0,0.0,278608.0,,,,
2026-05-15,4915,致伸,335021.0,-78000.0,0.0,274892.0,,,,
2026-05-15,00653L,富邦印度正2,-4000.0,0.0,0.0,262593.0,,,,
2026-05-15,009812,野村日本東證,-80000.0,0.0,0.0,262462.0,,,,
2026-05-15,00946,群益科技高息成長,-93000.0,0.0,0.0,258778.0,,,,
2026-05-15,6205,詮欣,264858.0,0.0,0.0,256065.0,,,,
2026-05-15,4976,佳凌,194769.0,0.0,0.0,255624.0,,,,
2026-05-15,3583,辛耘,60083.0,195000.0,0.0,255147.0,,,,
2026-05-15,2428,興勤,292400.0,0.0,0.0,254884.0,,,,
2026-05-15,3661,世芯-KY,400839.0,-80901.0,0.0,250002.0,,,,
2026-05-15,7711,永擎,249100.0,0.0,0.0,248964.0,,,,
2026-05-15,3591,艾笛森,246000.0,0.0,0.0,247421.0,,,,
2026-05-15,1536,和大,267511.0,0.0,0.0,239938.0,,,,
2026-05-15,00634R,富邦上証反1,0.0,0.0,0.0,235999.0,,,,
2026-05-15,2597,潤弘,232320.0,0.0,0.0,232320.0,,,,
2026-05-15,9934,成霖,185015.0,0.0,0.0,232015.0,,,,
2026-05-15,6550,北極星藥業-KY,231000.0,0.0,0.0,232000.0,,,,
2026-05-15,00645,富邦日本,18.0,0.0,0.0,226787.0,,,,
2026-05-15,00675L,富邦臺灣加權正2,-18100.0,0.0,0.0,225434.0,,,,
2026-05-15,8016,矽創,441000.0,-111000.0,0.0,224262.0,,,,
2026-05-15,00670L,富邦NASDAQ正2,60000.0,0.0,0.0,222746.0,,,,
2026-05-15,3686,達能,220000.0,0.0,0.0,219012.0,,,,
2026-05-15,00688L,國泰20年美債正2,-271000.0,0.0,0.0,207996.0,,,,
2026-05-15,1309,台達化,210000.0,0.0,0.0,207797.0,,,,
2026-05-15,4571,鈞興-KY,294878.0,0.0,0.0,206308.0,,,,
2026-05-15,8103,瀚荃,802650.0,-594000.0,0.0,205288.0,,,,
2026-05-15,6449,鈺邦,248000.0,0.0,0.0,203799.0,,,,
2026-05-15,8210,勤誠,-5711.0,200000.0,0.0,202432.0,,,,
2026-05-15,6589,台康生技,179000.0,0.0,0.0,196954.0,,,,
2026-05-15,1305,華夏,219000.0,0.0,0.0,196943.0,,,,
2026-05-15,8422,可寧衛*,306796.0,-2000.0,0.0,196128.0,,,,
2026-05-15,2727,王品,135000.0,64000.0,0.0,195597.0,,,,
2026-05-15,00896,中信綠能及電動車,-362000.0,0.0,0.0,195248.0,,,,
2026-05-15,6715,嘉基,69124.0,133000.0,0.0,191684.0,,,,
2026-05-15,4551,智伸科,201000.0,0.0,0.0,187960.0,,,,
2026-05-15,3055,蔚華科,225697.0,0.0,0.0,181132.0,,,,
2026-05-15,6831,邁科,101684.0,89090.0,0.0,181010.0,,,,
2026-05-15,4977,眾達-KY,248850.0,0.0,0.0,179585.0,,,,
2026-05-15,2497,怡利電,178375.0,0.0,0.0,178340.0,,,,
2026-05-15,3717,聯嘉投控,150000.0,0.0,0.0,177000.0,,,,
2026-05-15,00960,野村全球航運龍頭,-5000.0,0.0,0.0,174555.0,,,,
2026-05-15,6890,來億-KY,161088.0,0.0,0.0,172798.0,,,,
2026-05-15,2243,宏旭-KY,172000.0,0.0,0.0,169000.0,,,,
2026-05-15,00917,中信特選金融,-90000.0,0.0,0.0,167640.0,,,,
2026-05-15,6272,驊陞,168000.0,0.0,0.0,166000.0,,,,
2026-05-15,1713,國化,156000.0,0.0,0.0,161000.0,,,,
2026-05-15,2634,漢翔,191093.0,0.0,0.0,159580.0,,,,
2026-05-15,2417,圓剛,155213.0,0.0,0.0,155077.0,,,,
2026-05-15,1909,榮成,156000.0,0.0,0.0,155000.0,,,,
2026-05-15,2395,研華,192967.0,-6359.0,0.0,153655.0,,,,
2026-05-15,2302,麗正,155078.0,0.0,0.0,153078.0,,,,
2026-05-15,3694,海華,102000.0,0.0,0.0,152347.0,,,,
2026-05-15,6658,聯策,143000.0,0.0,0.0,148000.0,,,,
2026-05-15,8105,凌巨,154500.0,0.0,0.0,144500.0,,,,
2026-05-15,8454,富邦媒,138646.0,-382.0,0.0,141989.0,,,,
2026-05-15,7610,聯友金屬-創,139000.0,0.0,0.0,141255.0,,,,
2026-05-15,3138,耀登,148928.0,0.0,0.0,140956.0,,,,
2026-05-15,1540,喬福,139000.0,0.0,0.0,138000.0,,,,
2026-05-15,00717,富邦美國特別股,3000.0,0.0,0.0,138000.0,,,,
2026-05-15,1587,吉茂,132000.0,0.0,0.0,132361.0,,,,
2026-05-15,3004,豐達科,114482.0,15000.0,0.0,129482.0,,,,
2026-05-15,00692,富邦公司治理,-54936.0,0.0,0.0,129136.0,,,,
2026-05-15,4583,台灣精銳,123510.0,0.0,0.0,127807.0,,,,
2026-05-15,00901,永豐智能車供應鏈,-78000.0,0.0,0.0,127528.0,,,,
2026-05-15,00956,中信日經高股息,47000.0,0.0,0.0,122906.0,,,,
2026-05-15,00652,富邦印度,-4100.0,0.0,0.0,122572.0,,,,
2026-05-15,1773,勝一,121615.0,0.0,0.0,122010.0,,,,
2026-05-15,3041,揚智,117000.0,0.0,0.0,118290.0,,,,
2026-05-15,8249,菱光,116000.0,0.0,0.0,117990.0,,,,
2026-05-15,00943,兆豐電子高息等權,110000.0,0.0,0.0,117808.0,,,,
2026-05-15,1903,士紙,114000.0,0.0,0.0,115865.0,,,,
2026-05-15,1736,喬山,109000.0,0.0,0.0,114000.0,,,,
2026-05-15,009809,富邦淨零ESG50,73000.0,0.0,0.0,113741.0,,,,
2026-05-15,00987A,主動台新優勢成長,28000.0,0.0,0.0,112982.0,,,,
2026-05-15,2032,新鋼,106107.0,0.0,0.0,111107.0,,,,
2026-05-15,3338,泰碩,104528.0,0.0,0.0,110617.0,,,,
2026-05-15,00926,凱基全球菁英55,0.0,0.0,0.0,109000.0,,,,
2026-05-15,00916,國泰全球品牌50,250000.0,0.0,0.0,108000.0,,,,
2026-05-15,1809,中釉,21938.0,0.0,0.0,106938.0,,,,
2026-05-15,2630,亞航,104000.0,0.0,0.0,106254.0,,,,
2026-05-15,00893,國泰智能電動車,-51958.0,0.0,0.0,105994.0,,,,
2026-05-15,00640L,富邦日本正2,-49000.0,0.0,0.0,103614.0,,,,
2026-05-15,6885,全福生技,105000.0,0.0,0.0,103000.0,,,,
2026-05-15,6598,ABC-KY,102000.0,0.0,0.0,103000.0,,,,
2026-05-15,00944,野村趨勢動能高息,-204000.0,0.0,0.0,102023.0,,,,
2026-05-15,2911,麗嬰房,0.0,0.0,0.0,102000.0,,,,
2026-05-15,3047,訊舟,72000.0,0.0,0.0,99639.0,,,,
2026-05-15,6405,悅城,-2000.0,0.0,0.0,98964.0,,,,
2026-05-15,8028,昇陽半導體,111563.0,0.0,0.0,96900.0,,,,
2026-05-15,2360,致茂,-131923.0,245910.0,0.0,96426.0,,,,
2026-05-15,6909,創控,95036.0,0.0,0.0,96036.0,,,,
2026-05-15,3501,維熹,96998.0,0.0,0.0,95364.0,,,,
2026-05-15,00731,復華富時高息低波,-52000.0,0.0,0.0,93885.0,,,,
2026-05-15,0055,元大MSCI金融,-5900.0,0.0,0.0,93593.0,,,,
2026-05-15,6605,帝寶,96000.0,0.0,0.0,93209.0,,,,
2026-05-15,6142,友勁,93000.0,0.0,0.0,93000.0,,,,
2026-05-15,4960,誠美材,93000.0,0.0,0.0,93000.0,,,,
2026-05-15,9955,佳龍,96000.0,0.0,0.0,93000.0,,,,
2026-05-15,00897,富邦基因免疫生技,236000.0,0.0,0.0,92597.0,,,,
2026-05-15,5284,jpp-KY,123843.0,0.0,0.0,92204.0,,,,
2026-05-15,009801,中信美國創新科技,-8000.0,0.0,0.0,91393.0,,,,
2026-05-15,6202,盛群,95120.0,0.0,0.0,89729.0,,,,
2026-05-15,9941,裕融,160064.0,-55000.0,0.0,89064.0,,,,
2026-05-15,1597,直得,35990.0,0.0,0.0,85892.0,,,,
2026-05-15,2438,翔耀,86000.0,0.0,0.0,85000.0,,,,
2026-05-15,2444,兆勁,85000.0,0.0,0.0,85000.0,,,,
2026-05-15,00972,野村日本動能高息,0.0,0.0,0.0,83127.0,,,,
2026-05-15,1451,年興,88000.0,0.0,0.0,83000.0,,,,
2026-05-15,009818,華南永昌NASDAQxT,7018.0,0.0,0.0,82000.0,,,,
2026-05-15,5222,全訊,86300.0,0.0,0.0,80219.0,,,,
2026-05-15,6838,台新藥,76000.0,0.0,0.0,76000.0,,,,
2026-05-15,00706L,期元大S&P日圓正2,7000.0,0.0,0.0,75138.0,,,,
2026-05-15,2427,三商電,66000.0,0.0,0.0,75000.0,,,,
2026-05-15,2483,百容,67015.0,0.0,0.0,74015.0,,,,
2026-05-15,1590,亞德客-KY,389084.0,-296233.0,0.0,73504.0,,,,
2026-05-15,2379,瑞昱,172844.0,19535.0,0.0,73496.0,,,,
2026-05-15,2420,新巨,73005.0,0.0,0.0,70005.0,,,,
2026-05-15,6790,永豐實,75000.0,0.0,0.0,69552.0,,,,
2026-05-15,7821,神數,67861.0,0.0,0.0,67861.0,,,,
2026-05-15,3094,聯傑,62009.0,0.0,0.0,63469.0,,,,
2026-05-15,4961,天鈺,87871.0,0.0,0.0,63371.0,,,,
2026-05-15,2069,運錩,60000.0,0.0,0.0,63000.0,,,,
2026-05-15,4536,拓凱,63000.0,0.0,0.0,62411.0,,,,
2026-05-15,4952,凌通,61055.0,0.0,0.0,62023.0,,,,
2026-05-15,6805,富世達,128240.0,-56000.0,0.0,62007.0,,,,
2026-05-15,00911,兆豐洲際半導體,5106.0,0.0,0.0,59050.0,,,,
2026-05-15,7749,意騰-KY,0.0,52000.0,0.0,57773.0,,,,
2026-05-15,3605,宏致,327365.0,0.0,0.0,56069.0,,,,
2026-05-15,1526,日馳,52000.0,0.0,0.0,54000.0,,,,
2026-05-15,4771,望隼,52100.0,0.0,0.0,52100.0,,,,
2026-05-15,4155,訊映,52000.0,0.0,0.0,52000.0,,,,
2026-05-15,3447,展達,51000.0,0.0,0.0,51000.0,,,,
2026-05-15,00638R,元大滬深300反1,0.0,0.0,0.0,50000.0,,,,
2026-05-15,1308,亞聚,121000.0,0.0,0.0,49838.0,,,,
2026-05-15,2233,宇隆,43000.0,0.0,0.0,49261.0,,,,
2026-05-15,2440,太空梭,50000.0,0.0,0.0,49000.0,,,,
2026-05-15,3653,健策,207944.0,-52918.0,0.0,48976.0,,,,
2026-05-15,00710B,復華彭博非投等債,41000.0,0.0,0.0,48464.0,,,,
2026-05-15,1529,樂事綠能,47806.0,0.0,0.0,47806.0,,,,
2026-05-15,00648R,元大S&P500反1,12000.0,0.0,0.0,46800.0,,,,
2026-05-15,3705,永信,46020.0,0.0,0.0,46020.0,,,,
2026-05-15,6189,豐藝,33011.0,-1000.0,0.0,46011.0,,,,
2026-05-15,1563,巧新,43000.0,0.0,0.0,46000.0,,,,
2026-05-15,2415,錩新,43000.0,0.0,0.0,45000.0,,,,
2026-05-15,6409,旭隼,33634.0,-2106.0,0.0,44156.0,,,,
2026-05-15,3027,盛達,42015.0,0.0,0.0,44015.0,,,,
2026-05-15,00636,國泰中國A50,22000.0,0.0,0.0,43581.0,,,,
2026-05-15,00852L,國泰美國道瓊正2,11000.0,0.0,0.0,43254.0,,,,
2026-05-15,1786,科妍,37028.0,0.0,0.0,42375.0,,,,
2026-05-15,00770,國泰北美科技,-19000.0,0.0,0.0,41193.0,,,,
2026-05-15,2390,云辰,41994.0,0.0,0.0,41142.0,,,,
2026-05-15,2491,吉祥全,38000.0,0.0,0.0,41000.0,,,,
2026-05-15,8462,柏文,41000.0,0.0,0.0,41000.0,,,,
2026-05-15,1524,耿鼎,41000.0,0.0,0.0,41000.0,,,,
2026-05-15,8341,日友,40000.0,0.0,0.0,39328.0,,,,
2026-05-15,4119,旭富,42398.0,0.0,0.0,39297.0,,,,
2026-05-15,3416,融程電,52700.0,0.0,0.0,38235.0,,,,
2026-05-15,2414,精技,38000.0,0.0,0.0,38000.0,,,,
2026-05-15,1735,日勝化,36000.0,0.0,0.0,37999.0,,,,
2026-05-15,1419,新紡,36000.0,0.0,0.0,37236.0,,,,
2026-05-15,9906,欣巴巴,35000.0,0.0,0.0,37000.0,,,,
2026-05-15,6799,來頡,38000.0,0.0,0.0,36418.0,,,,
2026-05-15,3543,州巧,36000.0,0.0,0.0,36000.0,,,,
2026-05-15,00783,富邦中証500,-3000.0,0.0,0.0,35501.0,,,,
2026-05-15,3031,佰鴻,35016.0,0.0,0.0,35199.0,,,,
2026-05-15,1215,卜蜂,-467053.0,206000.0,0.0,34986.0,,,,
2026-05-15,00875,國泰網路資安,314000.0,0.0,0.0,34978.0,,,,
2026-05-15,00674R,期元大S&P黃金反1,0.0,0.0,0.0,34939.0,,,,
2026-05-15,4195,基米-創,34000.0,0.0,0.0,34000.0,,,,
2026-05-15,8404,百和興業-KY,36000.0,0.0,0.0,34000.0,,,,
2026-05-15,8162,微矽電子-創,24000.0,0.0,0.0,33834.0,,,,
2026-05-15,8996,高力,-143430.0,216000.0,0.0,33352.0,,,,
2026-05-15,3057,喬鼎,34000.0,0.0,0.0,33000.0,,,,
2026-05-15,00908,富邦入息REITs+,-51000.0,0.0,0.0,32616.0,,,,
2026-05-15,00668,國泰美國道瓊,-1000.0,0.0,0.0,31533.0,,,,
2026-05-15,00737,國泰AI機器人,51000.0,0.0,0.0,31201.0,,,,
2026-05-15,3533,嘉澤,94711.0,3108.0,0.0,31172.0,,,,
2026-05-15,1446,宏和,32000.0,0.0,0.0,31000.0,,,,
2026-05-15,3535,晶彩科,30405.0,0.0,0.0,30346.0,,,,
2026-05-15,00666R,富邦恒生國企反1,0.0,0.0,0.0,30030.0,,,,
2026-05-15,4764,雙鍵,55000.0,0.0,0.0,30000.0,,,,
2026-05-15,3308,聯德,27000.0,0.0,0.0,29508.0,,,,
2026-05-15,00851,台新全球AI,-1000.0,0.0,0.0,28994.0,,,,
2026-05-15,6862,三集瑞-KY,23678.0,0.0,0.0,28281.0,,,,
2026-05-15,2527,宏璟,27000.0,0.0,0.0,26995.0,,,,
2026-05-15,2025,千興,3000.0,0.0,0.0,26000.0,,,,
2026-05-15,7822,倍利科,27000.0,0.0,0.0,26000.0,,,,
2026-05-15,6277,宏正,26000.0,0.0,0.0,25690.0,,,,
2026-05-15,1783,和康生,17000.0,0.0,0.0,25000.0,,,,
2026-05-15,2231,為升,21000.0,0.0,0.0,24436.0,,,,
2026-05-15,00899,FT潔淨能源,-18000.0,0.0,0.0,23771.0,,,,
2026-05-15,5306,桂盟,26000.0,0.0,0.0,23000.0,,,,
2026-05-15,1304,台聚,80408.0,0.0,0.0,22804.0,,,,
2026-05-15,6192,巨路,18000.0,0.0,0.0,22145.0,,,,
2026-05-15,3712,永崴投控,37000.0,0.0,0.0,22000.0,,,,
2026-05-15,2059,川湖,73732.0,-48968.0,0.0,21631.0,,,,
2026-05-15,020020,元大台股領航N,0.0,0.0,0.0,21000.0,,,,
2026-05-15,6541,泰福-KY,20001.0,0.0,0.0,20938.0,,,,
2026-05-15,2423,固緯,44980.0,0.0,0.0,20913.0,,,,
2026-05-15,3532,台勝科,-132650.0,0.0,0.0,20359.0,,,,
2026-05-15,00683L,期元大美元指正2,-16000.0,0.0,0.0,20073.0,,,,
2026-05-15,00625K,富邦上証+R,0.0,0.0,0.0,20000.0,,,,
2026-05-15,2459,敦吉,20000.0,0.0,0.0,20000.0,,,,
2026-05-15,6573,虹揚-KY,20000.0,0.0,0.0,20000.0,,,,
2026-05-15,2702,華園,18000.0,0.0,0.0,20000.0,,,,
2026-05-15,00707R,期元大S&P日圓反1,0.0,0.0,0.0,20000.0,,,,
2026-05-15,00982T,平衡兆豐台美動能,-2000.0,0.0,0.0,19208.0,,,,
2026-05-15,3617,碩天,1000.0,0.0,0.0,19081.0,,,,
2026-05-15,8104,錸寶,18039.0,0.0,0.0,19039.0,,,,
2026-05-15,9918,欣天然,19000.0,0.0,0.0,19000.0,,,,
2026-05-15,2908,特力,19000.0,0.0,0.0,19000.0,,,,
2026-05-15,020031,統一IC設計臺灣N,0.0,0.0,0.0,19000.0,,,,
2026-05-15,00647L,元大S&P500正2,2000.0,0.0,0.0,18796.0,,,,
2026-05-15,4807,日成-KY,18000.0,0.0,0.0,18004.0,,,,
2026-05-15,3043,科風,14000.0,0.0,0.0,17000.0,,,,
2026-05-15,7721,微程式,17000.0,0.0,0.0,17000.0,,,,
2026-05-15,2430,燦坤,17000.0,0.0,0.0,17000.0,,,,
2026-05-15,2739,寒舍,17000.0,0.0,0.0,17000.0,,,,
2026-05-15,5288,豐祥-KY,18000.0,0.0,0.0,16590.0,,,,
2026-05-15,910861,神州-DR,16000.0,0.0,0.0,16000.0,,,,
2026-05-15,2516,新建,19000.0,0.0,0.0,16000.0,,,,
2026-05-15,5215,科嘉-KY,30000.0,0.0,0.0,15012.0,,,,
2026-05-15,1623,大東電,55000.0,0.0,0.0,15004.0,,,,
2026-05-15,6796,晉弘,15000.0,0.0,0.0,15000.0,,,,
2026-05-15,1539,巨庭,15000.0,0.0,0.0,15000.0,,,,
2026-05-15,2453,凌群,18000.0,0.0,0.0,14000.0,,,,
2026-05-15,006207,復華滬深,-32000.0,0.0,0.0,13948.0,,,,
2026-05-15,3530,晶相光,13977.0,0.0,0.0,13668.0,,,,
2026-05-15,6243,迅杰,13000.0,0.0,0.0,13600.0,,,,
2026-05-15,1598,岱宇,13352.0,0.0,0.0,13352.0,,,,
2026-05-15,1516,川飛,13000.0,0.0,0.0,13000.0,,,,
2026-05-15,3046,建碁,13000.0,0.0,0.0,13000.0,,,,
2026-05-15,6902,GOGOLOOK,12000.0,0.0,0.0,12999.0,,,,
2026-05-15,00728,第一金工業30,-31000.0,0.0,0.0,12724.0,,,,
2026-05-15,1256,鮮活果汁-KY,12240.0,0.0,0.0,12240.0,,,,
2026-05-15,1473,台南,12010.0,0.0,0.0,12010.0,,,,
2026-05-15,3040,遠見,12000.0,0.0,0.0,12000.0,,,,
2026-05-15,2883B,凱基金乙特,5000.0,0.0,0.0,12000.0,,,,
2026-05-15,009803,玉山市值動能50,-169000.0,230000.0,0.0,11170.0,,,,
2026-05-15,5258,虹堡,13150.0,0.0,0.0,10995.0,,,,
2026-05-15,2114,鑫永銓,11000.0,0.0,0.0,10172.0,,,,
2026-05-15,1342,八貫,10000.0,0.0,0.0,10000.0,,,,
2026-05-15,9942,茂順,9000.0,0.0,0.0,10000.0,,,,
2026-05-15,1437,勤益控,11000.0,0.0,0.0,10000.0,,,,
2026-05-15,3030,德律,-23725.0,47000.0,0.0,9811.0,,,,
2026-05-15,6226,光鼎,4500.0,0.0,0.0,9500.0,,,,
2026-05-15,5471,松翰,-6000.0,0.0,0.0,9459.0,,,,
2026-05-15,8438,昶昕,9115.0,0.0,0.0,9093.0,,,,
2026-05-15,6756,威鋒電子,8000.0,0.0,0.0,8764.0,,,,
2026-05-15,1339,昭輝,4000.0,0.0,0.0,8753.0,,,,
2026-05-15,3450,聯鈞,292944.0,-171000.0,0.0,7267.0,,,,
2026-05-15,6921,嘉雨思-創,-1000.0,0.0,0.0,7000.0,,,,
2026-05-15,8487,愛爾達-創,6000.0,0.0,0.0,7000.0,,,,
2026-05-15,1512,瑞利,7000.0,0.0,0.0,7000.0,,,,
2026-05-15,2431,聯昌,5000.0,0.0,0.0,7000.0,,,,
2026-05-15,2506,太設,4000.0,0.0,0.0,7000.0,,,,
2026-05-15,2466,冠西電,5000.0,0.0,0.0,7000.0,,,,
2026-05-15,2380,虹光,7000.0,0.0,0.0,7000.0,,,,
2026-05-15,9919,康那香,7000.0,0.0,0.0,7000.0,,,,
2026-05-15,8467,波力-KY,6000.0,0.0,0.0,6000.0,,,,
2026-05-15,6794,向榮生技,6000.0,0.0,0.0,6000.0,,,,
2026-05-15,00681R,元大美債20反1,7000.0,0.0,0.0,5030.0,,,,
2026-05-15,020029,元大ESG高股息N,0.0,0.0,0.0,5000.0,,,,
2026-05-15,6887,寶綠特-KY,3000.0,0.0,0.0,5000.0,,,,
2026-05-15,8466,美吉吉-KY,5000.0,0.0,0.0,5000.0,,,,
2026-05-15,2881B,富邦金乙特,-1000.0,0.0,0.0,5000.0,,,,
2026-05-15,6958,日盛台駿,7000.0,0.0,0.0,5000.0,,,,
2026-05-15,1463,強盛新,4000.0,0.0,0.0,5000.0,,,,
2026-05-15,2887E,台新新光戊特一,5000.0,0.0,0.0,5000.0,,,,
2026-05-15,00639,富邦深100,-74000.0,0.0,0.0,4809.0,,,,
2026-05-15,0053,元大電子,3005.0,0.0,0.0,4190.0,,,,
2026-05-15,3002,歐格,4000.0,0.0,0.0,4126.0,,,,
2026-05-15,00912,中信臺灣智慧50,216052.0,0.0,0.0,4072.0,,,,
2026-05-15,1438,三地開發,-1000.0,0.0,0.0,4000.0,,,,
2026-05-15,1568,倉佑,7000.0,0.0,0.0,4000.0,,,,
2026-05-15,2480,敦陽科,4000.0,0.0,0.0,3674.0,,,,
2026-05-15,6525,捷敏-KY,18630.0,0.0,0.0,3407.0,,,,
2026-05-15,00962,台新AI優息動能,-308000.0,0.0,0.0,3068.0,,,,
2026-05-15,00689R,國泰20年美債反1,0.0,0.0,0.0,3020.0,,,,
2026-05-15,3130,一零四,3000.0,0.0,0.0,3000.0,,,,
2026-05-15,4441,振大環球,3000.0,0.0,0.0,3000.0,,,,
2026-05-15,3679,新至陞,2000.0,0.0,0.0,3000.0,,,,
2026-05-15,9924,福興,-2954.0,0.0,0.0,2046.0,,,,
2026-05-15,910322,康師傅-DR,2000.0,0.0,0.0,2000.0,,,,
2026-05-15,4426,利勤,2000.0,0.0,0.0,2000.0,,,,
2026-05-15,4439,冠星-KY,3000.0,0.0,0.0,2000.0,,,,
2026-05-15,5546,永固-KY,3000.0,0.0,0.0,2000.0,,,,
2026-05-15,2882B,國泰金乙特,0.0,0.0,0.0,2000.0,,,,
2026-05-15,3432,台端,2000.0,0.0,0.0,2000.0,,,,
2026-05-15,1236,宏亞,0.0,0.0,0.0,2000.0,,,,
2026-05-15,1341,富林-KY,2000.0,0.0,0.0,2000.0,,,,
2026-05-15,6641,基士德-KY,1000.0,0.0,0.0,1002.0,,,,
2026-05-15,7736,虎山,0.0,0.0,0.0,1000.0,,,,
2026-05-15,1537,廣隆,1000.0,0.0,0.0,1000.0,,,,
2026-05-15,1459,聯發,1000.0,0.0,0.0,1000.0,,,,
2026-05-15,2434,統懋,1000.0,0.0,0.0,1000.0,,,,
2026-05-15,2891C,中信金丙特,0.0,0.0,0.0,1000.0,,,,
2026-05-15,00703,台新MSCI中國,0.0,0.0,0.0,637.0,,,,
2026-05-15,00714,群益道瓊美國地產,-1000.0,0.0,0.0,545.0,,,,
2026-05-15,00711B,復華彭博新興債,-2000.0,0.0,0.0,0.0,,,,
2026-05-15,1454,台富,1000.0,0.0,0.0,0.0,,,,
2026-05-15,2712,遠雄來,0.0,0.0,0.0,0.0,,,,
2026-05-15,8481,政伸,0.0,0.0,0.0,0.0,,,,
2026-05-15,6835,圓裕,0.0,0.0,0.0,0.0,,,,
2026-05-15,6671,三能-KY,-1000.0,0.0,0.0,0.0,,,,
2026-05-15,5907,大洋-KY,0.0,0.0,0.0,0.0,,,,
2026-05-15,020037,元大金融高股息N,0.0,0.0,0.0,0.0,,,,
2026-05-15,6581,鋼聯,0.0,0.0,0.0,0.0,,,,
2026-05-15,3025,星通,-2000.0,0.0,0.0,-357.0,,,,
2026-05-15,1307,三芳,-2000.0,0.0,0.0,-498.0,,,,
2026-05-15,00682U,期元大美元指數,0.0,0.0,0.0,-928.0,,,,
2026-05-15,6225,天瀚,-1000.0,0.0,0.0,-950.0,,,,
2026-05-15,6655,科定,-1000.0,0.0,0.0,-1000.0,,,,
2026-05-15,6666,羅麗芬-KY,-5000.0,0.0,0.0,-1000.0,,,,
2026-05-15,6908,宏碁遊戲-創,0.0,0.0,0.0,-1000.0,,,,
2026-05-15,6955,邦睿生技-創,-1000.0,0.0,0.0,-1000.0,,,,
2026-05-15,9928,中視,0.0,0.0,0.0,-1000.0,,,,
2026-05-15,2910,統領,-1000.0,0.0,0.0,-1000.0,,,,
2026-05-15,2838A,聯邦銀甲特,-1000.0,0.0,0.0,-1000.0,,,,
2026-05-15,3168,眾福科,1000.0,0.0,0.0,-1000.0,,,,
2026-05-15,4581,光隆精密-KY,-1000.0,0.0,0.0,-1000.0,,,,
2026-05-15,4169,泰宗,-1000.0,0.0,0.0,-1000.0,,,,
2026-05-15,1101B,台泥乙特,0.0,0.0,0.0,-1000.0,,,,
2026-05-15,1441,大東,-1000.0,0.0,0.0,-1000.0,,,,
2026-05-15,1472,三洋實業,0.0,0.0,0.0,-1000.0,,,,
2026-05-15,1521,大億,-1000.0,0.0,0.0,-1000.0,,,,
2026-05-15,020032,元大綠能N,0.0,0.0,0.0,-1000.0,,,,
2026-05-15,2024,志聯,-1000.0,0.0,0.0,-1000.0,,,,
2026-05-15,2314,台揚,-1000.0,0.0,0.0,-1000.0,,,,
2026-05-15,2008,高興昌,-1000.0,0.0,0.0,-1000.0,,,,
2026-05-15,2397,友通,-1000.0,0.0,0.0,-1000.0,,,,
2026-05-15,02001R,富邦蘋果反一N,0.0,0.0,0.0,-1000.0,,,,
2026-05-15,6771,平和環保-創,-1000.0,0.0,0.0,-1000.0,,,,
2026-05-15,00678,群益那斯達克生技,161000.0,0.0,0.0,-1011.0,,,,
2026-05-15,2227,裕日車,1941.0,0.0,0.0,-1059.0,,,,
2026-05-15,7823,奧義賽博-KY創,3000.0,0.0,0.0,-1069.0,,,,
2026-05-15,1464,得力,-2086.0,0.0,0.0,-1086.0,,,,
2026-05-15,0057,富邦摩台,0.0,0.0,0.0,-1327.0,,,,
2026-05-15,3052,夆典,-2000.0,0.0,0.0,-2000.0,,,,
2026-05-15,2432,倚天酷碁-創,0.0,0.0,0.0,-2000.0,,,,
2026-05-15,9929,秋雨,-4000.0,0.0,0.0,-2000.0,,,,
2026-05-15,00775B,新光投等債15+,-2000.0,0.0,0.0,-2000.0,,,,
2026-05-15,1233,天仁,-2000.0,0.0,0.0,-2000.0,,,,
2026-05-15,9912,偉聯,-2000.0,0.0,0.0,-2000.0,,,,
2026-05-15,8482,商億-KY,-2000.0,0.0,0.0,-2000.0,,,,
2026-05-15,7732,金興精密,-2000.0,0.0,0.0,-2000.0,,,,
2026-05-15,006204,永豐臺灣加權,-2000.0,0.0,0.0,-2099.0,,,,
2026-05-15,2850,新產,4920.0,-7000.0,0.0,-2110.0,,,,
2026-05-15,006206,元大上證50,-9000.0,0.0,0.0,-2465.0,,,,
2026-05-15,00771,元大US高息特別股,0.0,0.0,0.0,-3000.0,,,,
2026-05-15,00702,國泰標普低波高息,0.0,0.0,0.0,-3000.0,,,,
2026-05-15,1324,地球,-3000.0,0.0,0.0,-3000.0,,,,
2026-05-15,2248,華勝-KY,-3000.0,0.0,0.0,-3000.0,,,,
2026-05-15,020036,元大金融配息N,0.0,0.0,0.0,-3000.0,,,,
2026-05-15,2945,三商家購,-3000.0,0.0,0.0,-3000.0,,,,
2026-05-15,7765,中華資安,-3000.0,0.0,0.0,-3000.0,,,,
2026-05-15,8443,阿瘦,-3000.0,0.0,0.0,-3000.0,,,,
2026-05-15,8411,福貞-KY,-2000.0,0.0,0.0,-3000.0,,,,
2026-05-15,020030,統一智慧電動車N,0.0,0.0,0.0,-3000.0,,,,
2026-05-15,7730,暉盛-創,-3000.0,0.0,0.0,-3084.0,,,,
2026-05-15,2468,華經,-3000.0,0.0,0.0,-3440.0,,,,
2026-05-15,3164,景岳,-11900.0,0.0,0.0,-3900.0,,,,
2026-05-15,4572,駐龍,-4000.0,0.0,0.0,-4000.0,,,,
2026-05-15,6969,成信實業*-創,1000.0,0.0,0.0,-4000.0,,,,
2026-05-15,6931,青松健康,-4000.0,0.0,0.0,-4000.0,,,,
2026-05-15,2496,卓越,-5000.0,0.0,0.0,-4000.0,,,,
2026-05-15,2373,震旦行,-4000.0,0.0,0.0,-4000.0,,,,
2026-05-15,1413,宏洲,-4000.0,0.0,0.0,-4000.0,,,,
2026-05-15,1806,冠軍,-4000.0,0.0,0.0,-4000.0,,,,
2026-05-15,6807,峰源-KY,-4000.0,0.0,0.0,-4000.0,,,,
2026-05-15,4930,燦星網,-5000.0,0.0,0.0,-5000.0,,,,
2026-05-15,1443,立益物流,-6000.0,0.0,0.0,-5000.0,,,,
2026-05-15,2701,萬企,-5000.0,0.0,0.0,-5000.0,,,,
2026-05-15,1805,寶徠,-6000.0,0.0,0.0,-5000.0,,,,
2026-05-15,1235,興泰,-5000.0,0.0,0.0,-5000.0,,,,
2026-05-15,3311,閎暉,-11000.0,0.0,0.0,-5000.0,,,,
2026-05-15,2901,欣欣,-5000.0,0.0,0.0,-5000.0,,,,
2026-05-15,9937,全國,-5000.0,0.0,0.0,-5515.0,,,,
2026-05-15,4590,富田-創,-4000.0,0.0,0.0,-5527.0,,,,
2026-05-15,006203,元大MSCI台灣,0.0,0.0,0.0,-5712.0,,,,
2026-05-15,00895,富邦未來車,-36000.0,0.0,0.0,-5904.0,,,,
2026-05-15,1465,偉全,-6000.0,0.0,0.0,-6000.0,,,,
2026-05-15,1439,雋揚,-8000.0,0.0,0.0,-6000.0,,,,
2026-05-15,1626,艾美特-KY,-6000.0,0.0,0.0,-6000.0,,,,
2026-05-15,9944,新麗,-6000.0,0.0,0.0,-6000.0,,,,
2026-05-15,8940,新天地,-6000.0,0.0,0.0,-6000.0,,,,
2026-05-15,3054,立萬利,-7000.0,0.0,0.0,-6683.0,,,,
2026-05-15,3588,通嘉,-5921.0,0.0,0.0,-6921.0,,,,
2026-05-15,1418,東華,-7000.0,0.0,0.0,-7000.0,,,,
2026-05-15,6952,大武山,-7000.0,0.0,0.0,-7000.0,,,,
2026-05-15,6668,中揚光,-6000.0,0.0,0.0,-7000.0,,,,
2026-05-15,009804,聯邦台精彩50,-50000.0,0.0,0.0,-7065.0,,,,
2026-05-15,1203,味王,-8250.0,0.0,0.0,-7250.0,,,,
2026-05-15,1456,怡華,-5000.0,0.0,0.0,-8000.0,,,,
2026-05-15,00903,富邦元宇宙,-57000.0,0.0,0.0,-8000.0,,,,
2026-05-15,1726,永記,-8000.0,0.0,0.0,-8000.0,,,,
2026-05-15,3150,鈺寶-創,-18000.0,0.0,0.0,-8000.0,,,,
2026-05-15,4935,茂林-KY,-8000.0,0.0,0.0,-8000.0,,,,
2026-05-15,1323,永裕,-8000.0,0.0,0.0,-8000.0,,,,
2026-05-15,6792,詠業,-8000.0,0.0,0.0,-8000.0,,,,
2026-05-15,1232,大統益,-8000.0,0.0,0.0,-8000.0,,,,
2026-05-15,00938,凱基優選30,128000.0,0.0,0.0,-8643.0,,,,
2026-05-15,1730,花仙子,-9000.0,0.0,0.0,-8657.0,,,,
2026-05-15,0061,元大寶滬深,0.0,0.0,0.0,-8854.0,,,,
2026-05-15,1616,億泰,-8000.0,0.0,0.0,-8886.0,,,,
2026-05-15,3419,譁裕,-8934.0,0.0,0.0,-8934.0,,,,
2026-05-15,4994,傳奇,-9000.0,0.0,0.0,-9000.0,,,,
2026-05-15,4552,力達-KY,-9000.0,0.0,0.0,-9000.0,,,,
2026-05-15,6936,永鴻生技,-9000.0,0.0,0.0,-9000.0,,,,
2026-05-15,8201,無敵,-9000.0,0.0,0.0,-9000.0,,,,
2026-05-15,1541,錩泰,-7000.0,0.0,0.0,-9000.0,,,,
2026-05-15,1423,利華,-1000.0,0.0,0.0,-9000.0,,,,
2026-05-15,020028,元大特選電動車N,1000.0,0.0,0.0,-9000.0,,,,
2026-05-15,4770,上品,0.0,0.0,0.0,-9000.0,,,,
2026-05-15,8070,長華*,27000.0,0.0,0.0,-9586.0,,,,
2026-05-15,1906,寶隆,-11000.0,0.0,0.0,-9798.0,,,,
2026-05-15,2012,春雨,-8000.0,0.0,0.0,-10000.0,,,,
2026-05-15,1468,昶和,-9000.0,0.0,0.0,-10000.0,,,,
2026-05-15,7631,聚賢研發-創,-10000.0,0.0,0.0,-10000.0,,,,
2026-05-15,6645,金萬林-創,-9000.0,0.0,0.0,-10080.0,,,,
2026-05-15,7722,LINEPAY,-9083.0,0.0,0.0,-10404.0,,,,
2026-05-15,1723,中碳,-6000.0,0.0,0.0,-10821.0,,,,
2026-05-15,2015,豐興,-4000.0,-9000.0,0.0,-11000.0,,,,
2026-05-15,2722,夏都,-11000.0,0.0,0.0,-11000.0,,,,
2026-05-15,1530,亞崴,-7000.0,0.0,0.0,-11000.0,,,,
2026-05-15,1410,南染,-11000.0,0.0,0.0,-12000.0,,,,
2026-05-15,00660,元大歐洲50,0.0,0.0,0.0,-12000.0,,,,
2026-05-15,020038,元大ESG配息N,0.0,0.0,0.0,-12000.0,,,,
2026-05-15,6504,南六,-12000.0,0.0,0.0,-12000.0,,,,
2026-05-15,6674,鋐寶科技,-10000.0,0.0,0.0,-12000.0,,,,
2026-05-15,4148,全宇生技-KY,-11000.0,0.0,0.0,-12000.0,,,,
2026-05-15,1315,達新,-12000.0,0.0,0.0,-12000.0,,,,
2026-05-15,6988,威力暘-創,-6000.0,0.0,0.0,-12435.0,,,,
2026-05-15,6933,AMAX-KY,-11000.0,0.0,0.0,-12446.0,,,,
2026-05-15,6754,匯僑設計,-12000.0,0.0,0.0,-12490.0,,,,
2026-05-15,6183,關貿,-13000.0,0.0,0.0,-12706.0,,,,
2026-05-15,6214,精誠,-8350.0,-1000.0,0.0,-12891.0,,,,
2026-05-15,8367,建新國際,-12000.0,0.0,0.0,-13000.0,,,,
2026-05-15,8473,山林水,-13000.0,0.0,0.0,-13000.0,,,,
2026-05-15,3652,精聯,-13000.0,0.0,0.0,-13000.0,,,,
2026-05-15,4438,廣越,-16000.0,0.0,0.0,-13000.0,,,,
2026-05-15,3494,誠研,-11000.0,0.0,0.0,-13000.0,,,,
2026-05-15,1338,廣華-KY,-14000.0,0.0,0.0,-13000.0,,,,
2026-05-15,1475,業旺,-14000.0,0.0,0.0,-13000.0,,,,
2026-05-15,1817,凱撒衛,-13000.0,0.0,0.0,-13250.0,,,,
2026-05-15,3356,奇偶,-13000.0,0.0,0.0,-13537.0,,,,
2026-05-15,3011,今皓,-14000.0,0.0,0.0,-14000.0,,,,
2026-05-15,4440,宜新實業,-14000.0,0.0,0.0,-14000.0,,,,
2026-05-15,4190,佐登-KY,-14000.0,0.0,0.0,-14000.0,,,,
2026-05-15,6431,光麗-KY,-14000.0,0.0,0.0,-14000.0,,,,
2026-05-15,6916,華凌,-16000.0,0.0,0.0,-14000.0,,,,
2026-05-15,3296,勝德,-15000.0,0.0,0.0,-15000.0,,,,
2026-05-15,00736,國泰新興市場,0.0,0.0,0.0,-15000.0,,,,
2026-05-15,6743,安普新,-16000.0,0.0,0.0,-16000.0,,,,
2026-05-15,5292,華懋,-19000.0,0.0,0.0,-16217.0,,,,
2026-05-15,6464,台數科,-16572.0,0.0,0.0,-16572.0,,,,
2026-05-15,009808,華南永昌優選50,-55000.0,0.0,0.0,-16790.0,,,,
2026-05-15,1453,大將,-15000.0,0.0,0.0,-17000.0,,,,
2026-05-15,1467,南緯,-17000.0,0.0,0.0,-17000.0,,,,
2026-05-15,9926,新海,-17000.0,0.0,0.0,-17000.0,,,,
2026-05-15,009810,玉山全球藍籌100,0.0,0.0,0.0,-17056.0,,,,
2026-05-15,911868,同方友友-DR,-18000.0,0.0,0.0,-18000.0,,,,
2026-05-15,7740,熙特爾-創,-12000.0,0.0,0.0,-18000.0,,,,
2026-05-15,6934,心誠鎂,-17000.0,0.0,0.0,-18000.0,,,,
2026-05-15,5007,三星,-15000.0,0.0,0.0,-18000.0,,,,
2026-05-15,6914,阜爾運通,-18097.0,0.0,0.0,-18097.0,,,,
2026-05-15,6918,愛派司,-18746.0,0.0,0.0,-18746.0,,,,
2026-05-15,2247,汎德永業,-20000.0,0.0,0.0,-19000.0,,,,
2026-05-15,4106,雃博,-19000.0,0.0,0.0,-19000.0,,,,
2026-05-15,00739,元大MSCI A股,7000.0,0.0,0.0,-20148.0,,,,
2026-05-15,6949,沛爾生醫-創,-20000.0,0.0,0.0,-20261.0,,,,
2026-05-15,00861,元大全球未來通訊,-35999.0,0.0,0.0,-20532.0,,,,
2026-05-15,4133,亞諾法,-20990.0,0.0,0.0,-20990.0,,,,
2026-05-15,7791,皇家可口,-21000.0,0.0,0.0,-21000.0,,,,
2026-05-15,9925,新保,-40000.0,0.0,0.0,-21042.0,,,,
2026-05-15,00693U,期街口S&P黃豆,0.0,0.0,0.0,-21223.0,,,,
2026-05-15,1525,江申,-19000.0,0.0,0.0,-21557.0,,,,
2026-05-15,1533,車王電,-27000.0,0.0,0.0,-22000.0,,,,
2026-05-15,1725,元禎,-22000.0,0.0,0.0,-22000.0,,,,
2026-05-15,6928,攸泰科技,-22000.0,0.0,0.0,-22000.0,,,,
2026-05-15,1517,利奇,-19990.0,0.0,0.0,-22673.0,,,,
2026-05-15,1506,正道,-23000.0,0.0,0.0,-23000.0,,,,
2026-05-15,2254,巨鎧精密-創,-27000.0,0.0,0.0,-23000.0,,,,
2026-05-15,5203,訊連,-20000.0,0.0,0.0,-23000.0,,,,
2026-05-15,6117,迎廣,-29000.0,0.0,0.0,-23000.0,,,,
2026-05-15,2904,匯僑,-21000.0,0.0,0.0,-23000.0,,,,
2026-05-15,6625,必應,-23000.0,0.0,0.0,-23153.0,,,,
2026-05-15,3092,鴻碩,-22000.0,0.0,0.0,-23245.0,,,,
2026-05-15,1466,聚隆,-18000.0,0.0,0.0,-23999.0,,,,
2026-05-15,2488,漢平,-24000.0,0.0,0.0,-24000.0,,,,
2026-05-15,9931,欣高,-24000.0,0.0,0.0,-24000.0,,,,
2026-05-15,6582,申豐,-23000.0,0.0,0.0,-24000.0,,,,
2026-05-15,00657,國泰日經225,-62000.0,0.0,0.0,-24022.0,,,,
2026-05-15,2616,山隆,-20921.0,0.0,0.0,-24352.0,,,,
2026-05-15,1445,大宇,-25000.0,0.0,0.0,-25000.0,,,,
2026-05-15,6552,易華電,-26000.0,0.0,0.0,-25000.0,,,,
2026-05-15,9943,好樂迪,-25000.0,0.0,0.0,-25000.0,,,,
2026-05-15,6951,青新-創,-25000.0,0.0,0.0,-25000.0,,,,
2026-05-15,4545,銘鈺,-25006.0,0.0,0.0,-25006.0,,,,
2026-05-15,4912,聯德控股-KY,-26924.0,0.0,0.0,-25924.0,,,,
2026-05-15,2250,IKKA-KY,-26000.0,0.0,0.0,-25992.0,,,,
2026-05-15,2433,互盛電,-26000.0,0.0,0.0,-26000.0,,,,
2026-05-15,020034,元大IC設計N,0.0,0.0,0.0,-26000.0,,,,
2026-05-15,6861,睿生光電,-24139.0,0.0,0.0,-26139.0,,,,
2026-05-15,6141,柏承,-46000.0,0.0,0.0,-26290.0,,,,
2026-05-15,9935,慶豐富,-26297.0,0.0,0.0,-26297.0,,,,
2026-05-15,6184,大豐電,-27000.0,0.0,0.0,-27000.0,,,,
2026-05-15,2239,英利-KY,-27000.0,0.0,0.0,-27000.0,,,,
2026-05-15,2545,皇翔,-31000.0,0.0,0.0,-27000.0,,,,
2026-05-15,6768,志強-KY,-21636.0,0.0,0.0,-27055.0,,,,
2026-05-15,4737,華廣,-27000.0,0.0,0.0,-28000.0,,,,
2026-05-15,3716,中化控股,-28000.0,0.0,0.0,-28000.0,,,,
2026-05-15,1583,程泰,-32000.0,0.0,0.0,-29000.0,,,,
2026-05-15,4968,立積,-16000.0,0.0,0.0,-29579.0,,,,
2026-05-15,00927,群益半導體收益,437998.0,0.0,0.0,-29735.0,,,,
2026-05-15,6657,華安,-30000.0,0.0,0.0,-30000.0,,,,
2026-05-15,8442,威宏-KY,-31000.0,0.0,0.0,-30000.0,,,,
2026-05-15,1452,宏益,-31000.0,0.0,0.0,-31000.0,,,,
2026-05-15,4557,永新-KY,-31975.0,0.0,0.0,-31999.0,,,,
2026-05-15,4566,時碩工業,-32978.0,0.0,0.0,-32978.0,,,,
2026-05-15,00654R,富邦印度反1,0.0,0.0,0.0,-33200.0,,,,
2026-05-15,2330,台積電,-3398525.0,3385792.0,0.0,-33485.0,,,,
2026-05-15,2546,根基,-33000.0,0.0,0.0,-34000.0,,,,
2026-05-15,00733,富邦臺灣中小,-142950.0,0.0,0.0,-34263.0,,,,
2026-05-15,1535,中宇,-31000.0,0.0,0.0,-35000.0,,,,
2026-05-15,2033,佳大,-35000.0,0.0,0.0,-35000.0,,,,
2026-05-15,7705,三商餐飲,-35000.0,0.0,0.0,-35000.0,,,,
2026-05-15,1321,大洋,-43669.0,0.0,0.0,-35669.0,,,,
2026-05-15,2364,倫飛,-35875.0,0.0,0.0,-35875.0,,,,
2026-05-15,2426,鼎元,-73900.0,0.0,0.0,-35900.0,,,,
2026-05-15,1733,五鼎,-28912.0,0.0,0.0,-35907.0,,,,
2026-05-15,7760,享溫馨,-21000.0,0.0,0.0,-36000.0,,,,
2026-05-15,1531,高林股,-36000.0,0.0,0.0,-36000.0,,,,
2026-05-15,00898,國泰基因免疫革命,-8000.0,0.0,0.0,-36070.0,,,,
2026-05-15,6606,建德工業,-41000.0,0.0,0.0,-37000.0,,,,
2026-05-15,4164,承業醫,-13990.0,0.0,0.0,-37505.0,,,,
2026-05-15,3050,鈺德,-42000.0,0.0,0.0,-38000.0,,,,
2026-05-15,1110,東泥,-39000.0,0.0,0.0,-39000.0,,,,
2026-05-15,6614,資拓宏宇,-39000.0,0.0,0.0,-39000.0,,,,
2026-05-15,2462,良得電,-37000.0,0.0,0.0,-39942.0,,,,
2026-05-15,6281,全國電,-40000.0,0.0,0.0,-40000.0,,,,
2026-05-15,6965,中傑-KY,-40000.0,0.0,0.0,-40000.0,,,,
2026-05-15,2477,美隆電,-48000.0,0.0,0.0,-40000.0,,,,
2026-05-15,1732,毛寶,-40000.0,0.0,0.0,-41000.0,,,,
2026-05-15,1340,勝悅-KY,-41000.0,0.0,0.0,-41000.0,,,,
2026-05-15,1231,聯華食,-41000.0,0.0,0.0,-41662.0,,,,
2026-05-15,1337,再生-KY,-42000.0,0.0,0.0,-42000.0,,,,
2026-05-15,2109,華豐,-43000.0,0.0,0.0,-42000.0,,,,
2026-05-15,2891B,中信金乙特,-3000.0,0.0,0.0,-42000.0,,,,
2026-05-15,9911,櫻花,-20039.0,0.0,0.0,-42039.0,,,,
2026-05-15,1220,台榮,-42781.0,0.0,0.0,-42781.0,,,,
2026-05-15,00913,兆豐台灣晶圓製造,-94000.0,0.0,0.0,-42919.0,,,,
2026-05-15,1731,美吾華,-52000.0,0.0,0.0,-43000.0,,,,
2026-05-15,2748,雲品,-43000.0,0.0,0.0,-43000.0,,,,
2026-05-15,2642,宅配通,-42000.0,0.0,0.0,-43000.0,,,,
2026-05-15,2424,隴華,-41000.0,0.0,0.0,-43000.0,,,,
2026-05-15,2923,鼎固-KY,-48000.0,0.0,0.0,-43000.0,,,,
2026-05-15,5225,東科-KY,-51000.0,0.0,0.0,-43361.0,,,,
2026-05-15,2514,龍邦,-44000.0,0.0,0.0,-44043.0,,,,
2026-05-15,00700,富邦恒生國企,-1000.0,0.0,0.0,-44319.0,,,,
2026-05-15,6515,穎崴,-98720.0,70536.0,0.0,-45670.0,,,,
2026-05-15,00752,中信中國50,-457900.0,0.0,0.0,-45953.0,,,,
2026-05-15,02001L,富邦蘋果正二N,0.0,0.0,0.0,-46000.0,,,,
2026-05-15,6957,裕慶-KY,-46000.0,0.0,0.0,-46000.0,,,,
2026-05-15,4560,強信-KY,-41000.0,0.0,0.0,-47000.0,,,,
2026-05-15,4108,懷特,-47000.0,0.0,0.0,-47000.0,,,,
2026-05-15,1707,葡萄王,-45000.0,0.0,0.0,-47437.0,,,,
2026-05-15,6230,尼得科超眾,-46990.0,0.0,0.0,-47457.0,,,,
2026-05-15,00876,元大全球5G,-98923.0,0.0,0.0,-48825.0,,,,
2026-05-15,2028,威致,-50000.0,0.0,0.0,-49000.0,,,,
2026-05-15,1789,神隆,-49000.0,0.0,0.0,-49000.0,,,,
2026-05-15,2706,第一店,-50000.0,0.0,0.0,-49000.0,,,,
2026-05-15,6722,輝創,-50000.0,0.0,0.0,-50000.0,,,,
2026-05-15,8463,潤泰材,-50000.0,0.0,0.0,-50000.0,,,,
2026-05-15,2887I,台新新光辛特,-51000.0,0.0,0.0,-51000.0,,,,
2026-05-15,2450,神腦,-48000.0,0.0,0.0,-51000.0,,,,
2026-05-15,3058,立德,-55000.0,0.0,0.0,-52000.0,,,,
2026-05-15,6024,群益期,-52108.0,0.0,0.0,-52108.0,,,,
2026-05-15,6526,達發,-34608.0,-1000.0,0.0,-52546.0,,,,
2026-05-15,1752,南光,-56000.0,0.0,0.0,-53000.0,,,,
2026-05-15,1416,廣豐,-53000.0,0.0,0.0,-53000.0,,,,
2026-05-15,00641R,富邦日本反1,0.0,0.0,0.0,-53000.0,,,,
2026-05-15,8072,陞泰,-46000.0,0.0,0.0,-53072.0,,,,
2026-05-15,6670,復盛應用,-67000.0,0.0,0.0,-53279.0,,,,
2026-05-15,2849,安泰銀,-55000.0,0.0,0.0,-54000.0,,,,
2026-05-15,00986A,主動台新龍頭成長,-304000.0,0.0,0.0,-55183.0,,,,
2026-05-15,6923,中台,-55000.0,0.0,0.0,-55752.0,,,,
2026-05-15,0051,元大中型100,1020.0,0.0,0.0,-56197.0,,,,
2026-05-15,5244,弘凱,-59000.0,0.0,0.0,-58000.0,,,,
2026-05-15,2316,楠梓電,59275.0,0.0,0.0,-58025.0,,,,
2026-05-15,1417,嘉裕,-58000.0,0.0,0.0,-59000.0,,,,
2026-05-15,2524,京城,-59000.0,0.0,0.0,-59000.0,,,,
2026-05-15,4104,佳醫,-61000.0,0.0,0.0,-59999.0,,,,
2026-05-15,3266,昇陽,-60000.0,0.0,0.0,-60000.0,,,,
2026-05-15,1737,臺鹽,-53000.0,0.0,0.0,-60000.0,,,,
2026-05-15,1474,弘裕,-60000.0,0.0,0.0,-60000.0,,,,
2026-05-15,00762,元大全球AI,-9000.0,0.0,0.0,-60000.0,,,,
2026-05-15,6168,宏齊,-61000.0,0.0,0.0,-60000.0,,,,
2026-05-15,6128,上福,-60000.0,0.0,0.0,-60000.0,,,,
2026-05-15,9902,台火,-60000.0,0.0,0.0,-60651.0,,,,
2026-05-15,5519,隆大,-60000.0,0.0,0.0,-60755.0,,,,
2026-05-15,020039,元大加權N,0.0,0.0,0.0,-61000.0,,,,
2026-05-15,6216,居易,-60000.0,0.0,0.0,-61405.0,,,,
2026-05-15,5538,東明-KY,-61000.0,0.0,0.0,-61936.0,,,,
2026-05-15,2328,廣宇,-45900.0,0.0,0.0,-61984.0,,,,
2026-05-15,1614,三洋電,-60000.0,0.0,0.0,-62000.0,,,,
2026-05-15,2029,盛餘,-62007.0,0.0,0.0,-62007.0,,,,
2026-05-15,6944,兆聯實業,-55147.0,0.0,0.0,-62042.0,,,,
2026-05-15,2906,高林,-54000.0,0.0,0.0,-63000.0,,,,
2026-05-15,6937,天虹,-53935.0,0.0,0.0,-63493.0,,,,
2026-05-15,3021,鴻名,-60000.0,0.0,0.0,-64000.0,,,,
2026-05-15,1560,中砂,9844.0,18000.0,0.0,-64446.0,,,,
2026-05-15,2707,晶華,-55000.0,0.0,0.0,-65000.0,,,,
2026-05-15,8429,金麗-KY,-65000.0,0.0,0.0,-65000.0,,,,
2026-05-15,2115,六暉-KY,-66000.0,0.0,0.0,-66000.0,,,,
2026-05-15,00709,富邦歐洲,-17000.0,0.0,0.0,-66000.0,,,,
2026-05-15,3669,圓展,-63000.0,0.0,0.0,-68000.0,,,,
2026-05-15,1558,伸興,-68000.0,0.0,0.0,-68242.0,,,,
2026-05-15,00656R,國泰中國A50反1,0.0,0.0,0.0,-69000.0,,,,
2026-05-15,1414,東和,-70000.0,0.0,0.0,-70000.0,,,,
2026-05-15,00921,兆豐龍頭等權重,-118000.0,0.0,0.0,-70717.0,,,,
2026-05-15,6201,亞弘電,-71000.0,0.0,0.0,-71000.0,,,,
2026-05-15,6534,正瀚-創,-73000.0,0.0,0.0,-71000.0,,,,
2026-05-15,6906,現觀科,-72000.0,0.0,0.0,-72000.0,,,,
2026-05-15,6591,動力-KY,-73000.0,0.0,0.0,-72215.0,,,,
2026-05-15,7769,鴻勁,-45087.0,-1055.0,0.0,-72475.0,,,,
2026-05-15,1760,寶齡富錦,-74000.0,0.0,0.0,-74000.0,,,,
2026-05-15,2429,銘旺科,-70001.0,0.0,0.0,-74312.0,,,,
2026-05-15,6863,永道-KY,-74000.0,0.0,0.0,-74606.0,,,,
2026-05-15,1808,潤隆,-74749.0,0.0,0.0,-74749.0,,,,
2026-05-15,6924,榮惠-KY創,-76000.0,0.0,0.0,-75588.0,,,,
2026-05-15,5533,皇鼎,-76000.0,0.0,0.0,-76000.0,,,,
2026-05-15,6689,伊雲谷,-73000.0,0.0,0.0,-76012.0,,,,
2026-05-15,8081,致新,-153000.0,0.0,0.0,-76028.0,,,,
2026-05-15,6108,競國,-81000.0,0.0,0.0,-77000.0,,,,
2026-05-15,1325,恆大,-77000.0,0.0,0.0,-77000.0,,,,
2026-05-15,5283,禾聯碩,-77901.0,0.0,0.0,-77901.0,,,,
2026-05-15,5525,順天,-77000.0,0.0,0.0,-78000.0,,,,
2026-05-15,8499,鼎炫-KY,-73000.0,0.0,0.0,-78053.0,,,,
2026-05-15,7786,東方風能,-77000.0,0.0,0.0,-79000.0,,,,
2026-05-15,9802,鈺齊-KY,-78000.0,0.0,0.0,-79000.0,,,,
2026-05-15,3346,麗清,-92000.0,0.0,0.0,-79000.0,,,,
2026-05-15,9905,大華,-80000.0,0.0,0.0,-80000.0,,,,
2026-05-15,6854,錼創科技-KY創,-81100.0,0.0,0.0,-80248.0,,,,
2026-05-15,2228,劍麟,-85816.0,0.0,0.0,-80679.0,,,,
2026-05-15,6719,力智,-79987.0,0.0,0.0,-80809.0,,,,
2026-05-15,5522,遠雄,-64970.0,-29000.0,0.0,-81970.0,,,,
2026-05-15,5706,鳳凰,-82000.0,0.0,0.0,-82000.0,,,,
2026-05-15,4942,嘉彰,-82000.0,0.0,0.0,-82000.0,,,,
2026-05-15,1457,宜進,-83000.0,0.0,0.0,-83000.0,,,,
2026-05-15,3229,晟鈦,-86000.0,0.0,0.0,-84000.0,,,,
2026-05-15,912000,晨訊科-DR,-85000.0,0.0,0.0,-85000.0,,,,
2026-05-15,2536,宏普,-86000.0,0.0,0.0,-86000.0,,,,
2026-05-15,1442,名軒,-108000.0,0.0,0.0,-86000.0,,,,
2026-05-15,6165,浪凡,-86950.0,0.0,0.0,-86950.0,,,,
2026-05-15,2038,海光,-89000.0,0.0,0.0,-87000.0,,,,
2026-05-15,1762,中化生,-89999.0,0.0,0.0,-87570.0,,,,
2026-05-15,4178,永笙-KY,-88000.0,0.0,0.0,-88000.0,,,,
2026-05-15,6781,AES-KY,-96942.0,0.0,0.0,-88639.0,,,,
2026-05-15,3257,虹冠電,-89000.0,0.0,0.0,-89000.0,,,,
2026-05-15,4949,有成精密,-93288.0,0.0,0.0,-90669.0,,,,
2026-05-15,1615,大山,-86915.0,0.0,0.0,-90915.0,,,,
2026-05-15,2236,百達-KY,-101536.0,0.0,0.0,-91536.0,,,,
2026-05-15,4999,鑫禾,-94000.0,0.0,0.0,-93017.0,,,,
2026-05-15,2482,連宇,-93890.0,0.0,0.0,-93881.0,,,,
2026-05-15,2509,全坤建,-96000.0,0.0,0.0,-95000.0,,,,
2026-05-15,5434,崇越,-75935.0,-17000.0,0.0,-95808.0,,,,
2026-05-15,2451,創見,33296.0,-47300.0,0.0,-95816.0,,,,
2026-05-15,00661,元大日經225,-9975.0,0.0,0.0,-96412.0,,,,
2026-05-15,1734,杏輝,-92955.0,0.0,0.0,-96955.0,,,,
2026-05-15,5515,建國,-96877.0,0.0,0.0,-97848.0,,,,
2026-05-15,4588,玖鼎電力,-98000.0,0.0,0.0,-98294.0,,,,
2026-05-15,2705,六福,-93996.0,0.0,0.0,-98996.0,,,,
2026-05-15,2852,第一保,-99000.0,0.0,0.0,-99000.0,,,,
2026-05-15,1617,榮星,-100978.0,0.0,0.0,-100938.0,,,,
2026-05-15,5269,祥碩,-74146.0,3000.0,0.0,-101378.0,,,,
2026-05-15,5607,遠雄港,-111988.0,0.0,0.0,-101988.0,,,,
2026-05-15,6115,鎰勝,-102000.0,0.0,0.0,-102180.0,,,,
2026-05-15,8114,振樺電,-60100.0,0.0,0.0,-102241.0,,,,
2026-05-15,9930,中聯資源,-102000.0,-1000.0,0.0,-103000.0,,,,
2026-05-15,6164,華興,-102000.0,0.0,0.0,-103000.0,,,,
2026-05-15,4755,三福化,-101000.0,0.0,0.0,-103000.0,,,,
2026-05-15,1720,生達,-103000.0,0.0,0.0,-103000.0,,,,
2026-05-15,3167,大量,-45998.0,-57000.0,0.0,-103104.0,,,,
2026-05-15,8478,東哥遊艇,-105199.0,0.0,0.0,-104875.0,,,,
2026-05-15,4736,泰博,-105000.0,0.0,0.0,-105000.0,,,,
2026-05-15,3701,大眾控,-106000.0,0.0,0.0,-105732.0,,,,
2026-05-15,6416,瑞祺電通,-99000.0,0.0,0.0,-106029.0,,,,
2026-05-15,4569,六方科-KY,-102000.0,0.0,0.0,-106878.0,,,,
2026-05-15,2486,一詮,-115950.0,0.0,0.0,-107535.0,,,,
2026-05-15,4934,太極,-120000.0,0.0,0.0,-108000.0,,,,
2026-05-15,2832,台產,-129000.0,0.0,0.0,-108182.0,,,,
2026-05-15,6477,安集,-110000.0,0.0,0.0,-109782.0,,,,
2026-05-15,1234,黑松,-109000.0,0.0,0.0,-111721.0,,,,
2026-05-15,2704,國賓,-112000.0,0.0,0.0,-112000.0,,,,
2026-05-15,8476,台境*,-113000.0,0.0,0.0,-113000.0,,,,
2026-05-15,2340,台亞,-14721.0,0.0,0.0,-114247.0,,,,
2026-05-15,2548,華固,-146870.0,37000.0,0.0,-114718.0,,,,
2026-05-15,7799,禾榮科,-114750.0,0.0,0.0,-114750.0,,,,
2026-05-15,3321,同泰,-117938.0,0.0,0.0,-116938.0,,,,
2026-05-15,2762,世界健身-KY,-118000.0,0.0,0.0,-118000.0,,,,
2026-05-15,9908,大台北,-119000.0,0.0,0.0,-118336.0,,,,
2026-05-15,6776,展碁國際,-120000.0,0.0,0.0,-120000.0,,,,
2026-05-15,00963,中信全球高股息,-241000.0,0.0,0.0,-120000.0,,,,
2026-05-15,2461,光群雷,-121000.0,0.0,0.0,-121000.0,,,,
2026-05-15,6451,訊芯-KY,-165663.0,0.0,0.0,-124043.0,,,,
2026-05-15,2207,和泰車,-107110.0,-14000.0,0.0,-124099.0,,,,
2026-05-15,00850,元大臺灣ESG永續,-446000.0,0.0,0.0,-124298.0,,,,
2026-05-15,9103,美德醫療-DR,-125000.0,0.0,0.0,-125000.0,,,,
2026-05-15,6533,晶心科,-121090.0,0.0,0.0,-125320.0,,,,
2026-05-15,6901,鑽石投資,-112000.0,0.0,0.0,-126000.0,,,,
2026-05-15,2013,中鋼構,-122000.0,0.0,0.0,-126539.0,,,,
2026-05-15,6691,洋基工程,-124000.0,-1000.0,0.0,-127493.0,,,,
2026-05-15,2816,旺旺保,-127986.0,0.0,0.0,-127986.0,,,,
2026-05-15,6592,和潤企業,-125462.0,0.0,0.0,-128487.0,,,,
2026-05-15,2441,超豐,-146451.0,-211000.0,0.0,-128843.0,,,,
2026-05-15,1432,大魯閣,-122000.0,0.0,0.0,-129000.0,,,,
2026-05-15,1460,宏遠,-129000.0,0.0,0.0,-129000.0,,,,
2026-05-15,3022,威強電,-125391.0,-1000.0,0.0,-131892.0,,,,
2026-05-15,6136,富爾特,-132000.0,0.0,0.0,-132000.0,,,,
2026-05-15,6962,奕力-KY,-117000.0,-1000.0,0.0,-134760.0,,,,
2026-05-15,2753,八方雲集,-131030.0,0.0,0.0,-136260.0,,,,
2026-05-15,2348,海悅,-141984.0,0.0,0.0,-136462.0,,,,
2026-05-15,1604,聲寶,-137000.0,0.0,0.0,-138000.0,,,,
2026-05-15,3003,健和興,-161000.0,0.0,0.0,-138224.0,,,,
2026-05-15,5243,乙盛-KY,22401.0,0.0,0.0,-139270.0,,,,
2026-05-15,6283,淳安,-141000.0,0.0,0.0,-141000.0,,,,
2026-05-15,1109,信大,-141000.0,0.0,0.0,-141000.0,,,,
2026-05-15,1471,首利,-143000.0,0.0,0.0,-142000.0,,,,
2026-05-15,1611,中電,-144013.0,0.0,0.0,-144013.0,,,,
2026-05-15,3029,零壹,-141000.0,0.0,0.0,-145502.0,,,,
2026-05-15,3515,華擎,-139041.0,0.0,0.0,-145609.0,,,,
2026-05-15,00738U,期元大道瓊白銀,471880.0,0.0,0.0,-145991.0,,,,
2026-05-15,7768,頌勝科技,-146536.0,0.0,0.0,-146536.0,,,,
2026-05-15,2471,資通,-147000.0,0.0,0.0,-147000.0,,,,
2026-05-15,2102,泰豐,-143000.0,0.0,0.0,-147000.0,,,,
2026-05-15,2723,美食-KY,-150379.0,0.0,0.0,-150329.0,,,,
2026-05-15,1225,福懋油,-145000.0,0.0,0.0,-151000.0,,,,
2026-05-15,1515,力山,-151000.0,0.0,0.0,-151264.0,,,,
2026-05-15,00643,群益深証中小,-31000.0,0.0,0.0,-151734.0,,,,
2026-05-15,8222,寶一,-149936.0,0.0,0.0,-151936.0,,,,
2026-05-15,1612,宏泰,-185000.0,0.0,0.0,-152296.0,,,,
2026-05-15,2535,達欣工,-151877.0,0.0,0.0,-152645.0,,,,
2026-05-15,4564,元翎,-159900.0,0.0,0.0,-152986.0,,,,
2026-05-15,3622,洋華,-160000.0,0.0,0.0,-156617.0,,,,
2026-05-15,1108,幸福,-157000.0,0.0,0.0,-157000.0,,,,
2026-05-15,2608,嘉里大榮,-161000.0,0.0,0.0,-158340.0,,,,
2026-05-15,6782,視陽,-259998.0,119000.0,0.0,-159230.0,,,,
2026-05-15,1776,展宇,-169000.0,0.0,0.0,-159719.0,,,,
2026-05-15,00905,FT臺灣Smart,-356800.0,0.0,0.0,-160931.0,,,,
2026-05-15,6585,鼎基,-161000.0,0.0,0.0,-161000.0,,,,
2026-05-15,1702,南僑,-171000.0,0.0,0.0,-161394.0,,,,
2026-05-15,8045,達運光電,-158000.0,0.0,0.0,-162815.0,,,,
2026-05-15,2601,益航,-163000.0,0.0,0.0,-163000.0,,,,
2026-05-15,2413,環科,-165000.0,0.0,0.0,-164366.0,,,,
2026-05-15,2613,中櫃,-153392.0,0.0,0.0,-164392.0,,,,
2026-05-15,1219,福壽,-170000.0,0.0,0.0,-165000.0,,,,
2026-05-15,6133,金橋,-165000.0,0.0,0.0,-165000.0,,,,
2026-05-15,2442,新美齊,-168000.0,0.0,0.0,-168000.0,,,,
2026-05-15,9927,泰銘,-172000.0,0.0,0.0,-172000.0,,,,
2026-05-15,2387,精元,-173000.0,0.0,0.0,-173891.0,,,,
2026-05-15,2538,基泰,-174000.0,0.0,0.0,-174000.0,,,,
2026-05-15,6695,芯鼎,-178845.0,0.0,0.0,-179793.0,,,,
2026-05-15,2338,光罩,-115000.0,0.0,0.0,-181827.0,,,,
2026-05-15,2106,建大,-175990.0,0.0,0.0,-181990.0,,,,
2026-05-15,3015,全漢,-167000.0,0.0,0.0,-182292.0,,,,
2026-05-15,4137,麗豐-KY,-182000.0,0.0,0.0,-182881.0,,,,
2026-05-15,00920,富邦ESG綠色電力,-275644.0,0.0,0.0,-183641.0,,,,
2026-05-15,2425,承啟,-184909.0,0.0,0.0,-183909.0,,,,
2026-05-15,2467,志聖,-204878.0,53000.0,0.0,-184031.0,,,,
2026-05-15,6919,康霈*,-198269.0,-5000.0,0.0,-188198.0,,,,
2026-05-15,1527,鑽全,-192000.0,0.0,0.0,-192000.0,,,,
2026-05-15,2460,建通,-192990.0,0.0,0.0,-193990.0,,,,
2026-05-15,1103,嘉泥,-193000.0,0.0,0.0,-194000.0,,,,
2026-05-15,6438,迅得,-196737.0,0.0,0.0,-195464.0,,,,
2026-05-15,3038,全台,-198000.0,0.0,0.0,-198000.0,,,,
2026-05-15,1714,和桐,-199500.0,0.0,0.0,-204783.0,,,,
2026-05-15,7795,長廣,-205000.0,0.0,0.0,-205000.0,,,,
2026-05-15,5534,長虹,-407000.0,200000.0,0.0,-205215.0,,,,
2026-05-15,00730,富邦臺灣優質高息,-333000.0,0.0,0.0,-205601.0,,,,
2026-05-15,1449,佳和,-207000.0,0.0,0.0,-206000.0,,,,
2026-05-15,3607,谷崧,-207000.0,0.0,0.0,-207000.0,,,,
2026-05-15,2612,中航,-202000.0,0.0,0.0,-207469.0,,,,
2026-05-15,00947,台新臺灣IC設計,-245330.0,0.0,0.0,-208585.0,,,,
2026-05-15,2007,燁興,-210000.0,0.0,0.0,-210000.0,,,,
2026-05-15,2905,三商,-212000.0,0.0,0.0,-211282.0,,,,
2026-05-15,2520,冠德,-201000.0,0.0,0.0,-211546.0,,,,
2026-05-15,6112,邁達特,-211000.0,0.0,0.0,-212164.0,,,,
2026-05-15,00904,新光臺灣半導體30,603964.0,0.0,0.0,-212726.0,,,,
2026-05-15,2929,淘帝-KY,-218000.0,0.0,0.0,-218000.0,,,,
2026-05-15,6742,澤米,-218451.0,0.0,0.0,-218478.0,,,,
2026-05-15,2539,櫻花建,-212974.0,0.0,0.0,-220974.0,,,,
2026-05-15,1618,合機,-224000.0,0.0,0.0,-222486.0,,,,
2026-05-15,1532,勤美,-166000.0,0.0,0.0,-225007.0,,,,
2026-05-15,2031,新光鋼,-285000.0,0.0,0.0,-225711.0,,,,
2026-05-15,2484,希華,-223000.0,0.0,0.0,-227532.0,,,,
2026-05-15,2534,宏盛,-233680.0,0.0,0.0,-227684.0,,,,
2026-05-15,6235,華孚,-232072.0,0.0,0.0,-233569.0,,,,
2026-05-15,1436,華友聯,-230000.0,0.0,0.0,-234000.0,,,,
2026-05-15,8213,志超,-226000.0,0.0,0.0,-237008.0,,,,
2026-05-15,6830,汎銓,-245363.0,0.0,0.0,-237254.0,,,,
2026-05-15,3016,嘉晶,-252809.0,0.0,0.0,-239468.0,,,,
2026-05-15,7780,大研生醫*,-226000.0,0.0,0.0,-242650.0,,,,
2026-05-15,2505,國揚,-235000.0,0.0,0.0,-245000.0,,,,
2026-05-15,9940,信義,-247000.0,0.0,0.0,-246578.0,,,,
2026-05-15,6177,達麗,-246548.0,0.0,0.0,-251002.0,,,,
2026-05-15,2611,志信,-251991.0,0.0,0.0,-251991.0,,,,
2026-05-15,6753,龍德造船,-223000.0,0.0,0.0,-253707.0,,,,
2026-05-15,6706,惠特,-240280.0,0.0,0.0,-254225.0,,,,
2026-05-15,8271,宇瞻,-226154.0,0.0,0.0,-254922.0,,,,
2026-05-15,6869,雲豹能源,-261900.0,0.0,0.0,-258637.0,,,,
2026-05-15,4766,南寶,-220038.0,-10000.0,0.0,-261428.0,,,,
2026-05-15,00651R,復華香港反1,0.0,0.0,0.0,-261500.0,,,,
2026-05-15,00907,永豐優息存股,19000.0,0.0,0.0,-261743.0,,,,
2026-05-15,6757,台灣虎航,-277000.0,0.0,0.0,-263266.0,,,,
2026-05-15,9917,中保科,-335707.0,62000.0,0.0,-263707.0,,,,
2026-05-15,6873,泓德能源,-240988.0,0.0,0.0,-263710.0,,,,
2026-05-15,9946,三發地產,-266000.0,0.0,0.0,-265000.0,,,,
2026-05-15,2108,南帝,-264271.0,0.0,0.0,-271709.0,,,,
2026-05-15,5234,達興材料,-257061.0,0.0,0.0,-275419.0,,,,
2026-05-15,00735,國泰臺韓科技,-255459.0,0.0,0.0,-279093.0,,,,
2026-05-15,2528,皇普,-280000.0,0.0,0.0,-280000.0,,,,
2026-05-15,2454,聯發科,334720.0,-347713.0,0.0,-280957.0,,,,
2026-05-15,8261,富鼎,-167889.0,0.0,0.0,-281879.0,,,,
2026-05-15,3557,嘉威,-277000.0,0.0,0.0,-282000.0,,,,
2026-05-15,2206,三陽工業,-256740.0,-30000.0,0.0,-283740.0,,,,
2026-05-15,2107,厚生,-283887.0,0.0,0.0,-283887.0,,,,
2026-05-15,2493,揚博,-167878.0,0.0,0.0,-286219.0,,,,
2026-05-15,00715L,期街口布蘭特正2,-212000.0,0.0,0.0,-289624.0,,,,
2026-05-15,1477,聚陽,-342672.0,33000.0,0.0,-292320.0,,,,
2026-05-15,1319,東陽,-171552.0,-108230.0,0.0,-292691.0,,,,
2026-05-15,2439,美律,-111000.0,-110300.0,0.0,-298117.0,,,,
2026-05-15,2731,雄獅,-298000.0,0.0,0.0,-298619.0,,,,
2026-05-15,8046,南電,1591730.0,-1748000.0,0.0,-304123.0,,,,
2026-05-15,1476,儒鴻,-298624.0,-10334.0,0.0,-309288.0,,,,
2026-05-15,2009,第一銅,-294999.0,0.0,0.0,-311480.0,,,,
2026-05-15,2495,普安,-252824.0,0.0,0.0,-313819.0,,,,
2026-05-15,3703,欣陸,-304000.0,0.0,0.0,-314234.0,,,,
2026-05-15,4532,瑞智,-306500.0,0.0,0.0,-314587.0,,,,
2026-05-15,1201,味全,-314000.0,0.0,0.0,-314717.0,,,,
2026-05-15,3051,力特,-312000.0,0.0,0.0,-315008.0,,,,
2026-05-15,2530,華建,-405000.0,0.0,0.0,-316000.0,,,,
2026-05-15,2472,立隆電,-217606.0,61000.0,0.0,-324950.0,,,,
2026-05-15,2465,麗臺,-328018.0,0.0,0.0,-327018.0,,,,
2026-05-15,2062,橋椿,-230000.0,-100000.0,0.0,-330000.0,,,,
2026-05-15,1312,國喬,-367000.0,0.0,0.0,-333863.0,,,,
2026-05-15,3708,上緯投控,-315000.0,0.0,0.0,-333865.0,,,,
2026-05-15,1709,和益,-324000.0,0.0,0.0,-337000.0,,,,
2026-05-15,3023,信邦,-335218.0,-1117.0,0.0,-344652.0,,,,
2026-05-15,00982D,主動富邦動態入息,-72000.0,0.0,0.0,-347000.0,,,,
2026-05-15,3014,聯陽,-350385.0,-1000.0,0.0,-350420.0,,,,
2026-05-15,2362,藍天,-355000.0,0.0,0.0,-352641.0,,,,
2026-05-15,3060,銘異,-354000.0,0.0,0.0,-353005.0,,,,
2026-05-15,2383,台光電,-106632.0,-178856.0,0.0,-353982.0,,,,
2026-05-15,2851,中再保,187000.0,0.0,0.0,-359656.0,,,,
2026-05-15,2607,榮運,-339000.0,0.0,0.0,-364000.0,,,,
2026-05-15,00941,中信上游半導體,-836714.0,0.0,0.0,-373760.0,,,,
2026-05-15,8011,台通,-385000.0,0.0,0.0,-387000.0,,,,
2026-05-15,2020,美亞,-392000.0,0.0,0.0,-391546.0,,,,
2026-05-15,1104,環泥,-399000.0,0.0,0.0,-396000.0,,,,
2026-05-15,3592,瑞鼎,-388780.0,0.0,0.0,-407200.0,,,,
2026-05-15,1522,堤維西,-413000.0,0.0,0.0,-413492.0,,,,
2026-05-15,2913,農林,-395990.0,0.0,0.0,-415504.0,,,,
2026-05-15,2258,鴻華先進-創,-435000.0,0.0,0.0,-426316.0,,,,
2026-05-15,2605,新興,12860.0,0.0,0.0,-428345.0,,,,
2026-05-15,1708,東鹼,-397971.0,0.0,0.0,-443567.0,,,,
2026-05-15,2332,友訊,-495000.0,0.0,0.0,-446795.0,,,,
2026-05-15,3380,明泰,-382750.0,0.0,0.0,-450731.0,,,,
2026-05-15,3013,晟銘電,-354648.0,0.0,0.0,-456357.0,,,,
2026-05-15,2352,佳世達,-408750.0,0.0,0.0,-456979.0,,,,
2026-05-15,00924,復華S&P500成長,-5845.0,0.0,0.0,-457684.0,,,,
2026-05-15,2501,國建,334000.0,0.0,0.0,-458567.0,,,,
2026-05-15,2017,官田鋼,-464000.0,0.0,0.0,-463000.0,,,,
2026-05-15,1227,佳格,-466000.0,0.0,0.0,-465537.0,,,,
2026-05-15,9938,百和,134969.0,-591000.0,0.0,-475218.0,,,,
2026-05-15,3312,弘憶股,-490977.0,0.0,0.0,-482987.0,,,,
2026-05-15,5608,四維航,-483000.0,0.0,0.0,-501471.0,,,,
2026-05-15,2836,高雄銀,-487000.0,0.0,0.0,-505000.0,,,,
2026-05-15,3059,華晶科,-576666.0,0.0,0.0,-511888.0,,,,
2026-05-15,1218,泰山,-522000.0,0.0,0.0,-514448.0,,,,
2026-05-15,2211,長榮鋼,-525000.0,-1000.0,0.0,-526596.0,,,,
2026-05-15,2101,南港,-487908.0,0.0,0.0,-527908.0,,,,
2026-05-15,1217,愛之味,-538000.0,0.0,0.0,-538000.0,,,,
2026-05-15,2614,東森,-551023.0,0.0,0.0,-547023.0,,,,
2026-05-15,2201,裕隆,-566536.0,0.0,0.0,-553007.0,,,,
2026-05-15,1712,興農,-519000.0,0.0,0.0,-561524.0,,,,
2026-05-15,2903,遠百,-539000.0,-50000.0,0.0,-564000.0,,,,
2026-05-15,2369,菱生,-284700.0,0.0,0.0,-565148.0,,,,
2026-05-15,6166,凌華,-556789.0,0.0,0.0,-566165.0,,,,
2026-05-15,2241,艾姆勒,-571084.0,0.0,0.0,-569890.0,,,,
2026-05-15,2645,長榮航太,-567900.0,-2000.0,0.0,-575848.0,,,,
2026-05-15,1444,力麗,-576000.0,0.0,0.0,-576000.0,,,,
2026-05-15,2406,國碩,-583850.0,0.0,0.0,-581874.0,,,,
2026-05-15,6152,百一,-594000.0,0.0,0.0,-589000.0,,,,
2026-05-15,3010,華立,-540477.0,-57000.0,0.0,-591504.0,,,,
2026-05-15,2347,聯強,-1404112.0,840400.0,0.0,-595752.0,,,,
2026-05-15,2838,聯邦銀,-581000.0,-3000.0,0.0,-601000.0,,,,
2026-05-15,4414,如興,-602842.0,0.0,0.0,-602842.0,,,,
2026-05-15,2022,聚亨,-626649.0,0.0,0.0,-619649.0,,,,
2026-05-15,1310,台苯,-618000.0,0.0,0.0,-622950.0,,,,
2026-05-15,6139,亞翔,-631816.0,133914.0,0.0,-629061.0,,,,
2026-05-15,1313,聯成,-622000.0,0.0,0.0,-630009.0,,,,
2026-05-15,00830,國泰費城半導體,738807.0,0.0,0.0,-632434.0,,,,
2026-05-15,2504,國產,-656000.0,-1000.0,0.0,-640153.0,,,,
2026-05-15,009800,中信NASDAQ,106030.0,0.0,0.0,-641511.0,,,,
2026-05-15,00952,凱基台灣AI50,246000.0,0.0,0.0,-647270.0,,,,
2026-05-15,4739,康普,-206771.0,0.0,0.0,-653991.0,,,,
2026-05-15,2331,精英,-623065.0,0.0,0.0,-654025.0,,,,
2026-05-15,3017,奇鋐,-610560.0,168476.0,0.0,-661513.0,,,,
2026-05-15,2457,飛宏,-636000.0,0.0,0.0,-662542.0,,,,
2026-05-15,6282,康舒,-424935.0,0.0,0.0,-664605.0,,,,
2026-05-15,00686R,群益臺灣加權反1,0.0,0.0,0.0,-667983.0,,,,
2026-05-15,00690,兆豐藍籌30,19000.0,0.0,0.0,-674387.0,,,,
2026-05-15,3665,貿聯-KY,2535265.0,-3381056.0,0.0,-680206.0,,,,
2026-05-15,2636,台驊控股,-692000.0,0.0,0.0,-690775.0,,,,
2026-05-15,2889,國票金,-686000.0,-5000.0,0.0,-695000.0,,,,
2026-05-15,2615,萬海,-521419.0,-5633.0,0.0,-695207.0,,,,
2026-05-15,4763,材料*-KY,-725006.0,0.0,0.0,-708168.0,,,,
2026-05-15,1795,美時,-677437.0,0.0,0.0,-709881.0,,,,
2026-05-15,2204,中華,-965018.0,245000.0,0.0,-725541.0,,,,
2026-05-15,00646,元大S&P500,-9779.0,0.0,0.0,-740876.0,,,,
2026-05-15,00685L,群益臺灣加權正2,11000.0,0.0,0.0,-747273.0,,,,
2026-05-15,2481,強茂,-1782986.0,509000.0,0.0,-748148.0,,,,
2026-05-15,6415,矽力*-KY,-703623.0,101000.0,0.0,-751766.0,,,,
2026-05-15,1455,集盛,-760000.0,0.0,0.0,-757991.0,,,,
2026-05-15,3504,揚明光,-755800.0,0.0,0.0,-758787.0,,,,
2026-05-15,1603,華電,-786061.0,0.0,0.0,-784061.0,,,,
2026-05-15,2421,建準,-768093.0,0.0,0.0,-800730.0,,,,
2026-05-15,00708L,期元大S&P黃金正2,-378000.0,0.0,0.0,-823341.0,,,,
2026-05-15,2637,慧洋-KY,-781385.0,-30000.0,0.0,-824176.0,,,,
2026-05-15,6412,群電,-827258.0,0.0,0.0,-824843.0,,,,
2026-05-15,1503,士電,-671548.0,-172.0,0.0,-826048.0,,,,
2026-05-15,3545,敦泰,-818000.0,0.0,0.0,-844524.0,,,,
2026-05-15,3024,憶聲,-853650.0,0.0,0.0,-846052.0,,,,
2026-05-15,4927,泰鼎-KY,-845020.0,0.0,0.0,-847056.0,,,,
2026-05-15,8215,明基材,-817800.0,0.0,0.0,-848991.0,,,,
2026-05-15,3135,凌航,-859795.0,0.0,0.0,-854048.0,,,,
2026-05-15,00865B,國泰US短期公債,-667000.0,0.0,0.0,-856052.0,,,,
2026-05-15,2617,台航,-879000.0,0.0,0.0,-878070.0,,,,
2026-05-15,6120,達運,-957555.0,0.0,0.0,-879391.0,,,,
2026-05-15,6176,瑞儀,-777958.0,-97000.0,0.0,-892803.0,,,,
2026-05-15,2897,王道銀行,-763000.0,0.0,0.0,-895000.0,,,,
2026-05-15,00983D,主動富邦複合收益,-429000.0,0.0,0.0,-898000.0,,,,
2026-05-15,2537,聯上發,-915000.0,0.0,0.0,-913622.0,,,,
2026-05-15,6558,興能高,-926000.0,0.0,0.0,-926000.0,,,,
2026-05-15,2349,錸德,-947000.0,0.0,0.0,-938000.0,,,,
2026-05-15,2511,太子,-944000.0,0.0,0.0,-947000.0,,,,
2026-05-15,1609,大亞,-925355.0,0.0,0.0,-965765.0,,,,
2026-05-15,4720,德淵,-986500.0,0.0,0.0,-980500.0,,,,
2026-05-15,8150,南茂,-1543991.0,0.0,0.0,-983745.0,,,,
2026-05-15,2646,星宇航空,-983217.0,0.0,0.0,-991772.0,,,,
2026-05-15,2103,台橡,-953000.0,0.0,0.0,-994332.0,,,,
2026-05-15,3376,新日興,-896000.0,0.0,0.0,-997096.0,,,,
2026-05-15,3056,富華新,-1000000.0,0.0,0.0,-1005152.0,,,,
2026-05-15,4967,十銓,-1006265.0,0.0,0.0,-1056761.0,,,,
2026-05-15,2034,允強,-1049000.0,0.0,0.0,-1063284.0,,,,
2026-05-15,3044,健鼎,-1097138.0,173939.0,0.0,-1075178.0,,,,
2026-05-15,2006,東和鋼鐵,-1046000.0,-54000.0,0.0,-1112723.0,,,,
2026-05-15,00663L,國泰臺灣加權正2,-79950.0,0.0,0.0,-1114181.0,,,,
2026-05-15,6271,同欣電,-906900.0,0.0,0.0,-1118986.0,,,,
2026-05-15,1905,華紙,-1180000.0,0.0,0.0,-1158735.0,,,,
2026-05-15,2014,中鴻,-769500.0,0.0,0.0,-1163500.0,,,,
2026-05-15,1434,福懋,-1182000.0,0.0,0.0,-1181563.0,,,,
2026-05-15,00633L,富邦上証正2,-70000.0,0.0,0.0,-1184903.0,,,,
2026-05-15,2458,義隆,-945000.0,-129000.0,0.0,-1187083.0,,,,
2026-05-15,00995A,主動中信台灣卓越,332204.0,0.0,0.0,-1219532.0,,,,
2026-05-15,9958,世紀鋼,-1502005.0,307000.0,0.0,-1234845.0,,,,
2026-05-15,2820,華票,-1222000.0,0.0,0.0,-1237000.0,,,,
2026-05-15,00881,國泰台灣科技龍頭,-1477787.0,0.0,0.0,-1246124.0,,,,
2026-05-15,2376,技嘉,-1297916.0,-35629.0,0.0,-1256364.0,,,,
2026-05-15,1447,力鵬,-1286416.0,0.0,0.0,-1286626.0,,,,
2026-05-15,8131,福懋科,-1211255.0,0.0,0.0,-1296667.0,,,,
2026-05-15,2010,春源,-1324000.0,0.0,0.0,-1323165.0,,,,
2026-05-15,4142,國光生,-1333000.0,0.0,0.0,-1333652.0,,,,
2026-05-15,1326,台化,-1131600.0,-6000.0,0.0,-1343754.0,,,,
2026-05-15,3035,智原,-1057459.0,0.0,0.0,-1359192.0,,,,
2026-05-15,1608,華榮,-1315000.0,0.0,0.0,-1359239.0,,,,
2026-05-15,00945B,凱基美國非投等債,-3363000.0,0.0,0.0,-1384286.0,,,,
2026-05-15,1440,南紡,-1376000.0,0.0,0.0,-1384725.0,,,,
2026-05-15,1519,華城,-1313369.0,4879.0,0.0,-1388627.0,,,,
2026-05-15,4938,和碩,-2835136.0,1606900.0,0.0,-1396417.0,,,,
2026-05-15,2404,漢唐,-1302731.0,-7092.0,0.0,-1412440.0,,,,
2026-05-15,2208,台船,-1005654.0,0.0,0.0,-1415654.0,,,,
2026-05-15,1710,東聯,-1441000.0,0.0,0.0,-1430820.0,,,,
2026-05-15,6443,元晶,-1413567.0,0.0,0.0,-1440488.0,,,,
2026-05-15,6269,台郡,-1375900.0,0.0,0.0,-1472590.0,,,,
2026-05-15,00669R,國泰美國道瓊反1,0.0,0.0,0.0,-1494093.0,,,,
2026-05-15,1316,上曜,-1542000.0,0.0,0.0,-1508966.0,,,,
2026-05-15,2345,智邦,-2031348.0,657224.0,0.0,-1517100.0,,,,
2026-05-15,00894,中信小資高價30,-953900.0,0.0,0.0,-1530975.0,,,,
2026-05-15,2357,華碩,-844653.0,-317152.0,0.0,-1536421.0,,,,
2026-05-15,00676R,富邦臺灣加權反1,0.0,0.0,0.0,-1544160.0,,,,
2026-05-15,00650L,復華香港正2,-353000.0,0.0,0.0,-1566133.0,,,,
2026-05-15,2885,元大金,-1095529.0,-482919.0,0.0,-1574336.0,,,,
2026-05-15,5469,瀚宇博,-1508950.0,-61000.0,0.0,-1583674.0,,,,
2026-05-15,1229,聯華,-1648144.0,0.0,0.0,-1642643.0,,,,
2026-05-15,6196,帆宣,-1554691.0,0.0,0.0,-1645019.0,,,,
2026-05-15,2845,遠東銀,-1467000.0,-9000.0,0.0,-1679000.0,,,,
2026-05-15,2385,群光,-1267451.0,-563628.0,0.0,-1680613.0,,,,
2026-05-15,9945,潤泰新,-1689928.0,0.0,0.0,-1689516.0,,,,
2026-05-15,6153,嘉聯益,-1721000.0,0.0,0.0,-1733052.0,,,,
2026-05-15,00964,中信亞太高股息,-39000.0,0.0,0.0,-1793225.0,,,,
2026-05-15,00882,中信中國高股息,-475745.0,0.0,0.0,-1816621.0,,,,
2026-05-15,2547,日勝生,-1818000.0,0.0,0.0,-1818190.0,,,,
2026-05-15,00985B,群益ESG投等債0-5,-976000.0,0.0,0.0,-1838000.0,,,,
2026-05-15,9904,寶成,-1106487.0,-703000.0,0.0,-1880930.0,,,,
2026-05-15,6414,樺漢,-1856143.0,-24000.0,0.0,-1915098.0,,,,
2026-05-15,00671R,富邦NASDAQ反1,0.0,0.0,0.0,-1926000.0,,,,
2026-05-15,00892,富邦台灣半導體,-792800.0,-186000.0,0.0,-1985718.0,,,,
2026-05-15,00635U,期元大S&P黃金,-418334.0,0.0,0.0,-2075418.0,,,,
2026-05-15,3019,亞光,-1750230.0,0.0,0.0,-2079490.0,,,,
2026-05-15,6191,精成科,-2083950.0,0.0,0.0,-2143095.0,,,,
2026-05-15,2104,國際中橡,-2148000.0,0.0,0.0,-2150732.0,,,,
2026-05-15,6505,台塑化,-2090811.0,-6000.0,0.0,-2153488.0,,,,
2026-05-15,2393,億光,-2774747.0,257000.0,0.0,-2161614.0,,,,
2026-05-15,2363,矽統,-1724950.0,0.0,0.0,-2164801.0,,,,
2026-05-15,8039,台虹,-1875183.0,-1000.0,0.0,-2197438.0,,,,
2026-05-15,2880,華南金,1451416.0,-3476000.0,0.0,-2311812.0,,,,
2026-05-15,00994A,主動第一金台股優,-2697600.0,0.0,0.0,-2319354.0,,,,
2026-05-15,1513,中興電,-2229190.0,-12236.0,0.0,-2336446.0,,,,
2026-05-15,1504,東元,-1711000.0,-808.0,0.0,-2349983.0,,,,
2026-05-15,00981T,平衡凱基雙核收息,-221000.0,0.0,0.0,-2361686.0,,,,
2026-05-15,1718,中纖,-2358990.0,0.0,0.0,-2395105.0,,,,
2026-05-15,2474,可成,-2111004.0,-317796.0,0.0,-2452265.0,,,,
2026-05-15,6209,今國光,-2361000.0,0.0,0.0,-2452265.0,,,,
2026-05-15,2308,台達電,-1407855.0,-311199.0,0.0,-2508499.0,,,,
2026-05-15,5871,中租-KY,-2272382.0,-310001.0,0.0,-2559323.0,,,,
2026-05-15,2023,燁輝,-2482005.0,0.0,0.0,-2569004.0,,,,
2026-05-15,2371,大同,-2317368.0,-310498.0,0.0,-2572992.0,,,,
2026-05-15,1409,新纖,-2331500.0,0.0,0.0,-2586045.0,,,,
2026-05-15,2606,裕民,7122122.0,-9511000.0,0.0,-2595913.0,,,,
2026-05-15,00954,中信日本半導體,-940289.0,0.0,0.0,-2661701.0,,,,
2026-05-15,1722,台肥,-2691830.0,0.0,0.0,-2683254.0,,,,
2026-05-15,2368,金像電,-1745418.0,-861792.0,0.0,-2704405.0,,,,
2026-05-15,9907,統一實,-3334900.0,610000.0,0.0,-2724740.0,,,,
2026-05-15,8021,尖點,-2128378.0,-288986.0,0.0,-2853094.0,,,,
2026-05-15,00935,野村臺灣新科技50,-302067.0,286000.0,0.0,-2929553.0,,,,
2026-05-15,2610,華航,-2654900.0,-117000.0,0.0,-3008724.0,,,,
2026-05-15,00662,富邦NASDAQ,-77444.0,-70000.0,0.0,-3033956.0,,,,
2026-05-15,2337,旺宏,-490841.0,-2310000.0,0.0,-3059720.0,,,,
2026-05-15,3005,神基,-3008400.0,-82000.0,0.0,-3116541.0,,,,
2026-05-15,1711,永光,-3113511.0,0.0,0.0,-3139147.0,,,,
2026-05-15,2883,凱基金,3991469.0,-6604550.0,0.0,-3248245.0,,,,
2026-05-15,2329,華泰,-2820400.0,0.0,0.0,-3319593.0,,,,
2026-05-15,2323,中環,-3334860.0,0.0,0.0,-3489014.0,,,,
2026-05-15,2498,宏達電,-4322098.0,5000.0,0.0,-3774727.0,,,,
2026-05-15,00993A,主動安聯台灣,132800.0,0.0,0.0,-3802408.0,,,,
2026-05-15,00951,台新日本半導體,-1320000.0,0.0,0.0,-4142670.0,,,,
2026-05-15,5880,合庫金,-4078512.0,-80000.0,0.0,-4278512.0,,,,
2026-05-15,00637L,元大滬深300正2,-309000.0,0.0,0.0,-4284540.0,,,,
2026-05-15,3231,緯創,-4955949.0,34081.0,0.0,-4497161.0,,,,
2026-05-15,00953B,群益優選非投等債,-58600.0,0.0,0.0,-4591048.0,,,,
2026-05-15,00934,中信成長高股息,-1714225.0,0.0,0.0,-4713892.0,,,,
2026-05-15,2515,中工,-4471913.0,-1000.0,0.0,-4729298.0,,,,
2026-05-15,00961,FT臺灣永續高息,-766000.0,0.0,0.0,-4989938.0,,,,
2026-05-15,6278,台表科,-5410269.0,2269000.0,0.0,-5157090.0,,,,
2026-05-15,1314,中石化,-5189000.0,0.0,0.0,-5200818.0,,,,
2026-05-15,2301,光寶科,-1187660.0,-3775845.0,0.0,-5322734.0,,,,
2026-05-15,2633,台灣高鐵,-5265029.0,-1000.0,0.0,-5336045.0,,,,
2026-05-15,2618,長榮航,-4262525.0,-869602.0,0.0,-5339142.0,,,,
2026-05-15,2354,鴻準,-5466564.0,-1000.0,0.0,-5574293.0,,,,
2026-05-15,8110,華東,-5659193.0,0.0,0.0,-5733210.0,,,,
2026-05-15,3715,定穎投控,-5497480.0,0.0,0.0,-5771941.0,,,,
2026-05-15,2609,陽明,-5245171.0,-276528.0,0.0,-5817174.0,,,,
2026-05-15,3706,神達,-5554874.0,-3000.0,0.0,-5861512.0,,,,
2026-05-15,00984A,主動安聯台灣高息,-1351950.0,0.0,0.0,-5934126.0,,,,
2026-05-15,2377,微星,-2265827.0,-3210365.0,0.0,-6592525.0,,,,
2026-05-15,3189,景碩,-6897559.0,495000.0,0.0,-6703631.0,,,,
2026-05-15,00664R,國泰臺灣加權反1,0.0,0.0,0.0,-6790264.0,,,,
2026-05-15,1301,台塑,-6593949.0,-21000.0,0.0,-6905611.0,,,,
2026-05-15,2812,台中銀,-6935800.0,-8000.0,0.0,-6967800.0,,,,
2026-05-15,1102,亞泥,-6915815.0,-194114.0,0.0,-7183581.0,,,,
2026-05-15,1717,長興,-7414416.0,-130000.0,0.0,-7469181.0,,,,
2026-05-15,2355,敬鵬,-7102000.0,-2000.0,0.0,-7535900.0,,,,
2026-05-15,00673R,期元大S&P原油反1,-59000.0,0.0,0.0,-7791339.0,,,,
2026-05-15,2485,兆赫,-7479943.0,0.0,0.0,-8031016.0,,,,
2026-05-15,3037,欣興,-6133081.0,-1146000.0,0.0,-8207444.0,,,,
2026-05-15,2603,長榮,-8145630.0,-165695.0,0.0,-8532110.0,,,,
2026-05-15,8112,至上,-7778950.0,-2000.0,0.0,-8673376.0,,,,
2026-05-15,6116,彩晶,-9163211.0,0.0,0.0,-9071127.0,,,,
2026-05-15,2353,宏碁,-8952512.0,-139914.0,0.0,-9378026.0,,,,
2026-05-15,0052,富邦科技,-11925108.0,0.0,0.0,-10090572.0,,,,
2026-05-15,1802,台玻,-8857300.0,0.0,0.0,-10107786.0,,,,
2026-05-15,00665L,富邦恒生國企正2,-1342000.0,0.0,0.0,-10196560.0,,,,
2026-05-15,1402,遠東新,-11082158.0,8378.0,0.0,-11382133.0,,,,
2026-05-15,00990A,主動元大AI新經濟,-12207925.0,0.0,0.0,-12096204.0,,,,
2026-05-15,00712,復華富時不動產,-4545663.0,0.0,0.0,-12307212.0,,,,
2026-05-15,1101,台泥,-13077260.0,-5000.0,0.0,-12938726.0,,,,
2026-05-15,1303,南亞,-12873683.0,-26000.0,0.0,-13557601.0,,,,
2026-05-15,4958,臻鼎-KY,-10036350.0,-3125064.0,0.0,-13594802.0,,,,
2026-05-15,2834,臺企銀,-14648903.0,-25000.0,0.0,-14684903.0,,,,
2026-05-15,2313,華通,-14449833.0,51000.0,0.0,-15517863.0,,,,
2026-05-15,2002,中鋼,-15015217.0,-75000.0,0.0,-15762510.0,,,,
2026-05-15,2367,燿華,-16538800.0,0.0,0.0,-16915205.0,,,,
2026-05-15,00980A,主動野村臺灣優選,311346.0,0.0,0.0,-17851142.0,,,,
2026-05-15,00999A,主動野村臺灣高息,6564600.0,0.0,0.0,-18879761.0,,,,
2026-05-15,0050,元大台灣50,-24067645.0,-495000.0,0.0,-22552436.0,,,,
2026-05-15,2801,彰銀,-22864267.0,-32000.0,0.0,-23080096.0,,,,
2026-05-15,00632R,元大台灣50反1,1768000.0,0.0,0.0,-24134107.0,,,,
2026-05-15,2408,南亞科,-23727318.0,-89954.0,0.0,-25584891.0,,,,
2026-05-15,2382,廣達,-27151572.0,-897816.0,0.0,-29667135.0,,,,
2026-05-15,00878,國泰永續高股息,-32224329.0,2500000.0,0.0,-39218948.0,,,,
2026-05-15,00988A,主動統一全球創新,-398900.0,-512000.0,0.0,-42765127.0,,,,
2026-05-15,00891,中信關鍵半導體,547286.0,0.0,0.0,-46026486.0,,,,
2026-05-15,009816,凱基台灣TOP50,-20395638.0,0.0,0.0,-47277364.0,,,,
2026-05-15,00992A,主動群益科技創新,-25389925.0,-1200000.0,0.0,-58824555.0,,,,
2026-05-15,2324,仁寶,-63722622.0,-2259.0,0.0,-63667051.0,,,,
2026-05-15,00982A,主動群益台灣強棒,421708.0,0.0,0.0,-80825550.0,,,,
2026-05-15,00991A,主動復華未來50,-29474681.0,0.0,0.0,-98606703.0,,,,
2026-05-15,00981A,主動統一台股增長,-67699643.0,0.0,0.0,-132868717.0,,,,
2026-05-15,00403A,主動統一升級50,-403619649.0,0.0,0.0,-1199902009.0,,,,
