trade_date,stock_id,stock_name,margin_balance,margin_change,short_balance,short_change,securities_lending_sell_volume,securities_lending_balance
2026-06-29,00400A,主動國泰動能高息,12098.0,-468.0,59.0,-106.0,,
2026-06-29,00401A,主動摩根台灣鑫收,1099.0,61.0,1.0,0.0,,
2026-06-29,00402A,主動安聯美國科技,3565.0,-103.0,3.0,0.0,,
2026-06-29,00403A,主動統一升級50,111578.0,-1471.0,1447.0,14.0,,
2026-06-29,00404A,主動聯博動能50,2962.0,256.0,0.0,0.0,,
2026-06-29,00405A,主動富邦台灣龍耀,20698.0,-973.0,325.0,-6.0,,
2026-06-29,00406A,主動中信台灣收益,3863.0,-96.0,10.0,10.0,,
2026-06-29,00407A,主動凱基台灣,41262.0,3635.0,30.0,-96.0,,
2026-06-29,0050,元大台灣50,13117.0,14.0,1285.0,56.0,,
2026-06-29,0051,元大中型100,3.0,0.0,0.0,0.0,,
2026-06-29,0052,富邦科技,11307.0,-152.0,77.0,13.0,,
2026-06-29,0053,元大電子,12.0,0.0,0.0,0.0,,
2026-06-29,0055,元大MSCI金融,176.0,1.0,0.0,0.0,,
2026-06-29,0056,元大高股息,5172.0,184.0,129.0,16.0,,
2026-06-29,0057,富邦摩台,0.0,0.0,0.0,0.0,,
2026-06-29,0061,元大寶滬深,15.0,0.0,0.0,0.0,,
2026-06-29,006203,元大MSCI台灣,0.0,0.0,0.0,0.0,,
2026-06-29,006204,永豐臺灣加權,0.0,0.0,0.0,0.0,,
2026-06-29,006205,富邦上証,50.0,0.0,1.0,0.0,,
2026-06-29,006206,元大上證50,8.0,0.0,0.0,0.0,,
2026-06-29,006207,復華滬深,2.0,-1.0,0.0,0.0,,
2026-06-29,006208,富邦台50,321.0,12.0,22.0,-3.0,,
2026-06-29,00631L,元大台灣50正2,238194.0,1119.0,20156.0,2670.0,,
2026-06-29,00632R,元大台灣50反1,300718.0,18007.0,8319.0,-450.0,,
2026-06-29,00633L,富邦上証正2,6564.0,743.0,713.0,-3.0,,
2026-06-29,00634R,富邦上証反1,2086.0,-15.0,0.0,0.0,,
2026-06-29,00635U,期元大S&P黃金,6218.0,219.0,312.0,11.0,,
2026-06-29,00636,國泰中國A50,99.0,5.0,0.0,0.0,,
2026-06-29,00637L,元大滬深300正2,81305.0,812.0,9571.0,19.0,,
2026-06-29,00638R,元大滬深300反1,786.0,-23.0,4.0,0.0,,
2026-06-29,00639,富邦深100,522.0,12.0,7.0,0.0,,
2026-06-29,00640L,富邦日本正2,235.0,-3.0,48.0,0.0,,
2026-06-29,00641R,富邦日本反1,9807.0,62.0,499.0,0.0,,
2026-06-29,00642U,期元大S&P石油,5678.0,-296.0,1564.0,-44.0,,
2026-06-29,00643,群益深証中小,1025.0,-122.0,0.0,0.0,,
2026-06-29,00645,富邦日本,22.0,0.0,0.0,0.0,,
2026-06-29,00646,元大S&P500,50.0,0.0,2.0,0.0,,
2026-06-29,00647L,元大S&P500正2,50.0,0.0,0.0,0.0,,
2026-06-29,00648R,元大S&P500反1,9663.0,-1261.0,210.0,0.0,,
2026-06-29,00650L,復華香港正2,18532.0,-91.0,389.0,24.0,,
2026-06-29,00651R,復華香港反1,1753.0,-76.0,142.0,-45.0,,
2026-06-29,00652,富邦印度,58.0,0.0,0.0,0.0,,
2026-06-29,00653L,富邦印度正2,2455.0,-7.0,10.0,5.0,,
2026-06-29,00654R,富邦印度反1,547.0,0.0,62.0,0.0,,
2026-06-29,00655L,國泰中國A50正2,2004.0,5.0,277.0,4.0,,
2026-06-29,00656R,國泰中國A50反1,150.0,0.0,0.0,0.0,,
2026-06-29,00657,國泰日經225,0.0,0.0,0.0,0.0,,
2026-06-29,00660,元大歐洲50,0.0,0.0,0.0,0.0,,
2026-06-29,00661,元大日經225,13.0,1.0,0.0,0.0,,
2026-06-29,00662,富邦NASDAQ,1150.0,21.0,6.0,0.0,,
2026-06-29,00663L,國泰臺灣加權正2,9429.0,-526.0,1963.0,223.0,,
2026-06-29,00664R,國泰臺灣加權反1,92576.0,181.0,451.0,-3.0,,
2026-06-29,00665L,富邦恒生國企正2,82187.0,-1062.0,638.0,124.0,,
2026-06-29,00666R,富邦恒生國企反1,460.0,16.0,12.0,0.0,,
2026-06-29,00668,國泰美國道瓊,5.0,0.0,0.0,0.0,,
2026-06-29,00669R,國泰美國道瓊反1,14689.0,8.0,116.0,0.0,,
2026-06-29,00670L,富邦NASDAQ正2,1038.0,-9.0,144.0,1.0,,
2026-06-29,00671R,富邦NASDAQ反1,129159.0,-28.0,2561.0,-37.0,,
2026-06-29,00673R,期元大S&P原油反1,65346.0,-2485.0,1489.0,146.0,,
2026-06-29,00674R,期元大S&P黃金反1,287.0,-173.0,9.0,1.0,,
2026-06-29,00675L,富邦臺灣加權正2,3020.0,-83.0,441.0,53.0,,
2026-06-29,00676R,富邦臺灣加權反1,19956.0,517.0,378.0,37.0,,
2026-06-29,00678,群益那斯達克生技,29.0,8.0,0.0,0.0,,
2026-06-29,00680L,元大美債20正2,62533.0,1566.0,831.0,8.0,,
2026-06-29,00681R,元大美債20反1,7.0,0.0,0.0,0.0,,
2026-06-29,00682U,期元大美元指數,12.0,0.0,0.0,0.0,,
2026-06-29,00683L,期元大美元指正2,150.0,0.0,1.0,0.0,,
2026-06-29,00684R,期元大美元指反1,21.0,0.0,0.0,0.0,,
2026-06-29,00685L,群益臺灣加權正2,3586.0,-272.0,0.0,0.0,,
2026-06-29,00686R,群益臺灣加權反1,19943.0,636.0,124.0,-5.0,,
2026-06-29,00688L,國泰20年美債正2,23393.0,-201.0,76.0,-30.0,,
2026-06-29,00689R,國泰20年美債反1,0.0,0.0,0.0,0.0,,
2026-06-29,00690,兆豐藍籌30,85.0,0.0,0.0,0.0,,
2026-06-29,00692,富邦公司治理,55.0,3.0,0.0,0.0,,
2026-06-29,00693U,期街口S&P黃豆,2568.0,-99.0,2.0,-1.0,,
2026-06-29,00700,富邦恒生國企,187.0,1.0,0.0,0.0,,
2026-06-29,00701,國泰股利精選30,34.0,0.0,0.0,0.0,,
2026-06-29,00702,國泰標普低波高息,1.0,1.0,0.0,0.0,,
2026-06-29,00703,台新MSCI中國,1.0,0.0,0.0,0.0,,
2026-06-29,00706L,期元大S&P日圓正2,6501.0,5.0,145.0,10.0,,
2026-06-29,00707R,期元大S&P日圓反1,0.0,0.0,0.0,0.0,,
2026-06-29,00708L,期元大S&P黃金正2,9949.0,721.0,810.0,21.0,,
2026-06-29,00709,富邦歐洲,2.0,0.0,0.0,0.0,,
2026-06-29,00710B,復華彭博非投等債,10.0,0.0,0.0,0.0,,
2026-06-29,00711B,復華彭博新興債,3.0,0.0,0.0,0.0,,
2026-06-29,00712,復華富時不動產,16531.0,-662.0,6.0,0.0,,
2026-06-29,00713,元大台灣高息低波,272.0,0.0,0.0,0.0,,
2026-06-29,00714,群益道瓊美國地產,5.0,0.0,0.0,0.0,,
2026-06-29,00715L,期街口布蘭特正2,12842.0,1294.0,3640.0,-220.0,,
2026-06-29,00717,富邦美國特別股,0.0,0.0,0.0,0.0,,
2026-06-29,00728,第一金工業30,0.0,0.0,0.0,0.0,,
2026-06-29,00730,富邦臺灣優質高息,30.0,25.0,0.0,0.0,,
2026-06-29,00731,復華富時高息低波,3.0,0.0,0.0,0.0,,
2026-06-29,00733,富邦臺灣中小,68.0,0.0,0.0,0.0,,
2026-06-29,00735,國泰臺韓科技,3937.0,7.0,124.0,4.0,,
2026-06-29,00736,國泰新興市場,0.0,0.0,0.0,0.0,,
2026-06-29,00737,國泰AI機器人,56.0,-5.0,0.0,0.0,,
2026-06-29,00738U,期元大道瓊白銀,13304.0,167.0,374.0,-2.0,,
2026-06-29,00739,元大MSCI A股,0.0,0.0,0.0,0.0,,
2026-06-29,00752,中信中國50,955.0,45.0,2.0,0.0,,
2026-06-29,00753L,中信中國50正2,96329.0,-3041.0,548.0,-14.0,,
2026-06-29,00757,統一FANG+,359.0,20.0,10.0,0.0,,
2026-06-29,00762,元大全球AI,47.0,-50.0,0.0,0.0,,
2026-06-29,00763U,期街口道瓊銅,1541.0,107.0,94.0,-1.0,,
2026-06-29,00770,國泰北美科技,48.0,0.0,0.0,0.0,,
2026-06-29,00771,元大US高息特別股,1.0,0.0,0.0,0.0,,
2026-06-29,00775B,新光投等債15+,0.0,0.0,0.0,0.0,,
2026-06-29,00783,富邦中証500,445.0,0.0,0.0,0.0,,
2026-06-29,00830,國泰費城半導體,4398.0,304.0,347.0,-15.0,,
2026-06-29,00850,元大臺灣ESG永續,15.0,9.0,0.0,0.0,,
2026-06-29,00851,台新全球AI,2.0,0.0,0.0,0.0,,
2026-06-29,00852L,國泰美國道瓊正2,68.0,10.0,60.0,-5.0,,
2026-06-29,00861,元大全球未來通訊,19.0,2.0,0.0,0.0,,
2026-06-29,00865B,國泰US短期公債,0.0,0.0,0.0,0.0,,
2026-06-29,00875,國泰網路資安,1.0,1.0,0.0,0.0,,
2026-06-29,00876,元大全球5G,4.0,0.0,0.0,0.0,,
2026-06-29,00878,國泰永續高股息,2615.0,4.0,36.0,2.0,,
2026-06-29,00881,國泰台灣科技龍頭,1407.0,11.0,15.0,5.0,,
2026-06-29,00882,中信中國高股息,3153.0,-62.0,2.0,0.0,,
2026-06-29,00885,富邦越南,803.0,85.0,145.0,0.0,,
2026-06-29,00891,中信關鍵半導體,5342.0,-179.0,25.0,-16.0,,
2026-06-29,00892,富邦台灣半導體,678.0,-6.0,2.0,-1.0,,
2026-06-29,00893,國泰智能電動車,66.0,0.0,23.0,0.0,,
2026-06-29,00894,中信小資高價30,646.0,0.0,12.0,0.0,,
2026-06-29,00895,富邦未來車,69.0,1.0,11.0,0.0,,
2026-06-29,00896,中信綠能及電動車,2550.0,-78.0,16.0,16.0,,
2026-06-29,00897,富邦基因免疫生技,197.0,72.0,0.0,0.0,,
2026-06-29,00898,國泰基因免疫革命,232.0,77.0,0.0,0.0,,
2026-06-29,00899,FT潔淨能源,60.0,1.0,0.0,0.0,,
2026-06-29,00900,富邦特選高股息30,478.0,-18.0,0.0,0.0,,
2026-06-29,00901,永豐智能車供應鏈,5.0,0.0,0.0,0.0,,
2026-06-29,00902,中信電池及儲能,2333.0,23.0,40.0,0.0,,
2026-06-29,00903,富邦元宇宙,24.0,0.0,0.0,0.0,,
2026-06-29,00904,新光臺灣半導體30,728.0,97.0,1.0,-3.0,,
2026-06-29,00905,FT臺灣Smart,287.0,7.0,0.0,0.0,,
2026-06-29,00907,永豐優息存股,156.0,1.0,0.0,0.0,,
2026-06-29,00908,富邦入息REITs+,0.0,0.0,0.0,0.0,,
2026-06-29,00909,國泰數位支付服務,868.0,-14.0,49.0,0.0,,
2026-06-29,00910,第一金太空衛星,3244.0,48.0,13.0,-5.0,,
2026-06-29,00911,兆豐洲際半導體,102.0,-11.0,0.0,0.0,,
2026-06-29,00912,中信臺灣智慧50,37.0,-1.0,0.0,0.0,,
2026-06-29,00913,兆豐台灣晶圓製造,1061.0,12.0,0.0,0.0,,
2026-06-29,00915,凱基優選高股息30,38.0,-1.0,0.0,0.0,,
2026-06-29,00916,國泰全球品牌50,910.0,-9.0,56.0,56.0,,
2026-06-29,00917,中信特選金融,88.0,-2.0,0.0,0.0,,
2026-06-29,00918,大華優利高填息30,7158.0,-86.0,16.0,6.0,,
2026-06-29,00919,群益台灣精選高息,9033.0,-47.0,229.0,213.0,,
2026-06-29,00920,富邦ESG綠色電力,22.0,0.0,0.0,0.0,,
2026-06-29,00921,兆豐龍頭等權重,18.0,0.0,0.0,0.0,,
2026-06-29,00922,國泰台灣領袖50,1611.0,-17.0,47.0,0.0,,
2026-06-29,00923,群益台ESG低碳50,188.0,0.0,3.0,0.0,,
2026-06-29,00924,復華S&P500成長,59.0,-4.0,0.0,0.0,,
2026-06-29,00926,凱基全球菁英55,27.0,0.0,0.0,0.0,,
2026-06-29,00927,群益半導體收益,6362.0,-84.0,45.0,-7.0,,
2026-06-29,00929,復華台灣科技優息,3646.0,22.0,2.0,-17.0,,
2026-06-29,00930,永豐ESG低碳高息,28.0,0.0,0.0,0.0,,
2026-06-29,00932,兆豐永續高息等權,2.0,0.0,0.0,0.0,,
2026-06-29,00934,中信成長高股息,678.0,-3.0,1.0,0.0,,
2026-06-29,00935,野村臺灣新科技50,6339.0,-100.0,24.0,-40.0,,
2026-06-29,00936,台新永續高息中小,10.0,0.0,0.0,0.0,,
2026-06-29,00938,凱基優選30,5.0,0.0,0.0,0.0,,
2026-06-29,00939,統一台灣高息動能,170.0,12.0,0.0,0.0,,
2026-06-29,00940,元大台灣價值高息,1366.0,-75.0,0.0,0.0,,
2026-06-29,00941,中信上游半導體,169.0,4.0,3.0,0.0,,
2026-06-29,00943,兆豐電子高息等權,24.0,0.0,0.0,0.0,,
2026-06-29,00944,野村趨勢動能高息,7.0,0.0,0.0,0.0,,
2026-06-29,00945B,凱基美國非投等債,382.0,50.0,0.0,0.0,,
2026-06-29,00946,群益科技高息成長,1243.0,41.0,0.0,0.0,,
2026-06-29,00947,台新臺灣IC設計,8112.0,-597.0,47.0,0.0,,
2026-06-29,00949,復華日本龍頭,76.0,2.0,0.0,0.0,,
2026-06-29,00951,台新日本半導體,908.0,51.0,15.0,3.0,,
2026-06-29,00952,凱基台灣AI50,375.0,-19.0,10.0,10.0,,
2026-06-29,00953B,群益優選非投等債,119131.0,5732.0,0.0,0.0,,
2026-06-29,00954,中信日本半導體,1160.0,-27.0,0.0,-1.0,,
2026-06-29,00956,中信日經高股息,77.0,0.0,0.0,0.0,,
2026-06-29,00960,野村全球航運龍頭,105.0,7.0,0.0,0.0,,
2026-06-29,00961,FT臺灣永續高息,1545.0,68.0,0.0,-11.0,,
2026-06-29,00962,台新AI優息動能,150.0,15.0,0.0,0.0,,
2026-06-29,00963,中信全球高股息,6.0,0.0,0.0,0.0,,
2026-06-29,00964,中信亞太高股息,107.0,-7.0,0.0,0.0,,
2026-06-29,00965,元大航太防衛科技,2121.0,4.0,47.0,0.0,,
2026-06-29,00971,野村美國研發龍頭,13.0,-23.0,0.0,0.0,,
2026-06-29,00972,野村日本動能高息,3.0,0.0,0.0,0.0,,
2026-06-29,009800,中信NASDAQ,1604.0,17.0,9.0,0.0,,
2026-06-29,009801,中信美國創新科技,27.0,1.0,0.0,0.0,,
2026-06-29,009802,富邦旗艦50,1628.0,8.0,21.0,16.0,,
2026-06-29,009803,玉山市值動能50,389.0,15.0,0.0,0.0,,
2026-06-29,009804,聯邦台精彩50,119.0,-22.0,0.0,0.0,,
2026-06-29,009805,新光美國電力基建,16522.0,-97.0,1.0,0.0,,
2026-06-29,009808,華南永昌優選50,82.0,-40.0,0.0,0.0,,
2026-06-29,009809,富邦淨零ESG50,8.0,0.0,0.0,0.0,,
2026-06-29,00980A,主動野村臺灣優選,2934.0,-14.0,6.0,1.0,,
2026-06-29,009810,玉山全球藍籌100,5.0,0.0,0.0,0.0,,
2026-06-29,009811,統一美國50,92.0,0.0,35.0,0.0,,
2026-06-29,009812,野村日本東證,10.0,2.0,0.0,0.0,,
2026-06-29,009813,貝萊德標普卓越50,356.0,-1.0,0.0,0.0,,
2026-06-29,009816,凱基台灣TOP50,34723.0,194.0,831.0,-66.0,,
2026-06-29,009817,國泰日本不動產,100.0,-5.0,0.0,0.0,,
2026-06-29,009818,華南永昌NASDAQxT,15.0,0.0,0.0,0.0,,
2026-06-29,009819,中信數據及電力,5853.0,-298.0,25.0,0.0,,
2026-06-29,00981A,主動統一台股增長,151643.0,4188.0,2020.0,827.0,,
2026-06-29,00981T,平衡凱基雙核收息,30.0,0.0,0.0,0.0,,
2026-06-29,009820,元大納斯達克精選,4005.0,261.0,0.0,0.0,,
2026-06-29,009821,野村稀土關鍵資源,15157.0,247.0,373.0,-683.0,,
2026-06-29,009824,群益美國科技巨頭,3814.0,361.0,1.0,0.0,,
2026-06-29,00982A,主動群益台灣強棒,7713.0,-73.0,132.0,-1.0,,
2026-06-29,00982D,主動富邦動態入息,122.0,0.0,0.0,0.0,,
2026-06-29,00982T,平衡兆豐台美動能,0.0,0.0,0.0,0.0,,
2026-06-29,00983A,主動中信ARK創新,604.0,-12.0,6.0,0.0,,
2026-06-29,00983D,主動富邦複合收益,74.0,0.0,0.0,0.0,,
2026-06-29,00984A,主動安聯台灣高息,636.0,21.0,0.0,0.0,,
2026-06-29,00984D,主動聯博全球非投,5716.0,63.0,0.0,0.0,,
2026-06-29,00985A,主動野村台灣50,1619.0,15.0,52.0,-2.0,,
2026-06-29,00985B,群益ESG投等債0-5,270.0,-100.0,0.0,0.0,,
2026-06-29,00986A,主動台新龍頭成長,64.0,3.0,0.0,0.0,,
2026-06-29,00987A,主動台新優勢成長,2291.0,27.0,11.0,-7.0,,
2026-06-29,00988A,主動統一全球創新,74642.0,-4107.0,232.0,-191.0,,
2026-06-29,00989A,主動摩根美國科技,128.0,3.0,0.0,0.0,,
2026-06-29,00990A,主動元大AI新經濟,17048.0,355.0,151.0,5.0,,
2026-06-29,00991A,主動復華未來50,112920.0,-3433.0,1269.0,15.0,,
2026-06-29,00992A,主動群益科技創新,26202.0,21.0,337.0,-58.0,,
2026-06-29,00993A,主動安聯台灣,2191.0,30.0,30.0,-10.0,,
2026-06-29,00994A,主動第一金台股優,6973.0,-152.0,1.0,0.0,,
2026-06-29,00995A,主動中信台灣卓越,1759.0,9.0,12.0,-6.0,,
2026-06-29,00996A,主動兆豐台灣豐收,6024.0,-201.0,7.0,0.0,,
2026-06-29,00997A,主動群益美國增長,10512.0,410.0,3.0,-19.0,,
2026-06-29,00999A,主動野村臺灣高息,3800.0,-8.0,1.0,0.0,,
2026-06-29,1101,台泥,33957.0,273.0,0.0,0.0,,
2026-06-29,1102,亞泥,1363.0,35.0,28.0,15.0,,
2026-06-29,1103,嘉泥,4034.0,0.0,0.0,0.0,,
2026-06-29,1104,環泥,1527.0,-6.0,6.0,0.0,,
2026-06-29,1108,幸福,376.0,-3.0,0.0,0.0,,
2026-06-29,1109,信大,293.0,-2.0,1.0,0.0,,
2026-06-29,1110,東泥,2820.0,-2.0,0.0,0.0,,
2026-06-29,1201,味全,1489.0,1.0,0.0,0.0,,
2026-06-29,1203,味王,2.0,0.0,0.0,0.0,,
2026-06-29,1210,大成,869.0,36.0,8.0,0.0,,
2026-06-29,1213,大飲,0.0,0.0,0.0,0.0,,
2026-06-29,1215,卜蜂,353.0,-5.0,0.0,0.0,,
2026-06-29,1216,統一,857.0,9.0,11.0,0.0,,
2026-06-29,1217,愛之味,751.0,13.0,6.0,1.0,,
2026-06-29,1218,泰山,1588.0,10.0,108.0,0.0,,
2026-06-29,1219,福壽,603.0,0.0,0.0,0.0,,
2026-06-29,1220,台榮,998.0,-5.0,0.0,0.0,,
2026-06-29,1225,福懋油,7118.0,3.0,0.0,0.0,,
2026-06-29,1227,佳格,1008.0,-36.0,1.0,0.0,,
2026-06-29,1229,聯華,2987.0,-25.0,0.0,0.0,,
2026-06-29,1231,聯華食,255.0,-6.0,0.0,0.0,,
2026-06-29,1232,大統益,7.0,0.0,0.0,0.0,,
2026-06-29,1233,天仁,19.0,0.0,0.0,0.0,,
2026-06-29,1234,黑松,16.0,-17.0,0.0,0.0,,
2026-06-29,1235,興泰,976.0,0.0,0.0,0.0,,
2026-06-29,1236,宏亞,249.0,6.0,0.0,0.0,,
2026-06-29,1256,鮮活果汁-KY,350.0,5.0,0.0,0.0,,
2026-06-29,1301,台塑,20032.0,-874.0,0.0,0.0,,
2026-06-29,1303,南亞,30959.0,775.0,3573.0,-520.0,,
2026-06-29,1304,台聚,12082.0,16.0,116.0,-3.0,,
2026-06-29,1305,華夏,6801.0,128.0,48.0,-13.0,,
2026-06-29,1307,三芳,1268.0,-32.0,0.0,0.0,,
2026-06-29,1308,亞聚,7190.0,57.0,11.0,0.0,,
2026-06-29,1309,台達化,7633.0,20.0,411.0,-7.0,,
2026-06-29,1310,台苯,14175.0,1030.0,63.0,-33.0,,
2026-06-29,1312,國喬,13959.0,9.0,178.0,135.0,,
2026-06-29,1313,聯成,11778.0,333.0,141.0,-2.0,,
2026-06-29,1314,中石化,46426.0,1606.0,55.0,-1.0,,
2026-06-29,1315,達新,22.0,0.0,0.0,0.0,,
2026-06-29,1316,上曜,10647.0,-63.0,41.0,12.0,,
2026-06-29,1319,東陽,7105.0,262.0,471.0,-116.0,,
2026-06-29,1321,大洋,7345.0,-8.0,0.0,0.0,,
2026-06-29,1323,永裕,115.0,0.0,0.0,0.0,,
2026-06-29,1324,地球,1369.0,0.0,0.0,0.0,,
2026-06-29,1325,恆大,2043.0,-144.0,10.0,2.0,,
2026-06-29,1326,台化,16710.0,470.0,134.0,-142.0,,
2026-06-29,1337,再生-KY,21276.0,0.0,0.0,0.0,,
2026-06-29,1338,廣華-KY,3412.0,52.0,0.0,0.0,,
2026-06-29,1339,昭輝,812.0,2.0,0.0,0.0,,
2026-06-29,1340,勝悅-KY,1030.0,4.0,0.0,0.0,,
2026-06-29,1342,八貫,690.0,46.0,0.0,0.0,,
2026-06-29,1402,遠東新,7891.0,-5.0,155.0,14.0,,
2026-06-29,1409,新纖,21580.0,478.0,473.0,99.0,,
2026-06-29,1410,南染,306.0,3.0,0.0,0.0,,
2026-06-29,1413,宏洲,0.0,0.0,0.0,0.0,,
2026-06-29,1414,東和,848.0,2.0,0.0,0.0,,
2026-06-29,1416,廣豐,3585.0,-11.0,0.0,0.0,,
2026-06-29,1417,嘉裕,1679.0,6.0,0.0,0.0,,
2026-06-29,1418,東華,748.0,0.0,0.0,0.0,,
2026-06-29,1419,新紡,1109.0,-29.0,0.0,0.0,,
2026-06-29,1423,利華,99.0,-1.0,0.0,0.0,,
2026-06-29,1432,大魯閣,128.0,1.0,40.0,0.0,,
2026-06-29,1434,福懋,2810.0,14.0,2.0,0.0,,
2026-06-29,1435,中福,0.0,0.0,0.0,0.0,,
2026-06-29,1436,華友聯,1000.0,6.0,5.0,0.0,,
2026-06-29,1437,勤益控,1979.0,-2.0,0.0,0.0,,
2026-06-29,1438,三地開發,201.0,-32.0,0.0,0.0,,
2026-06-29,1439,雋揚,1058.0,1.0,0.0,0.0,,
2026-06-29,1440,南紡,5489.0,43.0,1.0,0.0,,
2026-06-29,1441,大東,0.0,0.0,0.0,0.0,,
2026-06-29,1442,名軒,3155.0,-57.0,5.0,0.0,,
2026-06-29,1443,立益物流,31.0,0.0,0.0,0.0,,
2026-06-29,1444,力麗,704.0,-55.0,0.0,0.0,,
2026-06-29,1445,大宇,1385.0,31.0,26.0,25.0,,
2026-06-29,1446,宏和,1926.0,-6.0,0.0,0.0,,
2026-06-29,1447,力鵬,1492.0,-10.0,0.0,0.0,,
2026-06-29,1449,佳和,3066.0,-15.0,4.0,-14.0,,
2026-06-29,1451,年興,621.0,-3.0,0.0,0.0,,
2026-06-29,1452,宏益,74.0,0.0,0.0,0.0,,
2026-06-29,1453,大將,1109.0,-6.0,0.0,0.0,,
2026-06-29,1454,台富,2197.0,0.0,0.0,0.0,,
2026-06-29,1455,集盛,3022.0,65.0,0.0,0.0,,
2026-06-29,1456,怡華,779.0,13.0,0.0,0.0,,
2026-06-29,1457,宜進,669.0,-4.0,1.0,0.0,,
2026-06-29,1459,聯發,422.0,0.0,0.0,0.0,,
2026-06-29,1460,宏遠,0.0,0.0,0.0,0.0,,
2026-06-29,1463,強盛新,439.0,14.0,0.0,0.0,,
2026-06-29,1464,得力,1896.0,-7.0,0.0,0.0,,
2026-06-29,1465,偉全,3300.0,2.0,0.0,0.0,,
2026-06-29,1466,聚隆,4082.0,33.0,6.0,1.0,,
2026-06-29,1467,南緯,5302.0,15.0,0.0,0.0,,
2026-06-29,1468,昶和,0.0,0.0,0.0,0.0,,
2026-06-29,1470,大統新創,6.0,0.0,0.0,0.0,,
2026-06-29,1471,首利,0.0,0.0,0.0,0.0,,
2026-06-29,1472,三洋實業,3890.0,30.0,0.0,0.0,,
2026-06-29,1473,台南,863.0,0.0,0.0,0.0,,
2026-06-29,1474,弘裕,3268.0,-6.0,0.0,0.0,,
2026-06-29,1475,業旺,443.0,0.0,0.0,0.0,,
2026-06-29,1476,儒鴻,949.0,-21.0,16.0,0.0,,
2026-06-29,1477,聚陽,1768.0,-12.0,5.0,-9.0,,
2026-06-29,1503,士電,3675.0,135.0,34.0,1.0,,
2026-06-29,1504,東元,32855.0,-118.0,56.0,4.0,,
2026-06-29,1506,正道,0.0,0.0,0.0,0.0,,
2026-06-29,1512,瑞利,0.0,0.0,0.0,0.0,,
2026-06-29,1513,中興電,9211.0,53.0,103.0,34.0,,
2026-06-29,1514,亞力,6531.0,43.0,108.0,-1.0,,
2026-06-29,1515,力山,3391.0,344.0,70.0,46.0,,
2026-06-29,1516,川飛,2.0,0.0,0.0,0.0,,
2026-06-29,1517,利奇,1542.0,-73.0,0.0,0.0,,
2026-06-29,1519,華城,3640.0,-70.0,24.0,-4.0,,
2026-06-29,1521,大億,437.0,0.0,0.0,0.0,,
2026-06-29,1522,堤維西,4396.0,-4.0,16.0,0.0,,
2026-06-29,1524,耿鼎,4505.0,-17.0,22.0,0.0,,
2026-06-29,1525,江申,244.0,0.0,0.0,0.0,,
2026-06-29,1526,日馳,610.0,-36.0,11.0,0.0,,
2026-06-29,1527,鑽全,554.0,1.0,0.0,0.0,,
2026-06-29,1528,恩德,7505.0,4.0,142.0,12.0,,
2026-06-29,1529,樂事綠能,3363.0,2.0,2.0,0.0,,
2026-06-29,1530,亞崴,302.0,-1.0,0.0,0.0,,
2026-06-29,1531,高林股,1659.0,0.0,1.0,0.0,,
2026-06-29,1532,勤美,2659.0,4.0,0.0,0.0,,
2026-06-29,1533,車王電,554.0,-36.0,9.0,0.0,,
2026-06-29,1535,中宇,69.0,0.0,0.0,0.0,,
2026-06-29,1536,和大,8849.0,-76.0,168.0,-1.0,,
2026-06-29,1537,廣隆,56.0,1.0,0.0,0.0,,
2026-06-29,1538,正峰,0.0,0.0,0.0,0.0,,
2026-06-29,1539,巨庭,1335.0,3.0,0.0,0.0,,
2026-06-29,1540,喬福,1756.0,15.0,0.0,0.0,,
2026-06-29,1541,錩泰,126.0,-3.0,0.0,0.0,,
2026-06-29,1558,伸興,284.0,0.0,0.0,0.0,,
2026-06-29,1560,中砂,1424.0,-49.0,147.0,10.0,,
2026-06-29,1563,巧新,5909.0,-174.0,3.0,0.0,,
2026-06-29,1568,倉佑,5624.0,-17.0,0.0,-7.0,,
2026-06-29,1582,信錦,4998.0,-64.0,18.0,-9.0,,
2026-06-29,1583,程泰,81.0,0.0,0.0,0.0,,
2026-06-29,1587,吉茂,1999.0,-12.0,24.0,3.0,,
2026-06-29,1589,永冠-KY,808.0,-2.0,0.0,0.0,,
2026-06-29,1590,亞德客-KY,139.0,7.0,1.0,0.0,,
2026-06-29,1597,直得,3850.0,-20.0,46.0,4.0,,
2026-06-29,1598,岱宇,2171.0,16.0,0.0,0.0,,
2026-06-29,1603,華電,2108.0,12.0,2.0,0.0,,
2026-06-29,1604,聲寶,234.0,30.0,0.0,0.0,,
2026-06-29,1605,華新,55084.0,254.0,509.0,7.0,,
2026-06-29,1608,華榮,8248.0,-49.0,6.0,0.0,,
2026-06-29,1609,大亞,12680.0,88.0,18.0,18.0,,
2026-06-29,1611,中電,3250.0,-7.0,4.0,0.0,,
2026-06-29,1612,宏泰,1772.0,0.0,0.0,0.0,,
2026-06-29,1614,三洋電,368.0,9.0,0.0,0.0,,
2026-06-29,1615,大山,165.0,-1.0,0.0,0.0,,
2026-06-29,1616,億泰,3141.0,-8.0,0.0,0.0,,
2026-06-29,1617,榮星,1882.0,-20.0,0.0,0.0,,
2026-06-29,1618,合機,3851.0,-4.0,1.0,0.0,,
2026-06-29,1626,艾美特-KY,1642.0,45.0,0.0,0.0,,
2026-06-29,1702,南僑,343.0,2.0,0.0,0.0,,
2026-06-29,1707,葡萄王,305.0,11.0,10.0,10.0,,
2026-06-29,1708,東鹼,9436.0,294.0,112.0,10.0,,
2026-06-29,1709,和益,1986.0,7.0,0.0,0.0,,
2026-06-29,1710,東聯,7733.0,1213.0,70.0,46.0,,
2026-06-29,1711,永光,22195.0,-211.0,181.0,-17.0,,
2026-06-29,1712,興農,451.0,-1.0,0.0,0.0,,
2026-06-29,1713,國化,2820.0,1.0,0.0,0.0,,
2026-06-29,1714,和桐,13064.0,-1226.0,623.0,-3.0,,
2026-06-29,1717,長興,23133.0,-994.0,173.0,173.0,,
2026-06-29,1718,中纖,16666.0,766.0,1075.0,537.0,,
2026-06-29,1720,生達,321.0,3.0,0.0,0.0,,
2026-06-29,1721,三晃,127.0,0.0,0.0,0.0,,
2026-06-29,1722,台肥,2927.0,14.0,0.0,0.0,,
2026-06-29,1723,中碳,682.0,-4.0,0.0,0.0,,
2026-06-29,1725,元禎,332.0,-27.0,0.0,0.0,,
2026-06-29,1726,永記,38.0,0.0,0.0,0.0,,
2026-06-29,1727,中華化,8412.0,-292.0,0.0,0.0,,
2026-06-29,1730,花仙子,49.0,7.0,0.0,0.0,,
2026-06-29,1731,美吾華,343.0,15.0,0.0,0.0,,
2026-06-29,1732,毛寶,565.0,-3.0,0.0,0.0,,
2026-06-29,1733,五鼎,2593.0,-1.0,0.0,0.0,,
2026-06-29,1734,杏輝,453.0,6.0,0.0,0.0,,
2026-06-29,1735,日勝化,825.0,8.0,0.0,0.0,,
2026-06-29,1736,喬山,1685.0,198.0,6.0,4.0,,
2026-06-29,1737,臺鹽,26.0,0.0,0.0,0.0,,
2026-06-29,1752,南光,321.0,0.0,0.0,0.0,,
2026-06-29,1760,寶齡富錦,1091.0,12.0,0.0,0.0,,
2026-06-29,1762,中化生,817.0,13.0,7.0,0.0,,
2026-06-29,1773,勝一,1299.0,-21.0,0.0,-1.0,,
2026-06-29,1776,展宇,992.0,0.0,0.0,0.0,,
2026-06-29,1783,和康生,618.0,-10.0,0.0,0.0,,
2026-06-29,1786,科妍,5073.0,-5.0,3.0,2.0,,
2026-06-29,1789,神隆,3539.0,-16.0,0.0,0.0,,
2026-06-29,1795,美時,8606.0,16.0,20.0,-9.0,,
2026-06-29,1802,台玻,53302.0,-1305.0,2921.0,-322.0,,
2026-06-29,1805,寶徠,1358.0,0.0,0.0,0.0,,
2026-06-29,1806,冠軍,3061.0,-7.0,0.0,0.0,,
2026-06-29,1808,潤隆,6014.0,73.0,3.0,0.0,,
2026-06-29,1809,中釉,7888.0,-168.0,211.0,14.0,,
2026-06-29,1810,和成,18831.0,9.0,2.0,2.0,,
2026-06-29,1817,凱撒衛,17.0,-3.0,0.0,0.0,,
2026-06-29,1903,士紙,2621.0,-117.0,20.0,0.0,,
2026-06-29,1904,正隆,5119.0,-49.0,1.0,1.0,,
2026-06-29,1905,華紙,9614.0,745.0,658.0,84.0,,
2026-06-29,1906,寶隆,7355.0,9.0,1.0,0.0,,
2026-06-29,1907,永豐餘,24506.0,2.0,0.0,0.0,,
2026-06-29,1909,榮成,8290.0,0.0,1.0,0.0,,
2026-06-29,2002,中鋼,45226.0,48.0,656.0,0.0,,
2026-06-29,2006,東和鋼鐵,1114.0,-30.0,1.0,0.0,,
2026-06-29,2007,燁興,5.0,0.0,0.0,0.0,,
2026-06-29,2008,高興昌,149.0,0.0,0.0,0.0,,
2026-06-29,2009,第一銅,6812.0,1.0,4.0,1.0,,
2026-06-29,2010,春源,1892.0,125.0,0.0,0.0,,
2026-06-29,2012,春雨,258.0,75.0,0.0,0.0,,
2026-06-29,2013,中鋼構,1447.0,-2.0,0.0,0.0,,
2026-06-29,2014,中鴻,1925.0,-71.0,0.0,0.0,,
2026-06-29,2015,豐興,37.0,-2.0,0.0,0.0,,
2026-06-29,2017,官田鋼,8143.0,215.0,0.0,0.0,,
2026-06-29,2020,美亞,847.0,-3.0,0.0,0.0,,
2026-06-29,2022,聚亨,1178.0,-10.0,1.0,0.0,,
2026-06-29,2023,燁輝,4104.0,-120.0,2.0,0.0,,
2026-06-29,2024,志聯,65.0,5.0,0.0,0.0,,
2026-06-29,2025,千興,0.0,0.0,0.0,0.0,,
2026-06-29,2027,大成鋼,30150.0,-236.0,282.0,-34.0,,
2026-06-29,2028,威致,1206.0,3.0,0.0,0.0,,
2026-06-29,2029,盛餘,399.0,-2.0,0.0,0.0,,
2026-06-29,2030,彰源,3813.0,-5.0,1.0,0.0,,
2026-06-29,2031,新光鋼,1075.0,14.0,6.0,0.0,,
2026-06-29,2032,新鋼,2521.0,-41.0,0.0,0.0,,
2026-06-29,2033,佳大,2762.0,-2.0,0.0,0.0,,
2026-06-29,2034,允強,4255.0,-7.0,0.0,0.0,,
2026-06-29,2038,海光,4070.0,-20.0,1.0,0.0,,
2026-06-29,2049,上銀,3591.0,-83.0,109.0,-107.0,,
2026-06-29,2059,川湖,403.0,-4.0,0.0,0.0,,
2026-06-29,2062,橋椿,1467.0,-8.0,1.0,0.0,,
2026-06-29,2069,運錩,518.0,4.0,0.0,0.0,,
2026-06-29,2101,南港,24009.0,-36.0,12.0,1.0,,
2026-06-29,2102,泰豐,3993.0,8.0,2.0,0.0,,
2026-06-29,2103,台橡,10517.0,86.0,2.0,0.0,,
2026-06-29,2104,國際中橡,19908.0,-466.0,59.0,0.0,,
2026-06-29,2105,正新,10933.0,-280.0,13.0,0.0,,
2026-06-29,2106,建大,2989.0,-11.0,0.0,0.0,,
2026-06-29,2107,厚生,118.0,0.0,0.0,0.0,,
2026-06-29,2108,南帝,3108.0,-8.0,47.0,0.0,,
2026-06-29,2109,華豐,698.0,-1.0,0.0,0.0,,
2026-06-29,2114,鑫永銓,9.0,0.0,0.0,0.0,,
2026-06-29,2115,六暉-KY,573.0,-1.0,3.0,0.0,,
2026-06-29,2201,裕隆,10834.0,-240.0,11.0,3.0,,
2026-06-29,2204,中華,1256.0,50.0,3.0,2.0,,
2026-06-29,2206,三陽工業,5214.0,-5.0,1.0,0.0,,
2026-06-29,2207,和泰車,92.0,0.0,0.0,0.0,,
2026-06-29,2208,台船,0.0,0.0,0.0,0.0,,
2026-06-29,2211,長榮鋼,462.0,2.0,0.0,0.0,,
2026-06-29,2228,劍麟,1841.0,-1.0,3.0,2.0,,
2026-06-29,2231,為升,3571.0,83.0,67.0,36.0,,
2026-06-29,2233,宇隆,6167.0,-1097.0,115.0,100.0,,
2026-06-29,2236,百達-KY,11971.0,-63.0,17.0,-1.0,,
2026-06-29,2239,英利-KY,1526.0,0.0,0.0,0.0,,
2026-06-29,2241,艾姆勒,8164.0,-191.0,85.0,-1.0,,
2026-06-29,2243,宏旭-KY,1277.0,4.0,32.0,-2.0,,
2026-06-29,2247,汎德永業,139.0,1.0,1.0,0.0,,
2026-06-29,2248,華勝-KY,307.0,0.0,0.0,0.0,,
2026-06-29,2250,IKKA-KY,1378.0,-13.0,0.0,0.0,,
2026-06-29,2254,巨鎧精密-創,2516.0,0.0,0.0,0.0,,
2026-06-29,2301,光寶科,19400.0,-316.0,216.0,40.0,,
2026-06-29,2302,麗正,4161.0,30.0,0.0,0.0,,
2026-06-29,2303,聯電,234306.0,2879.0,2029.0,-491.0,,
2026-06-29,2305,全友,7129.0,-40.0,174.0,-13.0,,
2026-06-29,2308,台達電,7577.0,207.0,115.0,-9.0,,
2026-06-29,2312,金寶,52986.0,-257.0,924.0,29.0,,
2026-06-29,2313,華通,44260.0,-284.0,614.0,23.0,,
2026-06-29,2314,台揚,0.0,0.0,0.0,0.0,,
2026-06-29,2316,楠梓電,4586.0,86.0,211.0,-51.0,,
2026-06-29,2317,鴻海,52354.0,3317.0,0.0,-20.0,,
2026-06-29,2321,東訊,0.0,0.0,0.0,0.0,,
2026-06-29,2323,中環,29885.0,-175.0,48.0,1.0,,
2026-06-29,2324,仁寶,60483.0,64.0,717.0,-43.0,,
2026-06-29,2327,國巨*,51366.0,-1698.0,421.0,-415.0,,
2026-06-29,2328,廣宇,18494.0,-265.0,0.0,0.0,,
2026-06-29,2329,華泰,17746.0,85.0,220.0,-22.0,,
2026-06-29,2330,台積電,31486.0,271.0,21.0,-22.0,,
2026-06-29,2331,精英,9868.0,-16.0,99.0,2.0,,
2026-06-29,2332,友訊,21829.0,-82.0,142.0,44.0,,
2026-06-29,2337,旺宏,97231.0,2518.0,2278.0,259.0,,
2026-06-29,2338,光罩,6803.0,-39.0,82.0,-8.0,,
2026-06-29,2340,台亞,8708.0,-77.0,282.0,-70.0,,
2026-06-29,2342,茂矽,6612.0,-98.0,156.0,-4.0,,
2026-06-29,2344,華邦電,134708.0,392.0,6266.0,804.0,,
2026-06-29,2345,智邦,1528.0,37.0,14.0,-1.0,,
2026-06-29,2347,聯強,2434.0,10.0,8.0,-3.0,,
2026-06-29,2348,海悅,2028.0,7.0,5.0,0.0,,
2026-06-29,2349,錸德,0.0,0.0,0.0,0.0,,
2026-06-29,2351,順德,24019.0,210.0,169.0,7.0,,
2026-06-29,2352,佳世達,14740.0,670.0,62.0,19.0,,
2026-06-29,2353,宏碁,42158.0,24.0,13860.0,683.0,,
2026-06-29,2354,鴻準,26121.0,-96.0,0.0,0.0,,
2026-06-29,2355,敬鵬,13707.0,-36.0,28.0,1.0,,
2026-06-29,2356,英業達,30243.0,-372.0,1144.0,-14.0,,
2026-06-29,2357,華碩,2081.0,13.0,0.0,0.0,,
2026-06-29,2359,所羅門,5948.0,-87.0,480.0,-2.0,,
2026-06-29,2360,致茂,915.0,-2.0,0.0,0.0,,
2026-06-29,2362,藍天,2691.0,47.0,2.0,2.0,,
2026-06-29,2363,矽統,22606.0,488.0,333.0,-108.0,,
2026-06-29,2364,倫飛,752.0,-14.0,0.0,0.0,,
2026-06-29,2365,昆盈,9795.0,-222.0,217.0,195.0,,
2026-06-29,2367,燿華,35208.0,-50.0,1284.0,-195.0,,
2026-06-29,2368,金像電,5266.0,-95.0,483.0,38.0,,
2026-06-29,2369,菱生,14209.0,-88.0,589.0,52.0,,
2026-06-29,2371,大同,54151.0,122.0,337.0,-230.0,,
2026-06-29,2373,震旦行,48.0,0.0,0.0,0.0,,
2026-06-29,2374,佳能,21237.0,-521.0,37.0,-1.0,,
2026-06-29,2375,凱美,10043.0,117.0,383.0,-38.0,,
2026-06-29,2376,技嘉,8229.0,-137.0,368.0,0.0,,
2026-06-29,2377,微星,16529.0,-248.0,350.0,-136.0,,
2026-06-29,2379,瑞昱,2850.0,-9.0,58.0,21.0,,
2026-06-29,2380,虹光,0.0,0.0,0.0,0.0,,
2026-06-29,2382,廣達,11158.0,-322.0,1046.0,29.0,,
2026-06-29,2383,台光電,1578.0,3.0,92.0,8.0,,
2026-06-29,2385,群光,3386.0,82.0,19.0,-2.0,,
2026-06-29,2387,精元,1387.0,-3.0,2.0,0.0,,
2026-06-29,2388,威盛,11778.0,172.0,67.0,19.0,,
2026-06-29,2390,云辰,1954.0,62.0,12.0,0.0,,
2026-06-29,2392,正崴,4894.0,-41.0,12.0,0.0,,
2026-06-29,2393,億光,2352.0,15.0,77.0,-23.0,,
2026-06-29,2395,研華,1728.0,-14.0,10.0,-4.0,,
2026-06-29,2397,友通,1621.0,13.0,0.0,0.0,,
2026-06-29,2399,映泰,10956.0,-1.0,198.0,-22.0,,
2026-06-29,2401,凌陽,9180.0,-353.0,119.0,-11.0,,
2026-06-29,2402,毅嘉,14020.0,2.0,287.0,-22.0,,
2026-06-29,2404,漢唐,2398.0,101.0,16.0,-7.0,,
2026-06-29,2405,輔信,9320.0,-123.0,8.0,-2.0,,
2026-06-29,2406,國碩,12827.0,-2183.0,309.0,112.0,,
2026-06-29,2408,南亞科,81702.0,1510.0,1877.0,923.0,,
2026-06-29,2409,友達,234303.0,11518.0,18469.0,-3624.0,,
2026-06-29,2412,中華電,440.0,76.0,7.0,-2.0,,
2026-06-29,2413,環科,4486.0,28.0,15.0,0.0,,
2026-06-29,2414,精技,691.0,12.0,1.0,0.0,,
2026-06-29,2415,錩新,2503.0,58.0,10.0,2.0,,
2026-06-29,2417,圓剛,4057.0,7.0,10.0,1.0,,
2026-06-29,2419,仲琦,7041.0,-107.0,8.0,0.0,,
2026-06-29,2420,新巨,1347.0,52.0,1.0,0.0,,
2026-06-29,2421,建準,5605.0,-19.0,5.0,-4.0,,
2026-06-29,2423,固緯,550.0,-10.0,0.0,0.0,,
2026-06-29,2424,隴華,0.0,0.0,0.0,0.0,,
2026-06-29,2425,承啟,3349.0,386.0,0.0,-15.0,,
2026-06-29,2426,鼎元,20477.0,347.0,369.0,-17.0,,
2026-06-29,2427,三商電,5186.0,-4.0,15.0,-1.0,,
2026-06-29,2428,興勤,1612.0,27.0,19.0,-1.0,,
2026-06-29,2429,銘旺科,3034.0,-216.0,0.0,0.0,,
2026-06-29,2430,燦坤,114.0,24.0,2.0,0.0,,
2026-06-29,2431,聯昌,1715.0,-13.0,0.0,0.0,,
2026-06-29,2432,倚天酷碁-創,337.0,-3.0,0.0,0.0,,
2026-06-29,2433,互盛電,48.0,0.0,0.0,0.0,,
2026-06-29,2434,統懋,264.0,-19.0,0.0,0.0,,
2026-06-29,2436,偉詮電,7075.0,-64.0,0.0,0.0,,
2026-06-29,2438,翔耀,0.0,0.0,0.0,0.0,,
2026-06-29,2439,美律,3865.0,6.0,46.0,41.0,,
2026-06-29,2440,太空梭,1446.0,-122.0,0.0,0.0,,
2026-06-29,2441,超豐,8486.0,156.0,366.0,-144.0,,
2026-06-29,2442,新美齊,4552.0,15.0,12.0,0.0,,
2026-06-29,2444,兆勁,0.0,0.0,0.0,0.0,,
2026-06-29,2449,京元電子,20115.0,617.0,296.0,5.0,,
2026-06-29,2450,神腦,107.0,-3.0,0.0,0.0,,
2026-06-29,2451,創見,5509.0,124.0,13.0,12.0,,
2026-06-29,2453,凌群,2773.0,-8.0,2.0,0.0,,
2026-06-29,2454,聯發科,9957.0,104.0,106.0,-65.0,,
2026-06-29,2455,全新,9563.0,-300.0,9.0,8.0,,
2026-06-29,2457,飛宏,14812.0,-136.0,84.0,3.0,,
2026-06-29,2458,義隆,4664.0,634.0,258.0,65.0,,
2026-06-29,2459,敦吉,121.0,0.0,0.0,0.0,,
2026-06-29,2460,建通,319.0,-2.0,0.0,0.0,,
2026-06-29,2461,光群雷,8492.0,-15.0,0.0,0.0,,
2026-06-29,2462,良得電,2646.0,-39.0,0.0,0.0,,
2026-06-29,2464,盟立,14655.0,23.0,950.0,-117.0,,
2026-06-29,2465,麗臺,2902.0,17.0,22.0,2.0,,
2026-06-29,2466,冠西電,4673.0,-254.0,14.0,1.0,,
2026-06-29,2467,志聖,2028.0,25.0,43.0,9.0,,
2026-06-29,2468,華經,3644.0,27.0,19.0,3.0,,
2026-06-29,2471,資通,1351.0,-3.0,0.0,0.0,,
2026-06-29,2472,立隆電,10989.0,304.0,152.0,61.0,,
2026-06-29,2474,可成,11612.0,-57.0,2.0,-32.0,,
2026-06-29,2476,鉅祥,38253.0,-4.0,113.0,7.0,,
2026-06-29,2477,美隆電,1255.0,12.0,31.0,0.0,,
2026-06-29,2478,大毅,12138.0,-375.0,157.0,-83.0,,
2026-06-29,2480,敦陽科,416.0,14.0,1.0,1.0,,
2026-06-29,2481,強茂,13296.0,-89.0,771.0,-152.0,,
2026-06-29,2482,連宇,2121.0,20.0,0.0,0.0,,
2026-06-29,2483,百容,2297.0,-251.0,586.0,172.0,,
2026-06-29,2484,希華,19755.0,2151.0,1061.0,408.0,,
2026-06-29,2485,兆赫,17251.0,-184.0,685.0,-276.0,,
2026-06-29,2486,一詮,22018.0,-282.0,589.0,-129.0,,
2026-06-29,2488,漢平,531.0,-1.0,0.0,0.0,,
2026-06-29,2489,瑞軒,52109.0,-796.0,140.0,50.0,,
2026-06-29,2491,吉祥全,2678.0,-26.0,4.0,0.0,,
2026-06-29,2492,華新科,10550.0,-37.0,246.0,-292.0,,
2026-06-29,2493,揚博,12918.0,100.0,52.0,-3.0,,
2026-06-29,2495,普安,10617.0,-183.0,161.0,-27.0,,
2026-06-29,2496,卓越,46.0,0.0,0.0,0.0,,
2026-06-29,2497,怡利電,3786.0,50.0,0.0,0.0,,
2026-06-29,2498,宏達電,30039.0,-156.0,142.0,-94.0,,
2026-06-29,2501,國建,4789.0,49.0,6.0,0.0,,
2026-06-29,2504,國產,4825.0,-229.0,4.0,0.0,,
2026-06-29,2505,國揚,3215.0,-25.0,0.0,0.0,,
2026-06-29,2506,太設,1864.0,-2.0,1.0,0.0,,
2026-06-29,2509,全坤建,672.0,-58.0,1.0,0.0,,
2026-06-29,2511,太子,3432.0,-8.0,0.0,0.0,,
2026-06-29,2514,龍邦,18088.0,11.0,0.0,0.0,,
2026-06-29,2515,中工,25209.0,-703.0,41.0,-3.0,,
2026-06-29,2516,新建,0.0,0.0,0.0,0.0,,
2026-06-29,2520,冠德,3647.0,-197.0,23.0,1.0,,
2026-06-29,2524,京城,3263.0,-2.0,0.0,0.0,,
2026-06-29,2527,宏璟,3643.0,-61.0,3.0,0.0,,
2026-06-29,2528,皇普,6444.0,40.0,1.0,1.0,,
2026-06-29,2530,華建,6286.0,29.0,3.0,0.0,,
2026-06-29,2534,宏盛,12045.0,10.0,84.0,0.0,,
2026-06-29,2535,達欣工,308.0,3.0,16.0,0.0,,
2026-06-29,2536,宏普,7187.0,-5.0,0.0,0.0,,
2026-06-29,2537,聯上發,3284.0,36.0,2.0,0.0,,
2026-06-29,2538,基泰,2498.0,2.0,0.0,0.0,,
2026-06-29,2539,櫻花建,2267.0,-54.0,5.0,0.0,,
2026-06-29,2540,愛山林,2855.0,-21.0,13.0,0.0,,
2026-06-29,2542,興富發,7271.0,14.0,129.0,18.0,,
2026-06-29,2543,皇昌,12062.0,-178.0,64.0,2.0,,
2026-06-29,2545,皇翔,2849.0,-10.0,0.0,0.0,,
2026-06-29,2546,根基,70.0,3.0,0.0,0.0,,
2026-06-29,2547,日勝生,10960.0,-138.0,15.0,0.0,,
2026-06-29,2548,華固,2241.0,15.0,5.0,0.0,,
2026-06-29,2597,潤弘,188.0,-3.0,17.0,-12.0,,
2026-06-29,2601,益航,717.0,0.0,0.0,0.0,,
2026-06-29,2603,長榮,16428.0,1199.0,13.0,-66.0,,
2026-06-29,2605,新興,12391.0,-400.0,0.0,0.0,,
2026-06-29,2606,裕民,3687.0,-90.0,6.0,0.0,,
2026-06-29,2607,榮運,875.0,-16.0,0.0,0.0,,
2026-06-29,2608,嘉里大榮,1310.0,0.0,1.0,0.0,,
2026-06-29,2609,陽明,36166.0,-134.0,69.0,10.0,,
2026-06-29,2610,華航,45593.0,2095.0,290.0,-21.0,,
2026-06-29,2611,志信,2038.0,-3.0,2.0,0.0,,
2026-06-29,2612,中航,1906.0,12.0,0.0,0.0,,
2026-06-29,2613,中櫃,2090.0,-12.0,2.0,0.0,,
2026-06-29,2614,東森,5794.0,-17.0,0.0,0.0,,
2026-06-29,2615,萬海,19352.0,333.0,19.0,1.0,,
2026-06-29,2616,山隆,457.0,-6.0,1.0,0.0,,
2026-06-29,2617,台航,2605.0,22.0,0.0,0.0,,
2026-06-29,2618,長榮航,43990.0,660.0,609.0,-149.0,,
2026-06-29,2630,亞航,5569.0,-119.0,4.0,4.0,,
2026-06-29,2633,台灣高鐵,2133.0,-40.0,2.0,0.0,,
2026-06-29,2634,漢翔,22476.0,488.0,27.0,1.0,,
2026-06-29,2636,台驊控股,593.0,21.0,1.0,0.0,,
2026-06-29,2637,慧洋-KY,2632.0,-42.0,7.0,0.0,,
2026-06-29,2642,宅配通,569.0,-1.0,3.0,0.0,,
2026-06-29,2645,長榮航太,2516.0,119.0,0.0,-1.0,,
2026-06-29,2646,星宇航空,4372.0,-14.0,24.0,-48.0,,
2026-06-29,2701,萬企,746.0,-4.0,0.0,0.0,,
2026-06-29,2702,華園,441.0,-2.0,0.0,0.0,,
2026-06-29,2704,國賓,139.0,0.0,0.0,0.0,,
2026-06-29,2705,六福,537.0,1.0,0.0,0.0,,
2026-06-29,2706,第一店,852.0,6.0,0.0,0.0,,
2026-06-29,2707,晶華,122.0,-1.0,0.0,0.0,,
2026-06-29,2712,遠雄來,7.0,0.0,0.0,0.0,,
2026-06-29,2722,夏都,430.0,4.0,0.0,0.0,,
2026-06-29,2723,美食-KY,1785.0,-97.0,1.0,0.0,,
2026-06-29,2727,王品,351.0,-7.0,3.0,0.0,,
2026-06-29,2731,雄獅,1230.0,17.0,16.0,0.0,,
2026-06-29,2739,寒舍,820.0,-36.0,0.0,0.0,,
2026-06-29,2748,雲品,680.0,-6.0,0.0,0.0,,
2026-06-29,2753,八方雲集,612.0,1.0,0.0,0.0,,
2026-06-29,2762,世界健身-KY,153.0,5.0,0.0,0.0,,
2026-06-29,2801,彰銀,11841.0,1210.0,74.0,-11.0,,
2026-06-29,2812,台中銀,4868.0,-43.0,1.0,0.0,,
2026-06-29,2816,旺旺保,593.0,1.0,2.0,0.0,,
2026-06-29,2820,華票,637.0,6.0,0.0,0.0,,
2026-06-29,2832,台產,451.0,17.0,0.0,0.0,,
2026-06-29,2834,臺企銀,6704.0,-214.0,13.0,0.0,,
2026-06-29,2836,高雄銀,5916.0,1.0,10.0,1.0,,
2026-06-29,2838,聯邦銀,1761.0,-14.0,4.0,0.0,,
2026-06-29,2845,遠東銀,10820.0,-118.0,32.0,0.0,,
2026-06-29,2849,安泰銀,95.0,1.0,0.0,0.0,,
2026-06-29,2850,新產,236.0,4.0,0.0,0.0,,
2026-06-29,2851,中再保,965.0,26.0,0.0,0.0,,
2026-06-29,2852,第一保,1080.0,0.0,0.0,0.0,,
2026-06-29,2855,統一證,7777.0,77.0,133.0,69.0,,
2026-06-29,2867,三商壽,3119.0,12.0,2.0,0.0,,
2026-06-29,2880,華南金,590.0,-49.0,26.0,5.0,,
2026-06-29,2881,富邦金,4766.0,-2398.0,0.0,0.0,,
2026-06-29,2882,國泰金,6864.0,2976.0,0.0,0.0,,
2026-06-29,2883,凱基金,15058.0,-250.0,0.0,0.0,,
2026-06-29,2884,玉山金,4793.0,79.0,0.0,0.0,,
2026-06-29,2885,元大金,2085.0,-201.0,35.0,0.0,,
2026-06-29,2886,兆豐金,1670.0,1090.0,57.0,0.0,,
2026-06-29,2887,台新新光金,43480.0,-197.0,1210.0,39.0,,
2026-06-29,2889,國票金,1739.0,-47.0,1.0,0.0,,
2026-06-29,2890,永豐金,1716.0,-30.0,405.0,0.0,,
2026-06-29,2891,中信金,3051.0,-212.0,65.0,-1.0,,
2026-06-29,2892,第一金,8358.0,1051.0,15.0,0.0,,
2026-06-29,2897,王道銀行,1880.0,-38.0,1.0,1.0,,
2026-06-29,2901,欣欣,484.0,0.0,0.0,0.0,,
2026-06-29,2903,遠百,1479.0,-1.0,0.0,0.0,,
2026-06-29,2904,匯僑,32.0,0.0,0.0,0.0,,
2026-06-29,2905,三商,8867.0,-70.0,1.0,0.0,,
2026-06-29,2906,高林,779.0,255.0,2.0,2.0,,
2026-06-29,2908,特力,14302.0,-4.0,0.0,0.0,,
2026-06-29,2910,統領,3.0,0.0,0.0,0.0,,
2026-06-29,2911,麗嬰房,248.0,28.0,0.0,0.0,,
2026-06-29,2912,統一超,626.0,0.0,0.0,0.0,,
2026-06-29,2913,農林,7307.0,-23.0,0.0,0.0,,
2026-06-29,2915,潤泰全,9195.0,-57.0,18.0,0.0,,
2026-06-29,2929,淘帝-KY,1867.0,1.0,0.0,0.0,,
2026-06-29,2939,永邑-KY,243.0,1.0,0.0,0.0,,
2026-06-29,3002,歐格,1975.0,9.0,20.0,1.0,,
2026-06-29,3003,健和興,3785.0,-14.0,14.0,0.0,,
2026-06-29,3004,豐達科,1903.0,7.0,2.0,0.0,,
2026-06-29,3005,神基,5177.0,-32.0,80.0,-1.0,,
2026-06-29,3006,晶豪科,21255.0,-1.0,0.0,-16.0,,
2026-06-29,3008,大立光,1700.0,33.0,18.0,-4.0,,
2026-06-29,3010,華立,1308.0,6.0,3.0,-2.0,,
2026-06-29,3011,今皓,3217.0,91.0,55.0,0.0,,
2026-06-29,3013,晟銘電,12199.0,63.0,12.0,1.0,,
2026-06-29,3014,聯陽,2477.0,7.0,4.0,2.0,,
2026-06-29,3015,全漢,2292.0,-42.0,2.0,2.0,,
2026-06-29,3016,嘉晶,7701.0,115.0,69.0,69.0,,
2026-06-29,3017,奇鋐,4870.0,-50.0,54.0,-21.0,,
2026-06-29,3018,隆銘綠能,1.0,0.0,0.0,0.0,,
2026-06-29,3019,亞光,12732.0,-59.0,57.0,-36.0,,
2026-06-29,3021,鴻名,565.0,13.0,0.0,-1.0,,
2026-06-29,3022,威強電,5990.0,25.0,8.0,1.0,,
2026-06-29,3023,信邦,1093.0,-91.0,19.0,3.0,,
2026-06-29,3024,憶聲,4926.0,70.0,0.0,0.0,,
2026-06-29,3025,星通,1940.0,-15.0,3.0,0.0,,
2026-06-29,3026,禾伸堂,9082.0,-52.0,70.0,12.0,,
2026-06-29,3027,盛達,4971.0,4.0,1.0,1.0,,
2026-06-29,3028,增你強,3805.0,55.0,7.0,0.0,,
2026-06-29,3029,零壹,3537.0,-48.0,13.0,2.0,,
2026-06-29,3030,德律,11243.0,51.0,21.0,10.0,,
2026-06-29,3031,佰鴻,6649.0,446.0,25.0,8.0,,
2026-06-29,3032,偉訓,8346.0,-33.0,18.0,0.0,,
2026-06-29,3033,威健,10335.0,150.0,221.0,-15.0,,
2026-06-29,3034,聯詠,3138.0,-230.0,165.0,0.0,,
2026-06-29,3035,智原,12696.0,-289.0,75.0,-93.0,,
2026-06-29,3036,文曄,13318.0,106.0,747.0,372.0,,
2026-06-29,3037,欣興,37736.0,577.0,122.0,-34.0,,
2026-06-29,3038,全台,1213.0,-45.0,30.0,-47.0,,
2026-06-29,3040,遠見,12271.0,-8.0,5.0,0.0,,
2026-06-29,3041,揚智,3615.0,86.0,190.0,-3.0,,
2026-06-29,3042,晶技,17862.0,-330.0,59.0,-17.0,,
2026-06-29,3043,科風,1172.0,0.0,0.0,0.0,,
2026-06-29,3044,健鼎,5570.0,6.0,136.0,90.0,,
2026-06-29,3045,台灣大,343.0,13.0,0.0,0.0,,
2026-06-29,3046,建碁,906.0,10.0,8.0,3.0,,
2026-06-29,3047,訊舟,6910.0,20.0,3.0,0.0,,
2026-06-29,3048,益登,6971.0,83.0,37.0,-7.0,,
2026-06-29,3049,精金,0.0,0.0,0.0,0.0,,
2026-06-29,3050,鈺德,3683.0,37.0,0.0,0.0,,
2026-06-29,3051,力特,4470.0,90.0,5.0,0.0,,
2026-06-29,3052,夆典,1370.0,0.0,0.0,0.0,,
2026-06-29,3054,立萬利,1057.0,6.0,0.0,0.0,,
2026-06-29,3055,蔚華科,7649.0,192.0,59.0,29.0,,
2026-06-29,3056,富華新,5352.0,4.0,123.0,0.0,,
2026-06-29,3057,喬鼎,0.0,0.0,0.0,0.0,,
2026-06-29,3058,立德,0.0,0.0,0.0,0.0,,
2026-06-29,3059,華晶科,13824.0,-47.0,46.0,5.0,,
2026-06-29,3060,銘異,9247.0,149.0,128.0,-3.0,,
2026-06-29,3062,建漢,12301.0,175.0,55.0,-42.0,,
2026-06-29,3090,日電貿,5152.0,-89.0,0.0,-21.0,,
2026-06-29,3092,鴻碩,3715.0,-44.0,0.0,-1.0,,
2026-06-29,3094,聯傑,3037.0,-4.0,19.0,6.0,,
2026-06-29,3130,一零四,10.0,0.0,0.0,0.0,,
2026-06-29,3135,凌航,2269.0,-27.0,114.0,-3.0,,
2026-06-29,3138,耀登,2996.0,7.0,21.0,1.0,,
2026-06-29,3149,正達,22956.0,-288.0,603.0,104.0,,
2026-06-29,3150,鈺寶-創,272.0,2.0,0.0,0.0,,
2026-06-29,3164,景岳,298.0,5.0,6.0,0.0,,
2026-06-29,3167,大量,10878.0,-32.0,40.0,-6.0,,
2026-06-29,3168,眾福科,36.0,0.0,0.0,0.0,,
2026-06-29,3189,景碩,20480.0,1358.0,0.0,-5.0,,
2026-06-29,3209,全科,6036.0,-31.0,16.0,-3.0,,
2026-06-29,3229,晟鈦,0.0,0.0,0.0,0.0,,
2026-06-29,3231,緯創,47092.0,443.0,89.0,-20.0,,
2026-06-29,3257,虹冠電,2819.0,-5.0,13.0,4.0,,
2026-06-29,3266,昇陽,382.0,-4.0,0.0,0.0,,
2026-06-29,3296,勝德,1879.0,-17.0,2.0,0.0,,
2026-06-29,3305,昇貿,8038.0,-233.0,111.0,12.0,,
2026-06-29,3308,聯德,672.0,-3.0,0.0,0.0,,
2026-06-29,3311,閎暉,2339.0,5.0,0.0,0.0,,
2026-06-29,3312,弘憶股,5927.0,-56.0,63.0,7.0,,
2026-06-29,3321,同泰,0.0,0.0,0.0,0.0,,
2026-06-29,3338,泰碩,4198.0,-22.0,24.0,24.0,,
2026-06-29,3346,麗清,2574.0,55.0,3.0,0.0,,
2026-06-29,3356,奇偶,1848.0,-29.0,8.0,0.0,,
2026-06-29,3376,新日興,12466.0,-34.0,212.0,-2.0,,
2026-06-29,3380,明泰,5464.0,-117.0,12.0,5.0,,
2026-06-29,3406,玉晶光,2734.0,-46.0,142.0,113.0,,
2026-06-29,3413,京鼎,4378.0,293.0,4.0,1.0,,
2026-06-29,3416,融程電,1103.0,55.0,0.0,0.0,,
2026-06-29,3419,譁裕,1120.0,0.0,0.0,0.0,,
2026-06-29,3432,台端,0.0,0.0,0.0,0.0,,
2026-06-29,3437,榮創,3431.0,-21.0,22.0,20.0,,
2026-06-29,3443,創意,4561.0,-31.0,22.0,-2.0,,
2026-06-29,3447,展達,2679.0,-24.0,0.0,0.0,,
2026-06-29,3450,聯鈞,20147.0,-67.0,375.0,33.0,,
2026-06-29,3481,群創,439362.0,10053.0,6917.0,967.0,,
2026-06-29,3494,誠研,0.0,0.0,0.0,0.0,,
2026-06-29,3501,維熹,1116.0,48.0,0.0,0.0,,
2026-06-29,3504,揚明光,2996.0,-14.0,109.0,-11.0,,
2026-06-29,3515,華擎,1568.0,0.0,0.0,0.0,,
2026-06-29,3518,柏騰,4027.0,-38.0,26.0,9.0,,
2026-06-29,3528,安馳,2515.0,-21.0,2.0,0.0,,
2026-06-29,3530,晶相光,1396.0,30.0,0.0,0.0,,
2026-06-29,3532,台勝科,9883.0,-95.0,57.0,-2.0,,
2026-06-29,3533,嘉澤,574.0,-19.0,6.0,1.0,,
2026-06-29,3535,晶彩科,7461.0,-31.0,100.0,10.0,,
2026-06-29,3543,州巧,5409.0,-65.0,0.0,0.0,,
2026-06-29,3545,敦泰,4526.0,24.0,38.0,3.0,,
2026-06-29,3550,聯穎,14464.0,-205.0,172.0,-26.0,,
2026-06-29,3557,嘉威,410.0,4.0,0.0,0.0,,
2026-06-29,3563,牧德,5718.0,-13.0,4.0,4.0,,
2026-06-29,3576,聯合再生,0.0,0.0,0.0,0.0,,
2026-06-29,3583,辛耘,2084.0,22.0,80.0,25.0,,
2026-06-29,3588,通嘉,2302.0,-298.0,18.0,-5.0,,
2026-06-29,3591,艾笛森,26316.0,-67.0,23.0,-14.0,,
2026-06-29,3592,瑞鼎,842.0,-22.0,0.0,0.0,,
2026-06-29,3593,力銘,0.0,0.0,0.0,0.0,,
2026-06-29,3596,智易,1777.0,-57.0,16.0,-11.0,,
2026-06-29,3605,宏致,7184.0,-252.0,50.0,30.0,,
2026-06-29,3607,谷崧,2021.0,-4.0,0.0,0.0,,
2026-06-29,3617,碩天,1961.0,-33.0,1.0,0.0,,
2026-06-29,3622,洋華,1980.0,-1.0,0.0,0.0,,
2026-06-29,3645,達邁,7767.0,-87.0,11.0,-2.0,,
2026-06-29,3652,精聯,602.0,-236.0,10.0,10.0,,
2026-06-29,3653,健策,2381.0,-1.0,21.0,4.0,,
2026-06-29,3661,世芯-KY,5675.0,-63.0,69.0,-1.0,,
2026-06-29,3665,貿聯-KY,3491.0,-14.0,8.0,0.0,,
2026-06-29,3669,圓展,903.0,-6.0,0.0,0.0,,
2026-06-29,3673,TPK-KY,18397.0,-345.0,266.0,7.0,,
2026-06-29,3679,新至陞,111.0,0.0,0.0,0.0,,
2026-06-29,3686,達能,0.0,0.0,0.0,0.0,,
2026-06-29,3694,海華,7582.0,16.0,1.0,0.0,,
2026-06-29,3701,大眾控,7868.0,-86.0,9.0,-4.0,,
2026-06-29,3702,大聯大,5965.0,702.0,1579.0,75.0,,
2026-06-29,3703,欣陸,1446.0,29.0,0.0,0.0,,
2026-06-29,3704,合勤控,6579.0,-28.0,21.0,-8.0,,
2026-06-29,3705,永信,415.0,-9.0,0.0,0.0,,
2026-06-29,3706,神達,33971.0,-456.0,154.0,17.0,,
2026-06-29,3708,上緯投控,3632.0,-12.0,18.0,0.0,,
2026-06-29,3711,日月光投控,8165.0,25.0,10.0,-37.0,,
2026-06-29,3712,永崴投控,3108.0,-20.0,16.0,0.0,,
2026-06-29,3714,富采,30883.0,-653.0,0.0,0.0,,
2026-06-29,3715,定穎投控,25392.0,127.0,0.0,0.0,,
2026-06-29,3716,中化控股,460.0,2.0,0.0,0.0,,
2026-06-29,3717,聯嘉投控,10279.0,941.0,1255.0,21.0,,
2026-06-29,4104,佳醫,63.0,-2.0,0.0,0.0,,
2026-06-29,4106,雃博,751.0,-3.0,0.0,0.0,,
2026-06-29,4108,懷特,0.0,0.0,0.0,0.0,,
2026-06-29,4119,旭富,630.0,5.0,0.0,0.0,,
2026-06-29,4133,亞諾法,1036.0,0.0,0.0,0.0,,
2026-06-29,4137,麗豐-KY,1052.0,-1.0,0.0,0.0,,
2026-06-29,4142,國光生,6849.0,-102.0,2.0,2.0,,
2026-06-29,4148,全宇生技-KY,459.0,-1.0,2.0,0.0,,
2026-06-29,4155,訊映,584.0,-16.0,0.0,0.0,,
2026-06-29,4164,承業醫,7417.0,-40.0,0.0,0.0,,
2026-06-29,4190,佐登-KY,307.0,-3.0,0.0,0.0,,
2026-06-29,4306,炎洲,4368.0,27.0,3.0,-1.0,,
2026-06-29,4414,如興,730.0,-7.0,0.0,0.0,,
2026-06-29,4426,利勤,903.0,4.0,0.0,0.0,,
2026-06-29,4438,廣越,989.0,0.0,0.0,0.0,,
2026-06-29,4439,冠星-KY,241.0,-1.0,0.0,0.0,,
2026-06-29,4440,宜新實業,130.0,0.0,0.0,0.0,,
2026-06-29,4441,振大環球,92.0,6.0,0.0,0.0,,
2026-06-29,4526,東台,6962.0,51.0,130.0,-9.0,,
2026-06-29,4532,瑞智,3744.0,1177.0,17.0,17.0,,
2026-06-29,4536,拓凱,710.0,2.0,0.0,0.0,,
2026-06-29,4540,全球傳動,5258.0,-10.0,28.0,-6.0,,
2026-06-29,4545,銘鈺,1262.0,-23.0,4.0,0.0,,
2026-06-29,4551,智伸科,3937.0,434.0,69.0,-15.0,,
2026-06-29,4552,力達-KY,2073.0,6.0,0.0,0.0,,
2026-06-29,4555,氣立,3080.0,2.0,32.0,0.0,,
2026-06-29,4557,永新-KY,340.0,-5.0,0.0,0.0,,
2026-06-29,4560,強信-KY,278.0,-3.0,0.0,0.0,,
2026-06-29,4562,穎漢,2164.0,-10.0,131.0,0.0,,
2026-06-29,4564,元翎,10958.0,2.0,4.0,0.0,,
2026-06-29,4566,時碩工業,4154.0,-21.0,2.0,-1.0,,
2026-06-29,4569,六方科-KY,855.0,7.0,1.0,0.0,,
2026-06-29,4571,鈞興-KY,1178.0,-11.0,0.0,0.0,,
2026-06-29,4572,駐龍,304.0,1.0,0.0,0.0,,
2026-06-29,4576,大銀微系統,2571.0,-27.0,29.0,0.0,,
2026-06-29,4581,光隆精密-KY,45.0,0.0,0.0,0.0,,
2026-06-29,4583,台灣精銳,3586.0,-14.0,6.0,0.0,,
2026-06-29,4585,達明,568.0,-6.0,8.0,0.0,,
2026-06-29,4588,玖鼎電力,434.0,0.0,0.0,0.0,,
2026-06-29,4720,德淵,3919.0,-65.0,30.0,23.0,,
2026-06-29,4722,國精化,14814.0,-63.0,0.0,0.0,,
2026-06-29,4736,泰博,240.0,-21.0,0.0,0.0,,
2026-06-29,4737,華廣,1246.0,6.0,0.0,0.0,,
2026-06-29,4739,康普,10457.0,32.0,100.0,2.0,,
2026-06-29,4746,台耀,2113.0,-14.0,0.0,0.0,,
2026-06-29,4755,三福化,1253.0,-6.0,0.0,0.0,,
2026-06-29,4763,材料*-KY,43979.0,-1192.0,19.0,-17.0,,
2026-06-29,4764,雙鍵,7633.0,-40.0,26.0,-2.0,,
2026-06-29,4766,南寶,1388.0,40.0,0.0,0.0,,
2026-06-29,4770,上品,996.0,0.0,14.0,0.0,,
2026-06-29,4771,望隼,433.0,7.0,0.0,0.0,,
2026-06-29,4807,日成-KY,1426.0,16.0,6.0,2.0,,
2026-06-29,4904,遠傳,918.0,22.0,2.0,0.0,,
2026-06-29,4906,正文,31608.0,158.0,45.0,-13.0,,
2026-06-29,4912,聯德控股-KY,3856.0,-25.0,0.0,0.0,,
2026-06-29,4915,致伸,4050.0,471.0,265.0,265.0,,
2026-06-29,4916,事欣科,7544.0,96.0,120.0,2.0,,
2026-06-29,4919,新唐,19263.0,131.0,1365.0,32.0,,
2026-06-29,4927,泰鼎-KY,34055.0,-1804.0,318.0,21.0,,
2026-06-29,4930,燦星網,3691.0,-1.0,0.0,0.0,,
2026-06-29,4934,太極,0.0,0.0,0.0,0.0,,
2026-06-29,4935,茂林-KY,688.0,9.0,0.0,0.0,,
2026-06-29,4938,和碩,7737.0,-3183.0,15.0,-99.0,,
2026-06-29,4942,嘉彰,687.0,0.0,0.0,0.0,,
2026-06-29,4943,康控-KY,0.0,0.0,0.0,0.0,,
2026-06-29,4949,有成精密,3096.0,-48.0,150.0,8.0,,
2026-06-29,4952,凌通,1558.0,42.0,6.0,4.0,,
2026-06-29,4956,光鋐,7141.0,-74.0,50.0,-3.0,,
2026-06-29,4958,臻鼎-KY,30191.0,572.0,315.0,47.0,,
2026-06-29,4960,誠美材,17596.0,-38.0,119.0,5.0,,
2026-06-29,4961,天鈺,1813.0,-14.0,0.0,0.0,,
2026-06-29,4967,十銓,9392.0,-16.0,269.0,-13.0,,
2026-06-29,4968,立積,6143.0,-18.0,37.0,1.0,,
2026-06-29,4976,佳凌,4867.0,-110.0,92.0,-50.0,,
2026-06-29,4977,眾達-KY,7707.0,-29.0,227.0,-11.0,,
2026-06-29,4989,榮科,18320.0,-13.0,686.0,686.0,,
2026-06-29,4994,傳奇,2616.0,3.0,1.0,0.0,,
2026-06-29,4999,鑫禾,386.0,0.0,0.0,0.0,,
2026-06-29,5007,三星,9.0,0.0,0.0,0.0,,
2026-06-29,5203,訊連,1312.0,-45.0,6.0,0.0,,
2026-06-29,5215,科嘉-KY,785.0,-13.0,0.0,0.0,,
2026-06-29,5222,全訊,1990.0,30.0,19.0,0.0,,
2026-06-29,5225,東科-KY,1587.0,-37.0,6.0,0.0,,
2026-06-29,5234,達興材料,1534.0,0.0,35.0,1.0,,
2026-06-29,5243,乙盛-KY,11070.0,-19.0,27.0,0.0,,
2026-06-29,5244,弘凱,2911.0,-14.0,0.0,0.0,,
2026-06-29,5258,虹堡,4151.0,9.0,4.0,0.0,,
2026-06-29,5269,祥碩,2371.0,-41.0,41.0,1.0,,
2026-06-29,5283,禾聯碩,132.0,0.0,0.0,0.0,,
2026-06-29,5284,jpp-KY,4288.0,-31.0,25.0,14.0,,
2026-06-29,5285,界霖,5640.0,-39.0,11.0,2.0,,
2026-06-29,5288,豐祥-KY,2250.0,19.0,0.0,0.0,,
2026-06-29,5292,華懋,1054.0,-9.0,0.0,0.0,,
2026-06-29,5306,桂盟,492.0,0.0,0.0,0.0,,
2026-06-29,5388,中磊,6309.0,-18.0,21.0,8.0,,
2026-06-29,5434,崇越,753.0,106.0,10.0,10.0,,
2026-06-29,5469,瀚宇博,16546.0,610.0,26.0,-20.0,,
2026-06-29,5471,松翰,4206.0,-23.0,75.0,-10.0,,
2026-06-29,5484,慧友,0.0,0.0,0.0,0.0,,
2026-06-29,5515,建國,1738.0,8.0,63.0,6.0,,
2026-06-29,5519,隆大,763.0,16.0,0.0,0.0,,
2026-06-29,5521,工信,14943.0,25.0,0.0,0.0,,
2026-06-29,5522,遠雄,1166.0,19.0,25.0,5.0,,
2026-06-29,5525,順天,375.0,19.0,0.0,0.0,,
2026-06-29,5531,鄉林,2983.0,-7.0,12.0,0.0,,
2026-06-29,5533,皇鼎,899.0,0.0,0.0,0.0,,
2026-06-29,5534,長虹,4284.0,-54.0,15.0,0.0,,
2026-06-29,5538,東明-KY,15.0,0.0,0.0,0.0,,
2026-06-29,5546,永固-KY,26.0,0.0,0.0,0.0,,
2026-06-29,5607,遠雄港,1421.0,-13.0,0.0,0.0,,
2026-06-29,5608,四維航,4850.0,12.0,1.0,0.0,,
2026-06-29,5706,鳳凰,787.0,-5.0,25.0,25.0,,
2026-06-29,5871,中租-KY,4687.0,-40.0,36.0,0.0,,
2026-06-29,5876,上海商銀,1274.0,1.0,1.0,-5.0,,
2026-06-29,5880,合庫金,2728.0,9.0,28.0,-3.0,,
2026-06-29,5906,台南-KY,25.0,0.0,0.0,0.0,,
2026-06-29,5907,大洋-KY,5503.0,11.0,0.0,0.0,,
2026-06-29,6005,群益證,5264.0,73.0,24.0,0.0,,
2026-06-29,6024,群益期,152.0,-2.0,0.0,0.0,,
2026-06-29,6108,競國,1403.0,12.0,0.0,0.0,,
2026-06-29,6112,邁達特,3430.0,16.0,11.0,0.0,,
2026-06-29,6115,鎰勝,114.0,8.0,0.0,0.0,,
2026-06-29,6116,彩晶,43571.0,1113.0,10760.0,151.0,,
2026-06-29,6117,迎廣,2643.0,-15.0,30.0,0.0,,
2026-06-29,6120,達運,7668.0,-70.0,5.0,5.0,,
2026-06-29,6128,上福,951.0,10.0,0.0,0.0,,
2026-06-29,6133,金橋,3220.0,8.0,2.0,-1.0,,
2026-06-29,6136,富爾特,2755.0,-3.0,0.0,0.0,,
2026-06-29,6139,亞翔,6462.0,-212.0,169.0,44.0,,
2026-06-29,6141,柏承,46.0,0.0,0.0,0.0,,
2026-06-29,6142,友勁,0.0,0.0,0.0,0.0,,
2026-06-29,6152,百一,0.0,0.0,0.0,0.0,,
2026-06-29,6153,嘉聯益,12848.0,-356.0,474.0,-98.0,,
2026-06-29,6155,鈞寶,4145.0,-87.0,50.0,-46.0,,
2026-06-29,6164,華興,3529.0,67.0,2.0,0.0,,
2026-06-29,6165,浪凡,8727.0,-16.0,6.0,0.0,,
2026-06-29,6166,凌華,3799.0,-440.0,18.0,-14.0,,
2026-06-29,6168,宏齊,5172.0,-105.0,21.0,-19.0,,
2026-06-29,6176,瑞儀,7276.0,246.0,17.0,1.0,,
2026-06-29,6177,達麗,3205.0,66.0,5.0,2.0,,
2026-06-29,6183,關貿,9.0,0.0,0.0,0.0,,
2026-06-29,6184,大豐電,523.0,0.0,0.0,0.0,,
2026-06-29,6189,豐藝,2683.0,53.0,1.0,0.0,,
2026-06-29,6191,精成科,23724.0,1236.0,22.0,0.0,,
2026-06-29,6192,巨路,850.0,-2.0,0.0,0.0,,
2026-06-29,6196,帆宣,1798.0,62.0,6.0,-2.0,,
2026-06-29,6197,佳必琪,5163.0,-36.0,0.0,0.0,,
2026-06-29,6201,亞弘電,29.0,0.0,0.0,0.0,,
2026-06-29,6202,盛群,4925.0,71.0,40.0,-16.0,,
2026-06-29,6205,詮欣,6099.0,20.0,2.0,-3.0,,
2026-06-29,6206,飛捷,1923.0,-17.0,0.0,-3.0,,
2026-06-29,6209,今國光,14094.0,-181.0,192.0,-86.0,,
2026-06-29,6213,聯茂,14170.0,734.0,0.0,-6.0,,
2026-06-29,6214,精誠,1862.0,-2.0,0.0,0.0,,
2026-06-29,6215,和椿,5847.0,-19.0,262.0,1.0,,
2026-06-29,6216,居易,681.0,0.0,1.0,0.0,,
2026-06-29,6224,聚鼎,2521.0,-358.0,22.0,-11.0,,
2026-06-29,6225,天瀚,0.0,0.0,0.0,0.0,,
2026-06-29,6226,光鼎,2174.0,-800.0,699.0,618.0,,
2026-06-29,6230,尼得科超眾,509.0,-5.0,0.0,0.0,,
2026-06-29,6235,華孚,4841.0,47.0,15.0,-2.0,,
2026-06-29,6239,力成,27058.0,-947.0,161.0,-193.0,,
2026-06-29,6243,迅杰,1535.0,-34.0,36.0,-12.0,,
2026-06-29,6257,矽格,10251.0,-76.0,58.0,-22.0,,
2026-06-29,6269,台郡,11660.0,-800.0,481.0,-71.0,,
2026-06-29,6271,同欣電,10439.0,289.0,66.0,-7.0,,
2026-06-29,6277,宏正,180.0,0.0,0.0,0.0,,
2026-06-29,6278,台表科,10927.0,-70.0,127.0,4.0,,
2026-06-29,6281,全國電,65.0,0.0,0.0,0.0,,
2026-06-29,6282,康舒,32632.0,-301.0,409.0,17.0,,
2026-06-29,6283,淳安,2576.0,-61.0,1.0,0.0,,
2026-06-29,6285,啟碁,16638.0,-119.0,0.0,0.0,,
2026-06-29,6405,悅城,6982.0,-11.0,110.0,3.0,,
2026-06-29,6409,旭隼,1340.0,-181.0,17.0,0.0,,
2026-06-29,6412,群電,2795.0,-3.0,8.0,4.0,,
2026-06-29,6414,樺漢,1190.0,-14.0,90.0,-20.0,,
2026-06-29,6415,矽力*-KY,5872.0,-45.0,108.0,4.0,,
2026-06-29,6416,瑞祺電通,3164.0,-22.0,5.0,0.0,,
2026-06-29,6426,統新,3001.0,-37.0,11.0,-16.0,,
2026-06-29,6431,光麗-KY,0.0,0.0,0.0,0.0,,
2026-06-29,6438,迅得,4295.0,-8.0,13.0,1.0,,
2026-06-29,6442,光聖,5204.0,-215.0,41.0,-9.0,,
2026-06-29,6443,元晶,18038.0,-132.0,520.0,0.0,,
2026-06-29,6446,藥華藥,7980.0,83.0,34.0,2.0,,
2026-06-29,6449,鈺邦,3098.0,-63.0,7.0,-12.0,,
2026-06-29,6451,訊芯-KY,9537.0,-351.0,368.0,59.0,,
2026-06-29,6456,GIS-KY,12360.0,-33.0,194.0,107.0,,
2026-06-29,6464,台數科,0.0,0.0,0.0,0.0,,
2026-06-29,6472,保瑞,3587.0,1.0,9.0,-15.0,,
2026-06-29,6477,安集,3280.0,-57.0,7.0,-7.0,,
2026-06-29,6491,晶碩,527.0,30.0,0.0,0.0,,
2026-06-29,6504,南六,119.0,-3.0,0.0,0.0,,
2026-06-29,6505,台塑化,8645.0,-120.0,14.0,-2.0,,
2026-06-29,6515,穎崴,365.0,8.0,6.0,-1.0,,
2026-06-29,6525,捷敏-KY,2476.0,-69.0,25.0,-2.0,,
2026-06-29,6526,達發,1608.0,-43.0,2.0,0.0,,
2026-06-29,6531,愛普*,9009.0,-175.0,24.0,-54.0,,
2026-06-29,6533,晶心科,2342.0,-40.0,22.0,3.0,,
2026-06-29,6534,正瀚-創,5575.0,5.0,0.0,0.0,,
2026-06-29,6541,泰福-KY,3836.0,28.0,0.0,0.0,,
2026-06-29,6550,北極星藥業-KY,0.0,0.0,0.0,0.0,,
2026-06-29,6552,易華電,1203.0,0.0,18.0,0.0,,
2026-06-29,6558,興能高,3921.0,-12.0,13.0,1.0,,
2026-06-29,6573,虹揚-KY,0.0,0.0,0.0,0.0,,
2026-06-29,6579,研揚,1063.0,-22.0,1.0,0.0,,
2026-06-29,6581,鋼聯,7.0,0.0,0.0,0.0,,
2026-06-29,6582,申豐,369.0,2.0,0.0,0.0,,
2026-06-29,6585,鼎基,2801.0,25.0,38.0,8.0,,
2026-06-29,6589,台康生技,3174.0,10.0,30.0,4.0,,
2026-06-29,6591,動力-KY,2439.0,-36.0,0.0,0.0,,
2026-06-29,6592,和潤企業,524.0,59.0,0.0,0.0,,
2026-06-29,6598,ABC-KY,0.0,0.0,0.0,0.0,,
2026-06-29,6605,帝寶,2229.0,2.0,0.0,0.0,,
2026-06-29,6606,建德工業,535.0,-3.0,0.0,0.0,,
2026-06-29,6614,資拓宏宇,53.0,1.0,0.0,0.0,,
2026-06-29,6625,必應,945.0,-17.0,0.0,0.0,,
2026-06-29,6641,基士德-KY,104.0,-1.0,0.0,0.0,,
2026-06-29,6645,金萬林-創,12.0,0.0,0.0,0.0,,
2026-06-29,6655,科定,0.0,0.0,0.0,0.0,,
2026-06-29,6657,華安,1569.0,0.0,0.0,0.0,,
2026-06-29,6658,聯策,2642.0,129.0,55.0,-1.0,,
2026-06-29,6666,羅麗芬-KY,307.0,-2.0,0.0,0.0,,
2026-06-29,6668,中揚光,2967.0,9.0,1.0,-1.0,,
2026-06-29,6669,緯穎,2217.0,132.0,5.0,1.0,,
2026-06-29,6670,復盛應用,502.0,5.0,3.0,0.0,,
2026-06-29,6671,三能-KY,37.0,0.0,0.0,0.0,,
2026-06-29,6672,騰輝電子-KY,5645.0,228.0,111.0,-43.0,,
2026-06-29,6674,鋐寶科技,292.0,0.0,1.0,0.0,,
2026-06-29,6689,伊雲谷,1469.0,6.0,2.0,0.0,,
2026-06-29,6691,洋基工程,1627.0,23.0,29.0,0.0,,
2026-06-29,6695,芯鼎,3685.0,-57.0,59.0,0.0,,
2026-06-29,6698,旭暉應材,2235.0,44.0,12.0,1.0,,
2026-06-29,6706,惠特,10304.0,-192.0,89.0,3.0,,
2026-06-29,6715,嘉基,5390.0,30.0,0.0,0.0,,
2026-06-29,6719,力智,4978.0,17.0,11.0,-15.0,,
2026-06-29,6742,澤米,3343.0,-72.0,176.0,-14.0,,
2026-06-29,6743,安普新,598.0,38.0,0.0,0.0,,
2026-06-29,6753,龍德造船,4807.0,74.0,11.0,5.0,,
2026-06-29,6754,匯僑設計,129.0,0.0,0.0,0.0,,
2026-06-29,6756,威鋒電子,799.0,-3.0,2.0,0.0,,
2026-06-29,6757,台灣虎航,3950.0,-153.0,19.0,-2.0,,
2026-06-29,6768,志強-KY,1368.0,-4.0,25.0,-23.0,,
2026-06-29,6770,力積電,161594.0,6222.0,3300.0,-124.0,,
2026-06-29,6771,平和環保-創,45.0,1.0,0.0,0.0,,
2026-06-29,6776,展碁國際,1012.0,5.0,0.0,0.0,,
2026-06-29,6781,AES-KY,2898.0,-3.0,6.0,1.0,,
2026-06-29,6782,視陽,475.0,-4.0,3.0,0.0,,
2026-06-29,6789,采鈺,7283.0,-3.0,5.0,1.0,,
2026-06-29,6790,永豐實,314.0,0.0,0.0,0.0,,
2026-06-29,6792,詠業,284.0,0.0,0.0,0.0,,
2026-06-29,6794,向榮生技,257.0,1.0,0.0,0.0,,
2026-06-29,6796,晉弘,509.0,2.0,3.0,3.0,,
2026-06-29,6799,來頡,2257.0,-4.0,0.0,0.0,,
2026-06-29,6805,富世達,2568.0,11.0,14.0,4.0,,
2026-06-29,6807,峰源-KY,136.0,0.0,0.0,0.0,,
2026-06-29,6830,汎銓,4192.0,22.0,39.0,-4.0,,
2026-06-29,6834,天二科技,5152.0,-106.0,789.0,-166.0,,
2026-06-29,6835,圓裕,848.0,1.0,0.0,0.0,,
2026-06-29,6838,台新藥,2688.0,-43.0,0.0,0.0,,
2026-06-29,6854,錼創科技-KY創,3659.0,3.0,1.0,0.0,,
2026-06-29,6861,睿生光電,3239.0,-43.0,7.0,1.0,,
2026-06-29,6862,三集瑞-KY,1490.0,-9.0,20.0,-6.0,,
2026-06-29,6863,永道-KY,936.0,-1.0,1.0,0.0,,
2026-06-29,6869,雲豹能源,3370.0,11.0,13.0,-10.0,,
2026-06-29,6873,泓德能源,3953.0,-37.0,9.0,3.0,,
2026-06-29,6885,全福生技,2485.0,7.0,0.0,0.0,,
2026-06-29,6887,寶綠特-KY,1117.0,2.0,0.0,0.0,,
2026-06-29,6890,來億-KY,917.0,17.0,23.0,-21.0,,
2026-06-29,6901,鑽石投資,4910.0,126.0,81.0,-52.0,,
2026-06-29,6902,GOGOLOOK,590.0,34.0,3.0,0.0,,
2026-06-29,6906,現觀科,596.0,3.0,0.0,0.0,,
2026-06-29,6909,創控,1801.0,23.0,12.0,-1.0,,
2026-06-29,6914,阜爾運通,339.0,1.0,0.0,0.0,,
2026-06-29,6916,華凌,453.0,-3.0,0.0,0.0,,
2026-06-29,6918,愛派司,62.0,0.0,0.0,0.0,,
2026-06-29,6919,康霈*,0.0,0.0,0.0,0.0,,
2026-06-29,6923,中台,1900.0,-1.0,0.0,0.0,,
2026-06-29,6928,攸泰科技,990.0,87.0,0.0,0.0,,
2026-06-29,6931,青松健康,153.0,9.0,0.0,0.0,,
2026-06-29,6933,AMAX-KY,703.0,-7.0,0.0,0.0,,
2026-06-29,6936,永鴻生技,250.0,0.0,0.0,0.0,,
2026-06-29,6937,天虹,2033.0,24.0,10.0,-14.0,,
2026-06-29,6944,兆聯實業,722.0,-19.0,0.0,0.0,,
2026-06-29,6949,沛爾生醫-創,5693.0,1.0,2.0,0.0,,
2026-06-29,6951,青新-創,78.0,0.0,0.0,0.0,,
2026-06-29,6952,大武山,40.0,2.0,0.0,0.0,,
2026-06-29,6957,裕慶-KY,1180.0,5.0,0.0,0.0,,
2026-06-29,6958,日盛台駿,169.0,2.0,0.0,0.0,,
2026-06-29,6962,奕力-KY,9117.0,-59.0,5.0,0.0,,
2026-06-29,6965,中傑-KY,40.0,0.0,0.0,0.0,,
2026-06-29,6994,富威電力,2698.0,-26.0,35.0,0.0,,
2026-06-29,7705,三商餐飲,94.0,0.0,0.0,0.0,,
2026-06-29,7711,永擎,582.0,3.0,0.0,0.0,,
2026-06-29,7721,微程式,1324.0,-7.0,1.0,0.0,,
2026-06-29,7722,LINEPAY,879.0,5.0,0.0,0.0,,
2026-06-29,7730,暉盛-創,550.0,-1.0,3.0,0.0,,
2026-06-29,7732,金興精密,35.0,-2.0,0.0,0.0,,
2026-06-29,7736,虎山,47.0,0.0,0.0,0.0,,
2026-06-29,7740,熙特爾-創,1732.0,13.0,5.0,-3.0,,
2026-06-29,7749,意騰-KY,1308.0,10.0,1.0,-1.0,,
2026-06-29,7750,新代,634.0,-1.0,0.0,0.0,,
2026-06-29,7765,中華資安,478.0,0.0,0.0,0.0,,
2026-06-29,7769,鴻勁,235.0,-5.0,1.0,0.0,,
2026-06-29,7786,東方風能,429.0,-2.0,0.0,0.0,,
2026-06-29,7788,松川精密,2631.0,91.0,9.0,2.0,,
2026-06-29,7791,皇家可口,15.0,0.0,0.0,0.0,,
2026-06-29,7799,禾榮科,922.0,19.0,2.0,0.0,,
2026-06-29,8011,台通,3649.0,-24.0,12.0,0.0,,
2026-06-29,8016,矽創,2047.0,249.0,18.0,10.0,,
2026-06-29,8021,尖點,11731.0,-100.0,164.0,-6.0,,
2026-06-29,8028,昇陽半導體,7120.0,-1071.0,83.0,-249.0,,
2026-06-29,8033,雷虎,7685.0,347.0,140.0,109.0,,
2026-06-29,8039,台虹,13391.0,113.0,0.0,0.0,,
2026-06-29,8045,達運光電,4785.0,-8.0,1.0,1.0,,
2026-06-29,8046,南電,11139.0,384.0,227.0,-61.0,,
2026-06-29,8070,長華*,8106.0,-47.0,1.0,-6.0,,
2026-06-29,8072,陞泰,1911.0,7.0,0.0,0.0,,
2026-06-29,8081,致新,1255.0,25.0,0.0,0.0,,
2026-06-29,8101,華冠,0.0,0.0,0.0,0.0,,
2026-06-29,8103,瀚荃,4310.0,-57.0,3.0,1.0,,
2026-06-29,8104,錸寶,4557.0,-48.0,2.0,-5.0,,
2026-06-29,8105,凌巨,10496.0,192.0,253.0,-59.0,,
2026-06-29,8110,華東,19111.0,-143.0,107.0,-66.0,,
2026-06-29,8112,至上,18804.0,455.0,178.0,-220.0,,
2026-06-29,8114,振樺電,2375.0,-114.0,2.0,0.0,,
2026-06-29,8131,福懋科,6306.0,58.0,37.0,-4.0,,
2026-06-29,8150,南茂,23456.0,148.0,140.0,140.0,,
2026-06-29,8162,微矽電子-創,2403.0,-27.0,8.0,2.0,,
2026-06-29,8163,達方,3028.0,-109.0,9.0,-12.0,,
2026-06-29,8201,無敵,0.0,0.0,0.0,0.0,,
2026-06-29,8210,勤誠,2137.0,5.0,9.0,2.0,,
2026-06-29,8213,志超,4342.0,0.0,7.0,-2.0,,
2026-06-29,8215,明基材,3556.0,-25.0,26.0,1.0,,
2026-06-29,8222,寶一,3594.0,-15.0,5.0,1.0,,
2026-06-29,8249,菱光,4292.0,-78.0,1.0,1.0,,
2026-06-29,8261,富鼎,9359.0,282.0,118.0,-15.0,,
2026-06-29,8271,宇瞻,5027.0,-52.0,0.0,0.0,,
2026-06-29,8341,日友,352.0,16.0,0.0,0.0,,
2026-06-29,8367,建新國際,29.0,0.0,0.0,0.0,,
2026-06-29,8374,羅昇,1942.0,-54.0,42.0,-5.0,,
2026-06-29,8404,百和興業-KY,4071.0,31.0,0.0,0.0,,
2026-06-29,8411,福貞-KY,24.0,0.0,0.0,0.0,,
2026-06-29,8422,可寧衛*,29826.0,-56.0,63.0,63.0,,
2026-06-29,8429,金麗-KY,13667.0,-43.0,11.0,0.0,,
2026-06-29,8438,昶昕,6985.0,-24.0,16.0,0.0,,
2026-06-29,8442,威宏-KY,819.0,1.0,0.0,0.0,,
2026-06-29,8443,阿瘦,29.0,0.0,0.0,0.0,,
2026-06-29,8454,富邦媒,1550.0,28.0,186.0,3.0,,
2026-06-29,8462,柏文,1119.0,15.0,0.0,0.0,,
2026-06-29,8463,潤泰材,118.0,0.0,0.0,0.0,,
2026-06-29,8464,億豐,169.0,88.0,4.0,0.0,,
2026-06-29,8466,美吉吉-KY,1363.0,3.0,0.0,0.0,,
2026-06-29,8467,波力-KY,289.0,0.0,0.0,0.0,,
2026-06-29,8473,山林水,2626.0,-3.0,124.0,0.0,,
2026-06-29,8476,台境*,15173.0,380.0,111.0,-37.0,,
2026-06-29,8478,東哥遊艇,1160.0,-35.0,2.0,-2.0,,
2026-06-29,8481,政伸,5.0,1.0,0.0,0.0,,
2026-06-29,8482,商億-KY,166.0,1.0,0.0,0.0,,
2026-06-29,8487,愛爾達-創,61.0,3.0,0.0,0.0,,
2026-06-29,8488,吉源-KY,21.0,0.0,0.0,0.0,,
2026-06-29,8499,鼎炫-KY,612.0,-8.0,0.0,0.0,,
2026-06-29,8926,台汽電,7323.0,-1.0,0.0,-2.0,,
2026-06-29,8940,新天地,106.0,0.0,0.0,0.0,,
2026-06-29,8996,高力,4027.0,-54.0,308.0,13.0,,
2026-06-29,9103,美德醫療-DR,3219.0,19.0,20.0,0.0,,
2026-06-29,910322,康師傅-DR,0.0,0.0,0.0,0.0,,
2026-06-29,9105,泰金寶-DR,53502.0,-15.0,8565.0,1.0,,
2026-06-29,910861,神州-DR,0.0,0.0,0.0,0.0,,
2026-06-29,911868,同方友友-DR,0.0,0.0,0.0,0.0,,
2026-06-29,912000,晨訊科-DR,15194.0,249.0,0.0,0.0,,
2026-06-29,9136,巨騰-DR,13325.0,-286.0,3.0,-1.0,,
2026-06-29,9802,鈺齊-KY,2534.0,4.0,10.0,0.0,,
2026-06-29,9902,台火,3449.0,-1.0,1.0,0.0,,
2026-06-29,9904,寶成,20707.0,471.0,0.0,0.0,,
2026-06-29,9905,大華,20.0,-10.0,0.0,0.0,,
2026-06-29,9906,欣巴巴,488.0,-4.0,4.0,0.0,,
2026-06-29,9907,統一實,4067.0,-38.0,13.0,0.0,,
2026-06-29,9908,大台北,163.0,-1.0,0.0,0.0,,
2026-06-29,9910,豐泰,2478.0,158.0,25.0,0.0,,
2026-06-29,9911,櫻花,343.0,1.0,0.0,0.0,,
2026-06-29,9912,偉聯,0.0,0.0,0.0,0.0,,
2026-06-29,9914,美利達,3246.0,83.0,51.0,-2.0,,
2026-06-29,9917,中保科,200.0,-2.0,0.0,0.0,,
2026-06-29,9918,欣天然,94.0,-10.0,0.0,0.0,,
2026-06-29,9919,康那香,7801.0,-1.0,2.0,0.0,,
2026-06-29,9921,巨大,1957.0,129.0,54.0,0.0,,
2026-06-29,9924,福興,729.0,1.0,1.0,0.0,,
2026-06-29,9925,新保,9.0,0.0,0.0,0.0,,
2026-06-29,9926,新海,9.0,0.0,0.0,0.0,,
2026-06-29,9927,泰銘,59.0,0.0,0.0,0.0,,
2026-06-29,9928,中視,456.0,0.0,0.0,0.0,,
2026-06-29,9929,秋雨,0.0,0.0,0.0,0.0,,
2026-06-29,9930,中聯資源,32.0,-2.0,0.0,0.0,,
2026-06-29,9931,欣高,79.0,1.0,0.0,0.0,,
2026-06-29,9933,中鼎,4511.0,8.0,43.0,-6.0,,
2026-06-29,9934,成霖,5703.0,-3.0,1.0,0.0,,
2026-06-29,9935,慶豐富,1047.0,-30.0,0.0,0.0,,
2026-06-29,9937,全國,173.0,0.0,0.0,0.0,,
2026-06-29,9938,百和,3540.0,-26.0,5.0,0.0,,
2026-06-29,9939,宏全,905.0,-9.0,0.0,0.0,,
2026-06-29,9940,信義,1209.0,23.0,0.0,0.0,,
2026-06-29,9941,裕融,1110.0,-19.0,7.0,0.0,,
2026-06-29,9942,茂順,43.0,0.0,0.0,0.0,,
2026-06-29,9943,好樂迪,101.0,-4.0,0.0,0.0,,
2026-06-29,9944,新麗,5541.0,-6.0,0.0,0.0,,
2026-06-29,9945,潤泰新,22509.0,-92.0,1.0,0.0,,
2026-06-29,9946,三發地產,1220.0,31.0,0.0,0.0,,
2026-06-29,9955,佳龍,1370.0,-4.0,20.0,0.0,,
2026-06-29,9958,世紀鋼,9271.0,-134.0,67.0,0.0,,
