trade_date,stock_id,stock_name,margin_balance,margin_change,short_balance,short_change,securities_lending_sell_volume,securities_lending_balance
2026-05-15,00400A,主動國泰動能高息,18099.0,-247.0,42.0,27.0,,
2026-05-15,00401A,主動摩根台灣鑫收,1133.0,-16.0,0.0,0.0,,
2026-05-15,00403A,主動統一升級50,183558.0,9401.0,665.0,-2480.0,,
2026-05-15,0050,元大台灣50,9073.0,-254.0,1380.0,-3.0,,
2026-05-15,0051,元大中型100,50.0,0.0,0.0,0.0,,
2026-05-15,0052,富邦科技,9137.0,-218.0,120.0,1.0,,
2026-05-15,0053,元大電子,7.0,0.0,0.0,0.0,,
2026-05-15,0055,元大MSCI金融,74.0,5.0,0.0,0.0,,
2026-05-15,0056,元大高股息,2654.0,1.0,206.0,-14.0,,
2026-05-15,0057,富邦摩台,0.0,0.0,0.0,0.0,,
2026-05-15,0061,元大寶滬深,133.0,0.0,0.0,0.0,,
2026-05-15,006203,元大MSCI台灣,0.0,0.0,0.0,0.0,,
2026-05-15,006204,永豐臺灣加權,0.0,0.0,0.0,0.0,,
2026-05-15,006205,富邦上証,9.0,0.0,1.0,0.0,,
2026-05-15,006206,元大上證50,12.0,0.0,0.0,0.0,,
2026-05-15,006207,復華滬深,5.0,0.0,0.0,0.0,,
2026-05-15,006208,富邦台50,220.0,13.0,32.0,1.0,,
2026-05-15,00631L,元大台灣50正2,130789.0,-5857.0,15229.0,1531.0,,
2026-05-15,00632R,元大台灣50反1,304903.0,14233.0,5011.0,-130.0,,
2026-05-15,00633L,富邦上証正2,7351.0,286.0,956.0,-16.0,,
2026-05-15,00634R,富邦上証反1,1866.0,-5.0,23.0,0.0,,
2026-05-15,00635U,期元大S&P黃金,4773.0,-42.0,269.0,0.0,,
2026-05-15,00636,國泰中國A50,38.0,4.0,0.0,0.0,,
2026-05-15,00637L,元大滬深300正2,81651.0,852.0,11914.0,-83.0,,
2026-05-15,00638R,元大滬深300反1,920.0,-15.0,4.0,-2.0,,
2026-05-15,00639,富邦深100,574.0,3.0,7.0,0.0,,
2026-05-15,00640L,富邦日本正2,686.0,-16.0,78.0,0.0,,
2026-05-15,00641R,富邦日本反1,7840.0,158.0,517.0,0.0,,
2026-05-15,00642U,期元大S&P石油,7402.0,91.0,3637.0,70.0,,
2026-05-15,00643,群益深証中小,1007.0,-10.0,0.0,0.0,,
2026-05-15,00645,富邦日本,39.0,-1.0,0.0,0.0,,
2026-05-15,00646,元大S&P500,143.0,39.0,2.0,0.0,,
2026-05-15,00647L,元大S&P500正2,26.0,-1.0,0.0,0.0,,
2026-05-15,00648R,元大S&P500反1,9514.0,41.0,122.0,1.0,,
2026-05-15,00650L,復華香港正2,15792.0,-736.0,1677.0,-101.0,,
2026-05-15,00651R,復華香港反1,1958.0,228.0,330.0,0.0,,
2026-05-15,00652,富邦印度,38.0,0.0,0.0,0.0,,
2026-05-15,00653L,富邦印度正2,2792.0,25.0,7.0,5.0,,
2026-05-15,00654R,富邦印度反1,723.0,0.0,71.0,0.0,,
2026-05-15,00655L,國泰中國A50正2,2216.0,1.0,361.0,-8.0,,
2026-05-15,00656R,國泰中國A50反1,232.0,0.0,0.0,0.0,,
2026-05-15,00657,國泰日經225,0.0,0.0,0.0,0.0,,
2026-05-15,00660,元大歐洲50,8.0,0.0,0.0,0.0,,
2026-05-15,00661,元大日經225,44.0,-2.0,0.0,0.0,,
2026-05-15,00662,富邦NASDAQ,934.0,-23.0,2.0,0.0,,
2026-05-15,00663L,國泰臺灣加權正2,5428.0,221.0,2041.0,86.0,,
2026-05-15,00664R,國泰臺灣加權反1,113096.0,5745.0,535.0,77.0,,
2026-05-15,00665L,富邦恒生國企正2,75972.0,2938.0,1585.0,-38.0,,
2026-05-15,00666R,富邦恒生國企反1,541.0,-45.0,12.0,0.0,,
2026-05-15,00668,國泰美國道瓊,74.0,0.0,0.0,0.0,,
2026-05-15,00669R,國泰美國道瓊反1,13805.0,1020.0,177.0,0.0,,
2026-05-15,00670L,富邦NASDAQ正2,1399.0,-195.0,235.0,0.0,,
2026-05-15,00671R,富邦NASDAQ反1,135106.0,-1.0,2643.0,-291.0,,
2026-05-15,00673R,期元大S&P原油反1,109105.0,443.0,626.0,-11.0,,
2026-05-15,00674R,期元大S&P黃金反1,115.0,0.0,0.0,0.0,,
2026-05-15,00675L,富邦臺灣加權正2,1519.0,-37.0,610.0,24.0,,
2026-05-15,00676R,富邦臺灣加權反1,23259.0,734.0,286.0,55.0,,
2026-05-15,00678,群益那斯達克生技,11.0,0.0,0.0,0.0,,
2026-05-15,00680L,元大美債20正2,82614.0,1279.0,198.0,10.0,,
2026-05-15,00681R,元大美債20反1,15.0,2.0,0.0,0.0,,
2026-05-15,00682U,期元大美元指數,5.0,-1.0,0.0,0.0,,
2026-05-15,00683L,期元大美元指正2,136.0,-12.0,1.0,0.0,,
2026-05-15,00684R,期元大美元指反1,21.0,0.0,0.0,0.0,,
2026-05-15,00685L,群益臺灣加權正2,316.0,-12.0,18.0,1.0,,
2026-05-15,00686R,群益臺灣加權反1,19252.0,-453.0,23.0,14.0,,
2026-05-15,00688L,國泰20年美債正2,34669.0,532.0,21.0,0.0,,
2026-05-15,00689R,國泰20年美債反1,1.0,0.0,0.0,0.0,,
2026-05-15,00690,兆豐藍籌30,72.0,9.0,0.0,0.0,,
2026-05-15,00692,富邦公司治理,59.0,0.0,0.0,0.0,,
2026-05-15,00693U,期街口S&P黃豆,4126.0,-27.0,9.0,0.0,,
2026-05-15,00700,富邦恒生國企,179.0,1.0,0.0,0.0,,
2026-05-15,00701,國泰股利精選30,91.0,0.0,0.0,0.0,,
2026-05-15,00702,國泰標普低波高息,0.0,0.0,0.0,0.0,,
2026-05-15,00703,台新MSCI中國,2.0,0.0,0.0,0.0,,
2026-05-15,00706L,期元大S&P日圓正2,2301.0,53.0,48.0,0.0,,
2026-05-15,00707R,期元大S&P日圓反1,20.0,-20.0,0.0,0.0,,
2026-05-15,00708L,期元大S&P黃金正2,9189.0,165.0,751.0,-27.0,,
2026-05-15,00709,富邦歐洲,2.0,0.0,0.0,0.0,,
2026-05-15,00710B,復華彭博非投等債,13.0,0.0,0.0,0.0,,
2026-05-15,00711B,復華彭博新興債,3.0,0.0,0.0,0.0,,
2026-05-15,00712,復華富時不動產,14623.0,183.0,69.0,65.0,,
2026-05-15,00713,元大台灣高息低波,123.0,3.0,4.0,0.0,,
2026-05-15,00714,群益道瓊美國地產,7.0,0.0,0.0,0.0,,
2026-05-15,00715L,期街口布蘭特正2,9776.0,103.0,6710.0,62.0,,
2026-05-15,00717,富邦美國特別股,2.0,0.0,0.0,0.0,,
2026-05-15,00728,第一金工業30,0.0,0.0,0.0,0.0,,
2026-05-15,00730,富邦臺灣優質高息,37.0,5.0,0.0,0.0,,
2026-05-15,00731,復華富時高息低波,6.0,0.0,0.0,0.0,,
2026-05-15,00733,富邦臺灣中小,40.0,-13.0,0.0,0.0,,
2026-05-15,00735,國泰臺韓科技,1997.0,-356.0,56.0,-39.0,,
2026-05-15,00736,國泰新興市場,0.0,0.0,0.0,0.0,,
2026-05-15,00737,國泰AI機器人,54.0,0.0,0.0,0.0,,
2026-05-15,00738U,期元大道瓊白銀,11732.0,257.0,665.0,-68.0,,
2026-05-15,00739,元大MSCI A股,0.0,0.0,0.0,0.0,,
2026-05-15,00752,中信中國50,605.0,-44.0,6.0,-2.0,,
2026-05-15,00753L,中信中國50正2,99738.0,1933.0,1249.0,-123.0,,
2026-05-15,00757,統一FANG+,449.0,-33.0,14.0,0.0,,
2026-05-15,00762,元大全球AI,56.0,-1.0,0.0,0.0,,
2026-05-15,00763U,期街口道瓊銅,1758.0,-263.0,107.0,-6.0,,
2026-05-15,00770,國泰北美科技,24.0,1.0,0.0,0.0,,
2026-05-15,00771,元大US高息特別股,0.0,0.0,0.0,0.0,,
2026-05-15,00775B,新光投等債15+,0.0,0.0,0.0,0.0,,
2026-05-15,00783,富邦中証500,452.0,0.0,0.0,0.0,,
2026-05-15,00830,國泰費城半導體,2727.0,-42.0,329.0,37.0,,
2026-05-15,00850,元大臺灣ESG永續,33.0,4.0,0.0,0.0,,
2026-05-15,00851,台新全球AI,1.0,0.0,0.0,0.0,,
2026-05-15,00852L,國泰美國道瓊正2,168.0,-3.0,78.0,0.0,,
2026-05-15,00861,元大全球未來通訊,12.0,5.0,0.0,0.0,,
2026-05-15,00865B,國泰US短期公債,348.0,-22.0,0.0,0.0,,
2026-05-15,00875,國泰網路資安,1.0,0.0,0.0,0.0,,
2026-05-15,00876,元大全球5G,7.0,2.0,0.0,0.0,,
2026-05-15,00878,國泰永續高股息,6049.0,1161.0,0.0,0.0,,
2026-05-15,00881,國泰台灣科技龍頭,980.0,12.0,35.0,0.0,,
2026-05-15,00882,中信中國高股息,1898.0,-19.0,8.0,-2.0,,
2026-05-15,00885,富邦越南,836.0,-7.0,160.0,3.0,,
2026-05-15,00891,中信關鍵半導體,10327.0,1192.0,0.0,0.0,,
2026-05-15,00892,富邦台灣半導體,648.0,42.0,0.0,0.0,,
2026-05-15,00893,國泰智能電動車,98.0,0.0,23.0,0.0,,
2026-05-15,00894,中信小資高價30,928.0,49.0,0.0,0.0,,
2026-05-15,00895,富邦未來車,98.0,3.0,12.0,0.0,,
2026-05-15,00896,中信綠能及電動車,351.0,-1.0,0.0,0.0,,
2026-05-15,00897,富邦基因免疫生技,17.0,0.0,0.0,0.0,,
2026-05-15,00898,國泰基因免疫革命,23.0,0.0,0.0,0.0,,
2026-05-15,00899,FT潔淨能源,47.0,-11.0,0.0,0.0,,
2026-05-15,00900,富邦特選高股息30,235.0,40.0,0.0,0.0,,
2026-05-15,00901,永豐智能車供應鏈,10.0,0.0,0.0,0.0,,
2026-05-15,00902,中信電池及儲能,1229.0,27.0,47.0,1.0,,
2026-05-15,00903,富邦元宇宙,11.0,2.0,0.0,0.0,,
2026-05-15,00904,新光臺灣半導體30,896.0,6.0,1.0,0.0,,
2026-05-15,00905,FT臺灣Smart,162.0,4.0,0.0,0.0,,
2026-05-15,00907,永豐優息存股,33.0,-21.0,0.0,0.0,,
2026-05-15,00908,富邦入息REITs+,0.0,0.0,0.0,0.0,,
2026-05-15,00909,國泰數位支付服務,1349.0,45.0,64.0,1.0,,
2026-05-15,00910,第一金太空衛星,1330.0,-56.0,4.0,-1.0,,
2026-05-15,00911,兆豐洲際半導體,138.0,-43.0,0.0,0.0,,
2026-05-15,00912,中信臺灣智慧50,9.0,6.0,0.0,0.0,,
2026-05-15,00913,兆豐台灣晶圓製造,64.0,-1.0,0.0,0.0,,
2026-05-15,00915,凱基優選高股息30,104.0,-2.0,0.0,0.0,,
2026-05-15,00916,國泰全球品牌50,2.0,0.0,0.0,0.0,,
2026-05-15,00917,中信特選金融,171.0,-23.0,0.0,0.0,,
2026-05-15,00918,大華優利高填息30,2016.0,60.0,23.0,-49.0,,
2026-05-15,00919,群益台灣精選高息,7164.0,1182.0,88.0,2.0,,
2026-05-15,00920,富邦ESG綠色電力,49.0,-15.0,0.0,0.0,,
2026-05-15,00921,兆豐龍頭等權重,0.0,0.0,0.0,0.0,,
2026-05-15,00922,國泰台灣領袖50,973.0,-22.0,70.0,0.0,,
2026-05-15,00923,群益台ESG低碳50,534.0,-17.0,8.0,0.0,,
2026-05-15,00924,復華S&P500成長,87.0,17.0,0.0,0.0,,
2026-05-15,00926,凱基全球菁英55,25.0,0.0,0.0,0.0,,
2026-05-15,00927,群益半導體收益,2995.0,-99.0,21.0,0.0,,
2026-05-15,00929,復華台灣科技優息,2030.0,314.0,0.0,0.0,,
2026-05-15,00930,永豐ESG低碳高息,24.0,0.0,0.0,0.0,,
2026-05-15,00932,兆豐永續高息等權,5.0,0.0,0.0,0.0,,
2026-05-15,00934,中信成長高股息,440.0,-135.0,0.0,0.0,,
2026-05-15,00935,野村臺灣新科技50,2749.0,-64.0,68.0,12.0,,
2026-05-15,00936,台新永續高息中小,7.0,2.0,0.0,0.0,,
2026-05-15,00938,凱基優選30,71.0,61.0,0.0,0.0,,
2026-05-15,00939,統一台灣高息動能,81.0,0.0,0.0,0.0,,
2026-05-15,00940,元大台灣價值高息,1149.0,228.0,0.0,0.0,,
2026-05-15,00941,中信上游半導體,189.0,-21.0,1.0,0.0,,
2026-05-15,00943,兆豐電子高息等權,5.0,0.0,0.0,0.0,,
2026-05-15,00944,野村趨勢動能高息,2.0,0.0,0.0,0.0,,
2026-05-15,00945B,凱基美國非投等債,955.0,465.0,0.0,0.0,,
2026-05-15,00946,群益科技高息成長,596.0,362.0,0.0,0.0,,
2026-05-15,00947,台新臺灣IC設計,2696.0,-1.0,15.0,1.0,,
2026-05-15,00949,復華日本龍頭,144.0,-12.0,0.0,0.0,,
2026-05-15,00951,台新日本半導體,1402.0,19.0,3.0,-3.0,,
2026-05-15,00952,凱基台灣AI50,669.0,441.0,0.0,0.0,,
2026-05-15,00953B,群益優選非投等債,74521.0,140.0,0.0,0.0,,
2026-05-15,00954,中信日本半導體,1127.0,23.0,0.0,0.0,,
2026-05-15,00956,中信日經高股息,95.0,-4.0,0.0,0.0,,
2026-05-15,00960,野村全球航運龍頭,64.0,0.0,0.0,0.0,,
2026-05-15,00961,FT臺灣永續高息,726.0,237.0,0.0,0.0,,
2026-05-15,00962,台新AI優息動能,125.0,20.0,0.0,0.0,,
2026-05-15,00963,中信全球高股息,11.0,2.0,0.0,0.0,,
2026-05-15,00964,中信亞太高股息,64.0,0.0,0.0,0.0,,
2026-05-15,00965,元大航太防衛科技,3503.0,-58.0,52.0,-6.0,,
2026-05-15,00971,野村美國研發龍頭,60.0,-3.0,0.0,0.0,,
2026-05-15,00972,野村日本動能高息,11.0,0.0,0.0,0.0,,
2026-05-15,009800,中信NASDAQ,1440.0,35.0,9.0,0.0,,
2026-05-15,009801,中信美國創新科技,95.0,-3.0,2.0,0.0,,
2026-05-15,009802,富邦旗艦50,2518.0,101.0,14.0,7.0,,
2026-05-15,009803,玉山市值動能50,124.0,-7.0,0.0,0.0,,
2026-05-15,009804,聯邦台精彩50,118.0,0.0,0.0,0.0,,
2026-05-15,009805,新光美國電力基建,18308.0,-653.0,1.0,0.0,,
2026-05-15,009808,華南永昌優選50,71.0,-1.0,0.0,0.0,,
2026-05-15,009809,富邦淨零ESG50,4.0,-2.0,0.0,0.0,,
2026-05-15,00980A,主動野村臺灣優選,4893.0,48.0,0.0,0.0,,
2026-05-15,009810,玉山全球藍籌100,1.0,0.0,0.0,0.0,,
2026-05-15,009811,統一美國50,130.0,11.0,35.0,0.0,,
2026-05-15,009812,野村日本東證,54.0,6.0,0.0,0.0,,
2026-05-15,009813,貝萊德標普卓越50,254.0,2.0,0.0,0.0,,
2026-05-15,009816,凱基台灣TOP50,30630.0,247.0,553.0,-2.0,,
2026-05-15,009817,國泰日本不動產,159.0,2.0,0.0,0.0,,
2026-05-15,009818,華南永昌NASDAQxT,4.0,2.0,0.0,0.0,,
2026-05-15,009819,中信數據及電力,4242.0,-691.0,1.0,0.0,,
2026-05-15,00981A,主動統一台股增長,187997.0,-1671.0,5433.0,1345.0,,
2026-05-15,00981T,平衡凱基雙核收息,25.0,0.0,0.0,0.0,,
2026-05-15,009820,元大納斯達克精選,2501.0,-209.0,200.0,0.0,,
2026-05-15,00982A,主動群益台灣強棒,14007.0,630.0,0.0,0.0,,
2026-05-15,00982D,主動富邦動態入息,129.0,9.0,0.0,0.0,,
2026-05-15,00982T,平衡兆豐台美動能,0.0,0.0,0.0,0.0,,
2026-05-15,00983A,主動中信ARK創新,848.0,3.0,6.0,-10.0,,
2026-05-15,00983D,主動富邦複合收益,54.0,0.0,0.0,0.0,,
2026-05-15,00984A,主動安聯台灣高息,629.0,6.0,0.0,0.0,,
2026-05-15,00984D,主動聯博全球非投,4103.0,0.0,0.0,0.0,,
2026-05-15,00985A,主動野村台灣50,2041.0,-292.0,67.0,0.0,,
2026-05-15,00985B,群益ESG投等債0-5,281.0,100.0,0.0,0.0,,
2026-05-15,00986A,主動台新龍頭成長,54.0,-13.0,0.0,0.0,,
2026-05-15,00987A,主動台新優勢成長,3246.0,-493.0,22.0,0.0,,
2026-05-15,00988A,主動統一全球創新,49755.0,6708.0,30813.0,2776.0,,
2026-05-15,00989A,主動摩根美國科技,157.0,16.0,0.0,0.0,,
2026-05-15,00990A,主動元大AI新經濟,12998.0,940.0,174.0,15.0,,
2026-05-15,00991A,主動復華未來50,53138.0,-3633.0,475.0,60.0,,
2026-05-15,00992A,主動群益科技創新,59472.0,452.0,871.0,79.0,,
2026-05-15,00993A,主動安聯台灣,2076.0,-18.0,41.0,-3.0,,
2026-05-15,00994A,主動第一金台股優,8663.0,-1122.0,9.0,8.0,,
2026-05-15,00995A,主動中信台灣卓越,2044.0,-693.0,20.0,7.0,,
2026-05-15,00996A,主動兆豐台灣豐收,3317.0,-244.0,25.0,6.0,,
2026-05-15,00997A,主動群益美國增長,9094.0,-436.0,3.0,1.0,,
2026-05-15,00999A,主動野村臺灣高息,9662.0,-1389.0,17.0,15.0,,
2026-05-15,1101,台泥,31175.0,-932.0,91.0,-6.0,,
2026-05-15,1102,亞泥,1416.0,15.0,13.0,-1.0,,
2026-05-15,1103,嘉泥,4132.0,11.0,0.0,0.0,,
2026-05-15,1104,環泥,1039.0,25.0,0.0,0.0,,
2026-05-15,1108,幸福,906.0,85.0,0.0,0.0,,
2026-05-15,1109,信大,414.0,8.0,0.0,0.0,,
2026-05-15,1110,東泥,2772.0,1.0,0.0,0.0,,
2026-05-15,1201,味全,1286.0,-122.0,4.0,0.0,,
2026-05-15,1203,味王,6.0,0.0,0.0,0.0,,
2026-05-15,1210,大成,1909.0,77.0,0.0,0.0,,
2026-05-15,1213,大飲,0.0,0.0,0.0,0.0,,
2026-05-15,1215,卜蜂,276.0,-2.0,0.0,0.0,,
2026-05-15,1216,統一,1011.0,-70.0,15.0,1.0,,
2026-05-15,1217,愛之味,1252.0,-803.0,0.0,-6.0,,
2026-05-15,1218,泰山,1614.0,41.0,0.0,0.0,,
2026-05-15,1219,福壽,1333.0,-1.0,0.0,0.0,,
2026-05-15,1220,台榮,1144.0,9.0,0.0,0.0,,
2026-05-15,1225,福懋油,7138.0,-49.0,0.0,0.0,,
2026-05-15,1227,佳格,1057.0,-1.0,11.0,11.0,,
2026-05-15,1229,聯華,2849.0,-9.0,1.0,0.0,,
2026-05-15,1231,聯華食,264.0,0.0,0.0,0.0,,
2026-05-15,1232,大統益,4.0,0.0,0.0,0.0,,
2026-05-15,1233,天仁,57.0,0.0,0.0,0.0,,
2026-05-15,1234,黑松,24.0,1.0,0.0,0.0,,
2026-05-15,1235,興泰,810.0,0.0,0.0,0.0,,
2026-05-15,1236,宏亞,221.0,-2.0,0.0,0.0,,
2026-05-15,1256,鮮活果汁-KY,294.0,1.0,0.0,0.0,,
2026-05-15,1301,台塑,18122.0,162.0,232.0,-9.0,,
2026-05-15,1303,南亞,46509.0,54.0,2887.0,-30.0,,
2026-05-15,1304,台聚,12365.0,-198.0,117.0,-17.0,,
2026-05-15,1305,華夏,7301.0,-42.0,263.0,3.0,,
2026-05-15,1307,三芳,1688.0,-2.0,1.0,0.0,,
2026-05-15,1308,亞聚,8047.0,-20.0,3.0,-41.0,,
2026-05-15,1309,台達化,8254.0,-544.0,1411.0,-1.0,,
2026-05-15,1310,台苯,11566.0,109.0,9.0,-8.0,,
2026-05-15,1312,國喬,16075.0,-228.0,14.0,-25.0,,
2026-05-15,1313,聯成,11368.0,-71.0,2.0,-1.0,,
2026-05-15,1314,中石化,47623.0,95.0,106.0,-2.0,,
2026-05-15,1315,達新,60.0,0.0,0.0,0.0,,
2026-05-15,1316,上曜,11029.0,-141.0,14.0,9.0,,
2026-05-15,1319,東陽,5518.0,4.0,2.0,-1.0,,
2026-05-15,1321,大洋,7086.0,16.0,0.0,0.0,,
2026-05-15,1323,永裕,116.0,-5.0,0.0,0.0,,
2026-05-15,1324,地球,1455.0,-9.0,0.0,0.0,,
2026-05-15,1325,恆大,2616.0,-3.0,16.0,0.0,,
2026-05-15,1326,台化,15974.0,98.0,40.0,-25.0,,
2026-05-15,1337,再生-KY,21001.0,-94.0,0.0,0.0,,
2026-05-15,1338,廣華-KY,2316.0,1.0,1.0,0.0,,
2026-05-15,1339,昭輝,624.0,5.0,0.0,0.0,,
2026-05-15,1340,勝悅-KY,1078.0,1.0,0.0,0.0,,
2026-05-15,1342,八貫,540.0,-10.0,0.0,0.0,,
2026-05-15,1402,遠東新,9375.0,215.0,228.0,214.0,,
2026-05-15,1409,新纖,10108.0,-73.0,6.0,-27.0,,
2026-05-15,1410,南染,317.0,0.0,0.0,0.0,,
2026-05-15,1413,宏洲,0.0,0.0,0.0,0.0,,
2026-05-15,1414,東和,992.0,51.0,0.0,0.0,,
2026-05-15,1416,廣豐,3804.0,28.0,0.0,0.0,,
2026-05-15,1417,嘉裕,1530.0,75.0,0.0,0.0,,
2026-05-15,1418,東華,718.0,2.0,0.0,0.0,,
2026-05-15,1419,新紡,1264.0,-69.0,3.0,0.0,,
2026-05-15,1423,利華,70.0,-6.0,0.0,0.0,,
2026-05-15,1432,大魯閣,104.0,10.0,0.0,0.0,,
2026-05-15,1434,福懋,2598.0,-4.0,0.0,0.0,,
2026-05-15,1435,中福,0.0,0.0,0.0,0.0,,
2026-05-15,1436,華友聯,912.0,54.0,11.0,0.0,,
2026-05-15,1437,勤益控,1968.0,1.0,30.0,30.0,,
2026-05-15,1438,三地開發,62.0,3.0,0.0,0.0,,
2026-05-15,1439,雋揚,1206.0,1.0,7.0,7.0,,
2026-05-15,1440,南紡,4943.0,-27.0,2.0,2.0,,
2026-05-15,1441,大東,0.0,0.0,0.0,0.0,,
2026-05-15,1442,名軒,3119.0,-12.0,8.0,3.0,,
2026-05-15,1443,立益物流,35.0,-12.0,0.0,0.0,,
2026-05-15,1444,力麗,1015.0,0.0,0.0,0.0,,
2026-05-15,1445,大宇,1303.0,0.0,0.0,0.0,,
2026-05-15,1446,宏和,2319.0,2.0,0.0,0.0,,
2026-05-15,1447,力鵬,2581.0,-36.0,0.0,0.0,,
2026-05-15,1449,佳和,3966.0,-17.0,0.0,-7.0,,
2026-05-15,1451,年興,612.0,-1.0,0.0,0.0,,
2026-05-15,1452,宏益,101.0,-2.0,0.0,0.0,,
2026-05-15,1453,大將,1311.0,3.0,0.0,0.0,,
2026-05-15,1454,台富,2084.0,-7.0,0.0,0.0,,
2026-05-15,1455,集盛,2784.0,-45.0,26.0,0.0,,
2026-05-15,1456,怡華,319.0,4.0,0.0,0.0,,
2026-05-15,1457,宜進,603.0,100.0,0.0,0.0,,
2026-05-15,1459,聯發,375.0,6.0,0.0,0.0,,
2026-05-15,1460,宏遠,0.0,0.0,0.0,0.0,,
2026-05-15,1463,強盛新,252.0,0.0,0.0,0.0,,
2026-05-15,1464,得力,2005.0,37.0,0.0,0.0,,
2026-05-15,1465,偉全,3321.0,-17.0,0.0,0.0,,
2026-05-15,1466,聚隆,4731.0,15.0,2.0,0.0,,
2026-05-15,1467,南緯,4610.0,32.0,0.0,0.0,,
2026-05-15,1468,昶和,0.0,0.0,0.0,0.0,,
2026-05-15,1470,大統新創,6.0,0.0,0.0,0.0,,
2026-05-15,1471,首利,0.0,0.0,0.0,0.0,,
2026-05-15,1472,三洋實業,4149.0,0.0,0.0,0.0,,
2026-05-15,1473,台南,836.0,9.0,0.0,0.0,,
2026-05-15,1474,弘裕,3352.0,0.0,0.0,0.0,,
2026-05-15,1475,業旺,359.0,-3.0,0.0,0.0,,
2026-05-15,1476,儒鴻,639.0,13.0,3.0,0.0,,
2026-05-15,1477,聚陽,1378.0,118.0,10.0,1.0,,
2026-05-15,1503,士電,2987.0,-20.0,15.0,3.0,,
2026-05-15,1504,東元,27648.0,-144.0,100.0,-49.0,,
2026-05-15,1506,正道,0.0,0.0,0.0,0.0,,
2026-05-15,1512,瑞利,0.0,0.0,0.0,0.0,,
2026-05-15,1513,中興電,8907.0,55.0,14.0,3.0,,
2026-05-15,1514,亞力,7243.0,39.0,496.0,4.0,,
2026-05-15,1515,力山,1957.0,38.0,3.0,-6.0,,
2026-05-15,1516,川飛,18.0,0.0,0.0,0.0,,
2026-05-15,1517,利奇,1297.0,1.0,0.0,0.0,,
2026-05-15,1519,華城,3299.0,48.0,42.0,24.0,,
2026-05-15,1521,大億,420.0,0.0,0.0,0.0,,
2026-05-15,1522,堤維西,4624.0,11.0,29.0,-4.0,,
2026-05-15,1524,耿鼎,4672.0,-7.0,21.0,-7.0,,
2026-05-15,1525,江申,238.0,0.0,0.0,0.0,,
2026-05-15,1526,日馳,633.0,17.0,0.0,-3.0,,
2026-05-15,1527,鑽全,546.0,2.0,1.0,-1.0,,
2026-05-15,1528,恩德,10232.0,-53.0,319.0,-15.0,,
2026-05-15,1529,樂事綠能,3409.0,-84.0,0.0,0.0,,
2026-05-15,1530,亞崴,133.0,0.0,0.0,0.0,,
2026-05-15,1531,高林股,1923.0,5.0,1.0,0.0,,
2026-05-15,1532,勤美,2503.0,32.0,0.0,0.0,,
2026-05-15,1533,車王電,737.0,10.0,0.0,0.0,,
2026-05-15,1535,中宇,52.0,-2.0,0.0,0.0,,
2026-05-15,1536,和大,8550.0,39.0,208.0,15.0,,
2026-05-15,1537,廣隆,30.0,1.0,0.0,0.0,,
2026-05-15,1538,正峰,0.0,0.0,0.0,0.0,,
2026-05-15,1539,巨庭,1206.0,11.0,0.0,0.0,,
2026-05-15,1540,喬福,1895.0,11.0,0.0,0.0,,
2026-05-15,1541,錩泰,106.0,-1.0,0.0,0.0,,
2026-05-15,1558,伸興,294.0,0.0,0.0,0.0,,
2026-05-15,1560,中砂,1905.0,-66.0,72.0,2.0,,
2026-05-15,1563,巧新,1061.0,-64.0,0.0,0.0,,
2026-05-15,1568,倉佑,3123.0,54.0,1.0,0.0,,
2026-05-15,1582,信錦,6554.0,37.0,31.0,-1.0,,
2026-05-15,1583,程泰,30.0,14.0,0.0,0.0,,
2026-05-15,1587,吉茂,2967.0,-159.0,4.0,0.0,,
2026-05-15,1589,永冠-KY,1779.0,0.0,0.0,0.0,,
2026-05-15,1590,亞德客-KY,183.0,-18.0,1.0,0.0,,
2026-05-15,1597,直得,6958.0,-122.0,190.0,-14.0,,
2026-05-15,1598,岱宇,2162.0,-42.0,7.0,0.0,,
2026-05-15,1603,華電,2345.0,115.0,88.0,88.0,,
2026-05-15,1604,聲寶,261.0,-3.0,0.0,0.0,,
2026-05-15,1605,華新,50327.0,-2012.0,434.0,-2.0,,
2026-05-15,1608,華榮,8421.0,-129.0,7.0,-2.0,,
2026-05-15,1609,大亞,13596.0,107.0,16.0,-1.0,,
2026-05-15,1611,中電,3513.0,57.0,0.0,0.0,,
2026-05-15,1612,宏泰,1393.0,4.0,1.0,0.0,,
2026-05-15,1614,三洋電,355.0,4.0,0.0,0.0,,
2026-05-15,1615,大山,152.0,0.0,5.0,5.0,,
2026-05-15,1616,億泰,3625.0,3.0,10.0,7.0,,
2026-05-15,1617,榮星,1216.0,34.0,0.0,0.0,,
2026-05-15,1618,合機,4008.0,0.0,4.0,-1.0,,
2026-05-15,1626,艾美特-KY,2568.0,0.0,1.0,0.0,,
2026-05-15,1702,南僑,404.0,15.0,1.0,0.0,,
2026-05-15,1707,葡萄王,229.0,1.0,4.0,0.0,,
2026-05-15,1708,東鹼,5696.0,-108.0,46.0,-4.0,,
2026-05-15,1709,和益,2392.0,-30.0,1.0,-2.0,,
2026-05-15,1710,東聯,8099.0,248.0,12.0,0.0,,
2026-05-15,1711,永光,25784.0,1002.0,1670.0,12.0,,
2026-05-15,1712,興農,412.0,1.0,0.0,0.0,,
2026-05-15,1713,國化,3102.0,-29.0,0.0,0.0,,
2026-05-15,1714,和桐,8296.0,106.0,5.0,0.0,,
2026-05-15,1717,長興,30628.0,494.0,336.0,-15.0,,
2026-05-15,1718,中纖,12710.0,-155.0,5.0,-126.0,,
2026-05-15,1720,生達,381.0,-5.0,0.0,0.0,,
2026-05-15,1721,三晃,129.0,-30.0,0.0,0.0,,
2026-05-15,1722,台肥,4203.0,245.0,7.0,3.0,,
2026-05-15,1723,中碳,884.0,0.0,0.0,0.0,,
2026-05-15,1725,元禎,293.0,-7.0,0.0,0.0,,
2026-05-15,1726,永記,8.0,0.0,0.0,0.0,,
2026-05-15,1727,中華化,8316.0,-1535.0,609.0,210.0,,
2026-05-15,1730,花仙子,7.0,-1.0,0.0,0.0,,
2026-05-15,1731,美吾華,235.0,1.0,0.0,0.0,,
2026-05-15,1732,毛寶,481.0,-27.0,0.0,0.0,,
2026-05-15,1733,五鼎,2641.0,0.0,0.0,0.0,,
2026-05-15,1734,杏輝,471.0,1.0,0.0,0.0,,
2026-05-15,1735,日勝化,844.0,-24.0,2.0,1.0,,
2026-05-15,1736,喬山,1998.0,29.0,3.0,2.0,,
2026-05-15,1737,臺鹽,40.0,0.0,0.0,0.0,,
2026-05-15,1752,南光,345.0,5.0,0.0,0.0,,
2026-05-15,1760,寶齡富錦,976.0,2.0,7.0,0.0,,
2026-05-15,1762,中化生,876.0,-132.0,12.0,1.0,,
2026-05-15,1773,勝一,1460.0,-22.0,7.0,-2.0,,
2026-05-15,1776,展宇,826.0,202.0,0.0,-4.0,,
2026-05-15,1783,和康生,848.0,3.0,0.0,0.0,,
2026-05-15,1786,科妍,5698.0,63.0,2.0,-9.0,,
2026-05-15,1789,神隆,2981.0,19.0,1.0,0.0,,
2026-05-15,1795,美時,9399.0,-40.0,14.0,-12.0,,
2026-05-15,1802,台玻,61771.0,-1117.0,2607.0,193.0,,
2026-05-15,1805,寶徠,1510.0,3.0,0.0,0.0,,
2026-05-15,1806,冠軍,2820.0,-4.0,0.0,0.0,,
2026-05-15,1808,潤隆,5842.0,-22.0,0.0,0.0,,
2026-05-15,1809,中釉,7141.0,-221.0,249.0,-6.0,,
2026-05-15,1810,和成,18804.0,-37.0,14.0,5.0,,
2026-05-15,1817,凱撒衛,21.0,1.0,0.0,0.0,,
2026-05-15,1903,士紙,2854.0,-92.0,1.0,0.0,,
2026-05-15,1904,正隆,2252.0,-359.0,10.0,2.0,,
2026-05-15,1905,華紙,9428.0,223.0,9.0,-4.0,,
2026-05-15,1906,寶隆,7294.0,0.0,0.0,0.0,,
2026-05-15,1907,永豐餘,23796.0,-263.0,0.0,-1.0,,
2026-05-15,1909,榮成,8518.0,1.0,1.0,0.0,,
2026-05-15,2002,中鋼,40802.0,-174.0,57.0,-1.0,,
2026-05-15,2006,東和鋼鐵,1078.0,83.0,9.0,0.0,,
2026-05-15,2007,燁興,6.0,0.0,0.0,0.0,,
2026-05-15,2008,高興昌,178.0,0.0,0.0,0.0,,
2026-05-15,2009,第一銅,6003.0,-591.0,2.0,-44.0,,
2026-05-15,2010,春源,2011.0,320.0,2.0,1.0,,
2026-05-15,2012,春雨,68.0,0.0,0.0,0.0,,
2026-05-15,2013,中鋼構,1443.0,2.0,0.0,0.0,,
2026-05-15,2014,中鴻,2044.0,-1.0,0.0,0.0,,
2026-05-15,2015,豐興,36.0,0.0,0.0,0.0,,
2026-05-15,2017,官田鋼,7006.0,-22.0,10.0,0.0,,
2026-05-15,2020,美亞,712.0,14.0,0.0,-10.0,,
2026-05-15,2022,聚亨,1250.0,141.0,1.0,-1.0,,
2026-05-15,2023,燁輝,3641.0,54.0,1.0,0.0,,
2026-05-15,2024,志聯,51.0,-2.0,0.0,0.0,,
2026-05-15,2025,千興,0.0,0.0,0.0,0.0,,
2026-05-15,2027,大成鋼,30379.0,-1196.0,136.0,33.0,,
2026-05-15,2028,威致,1175.0,8.0,0.0,0.0,,
2026-05-15,2029,盛餘,405.0,21.0,0.0,0.0,,
2026-05-15,2030,彰源,2087.0,5.0,7.0,-17.0,,
2026-05-15,2031,新光鋼,1185.0,-4.0,1.0,0.0,,
2026-05-15,2032,新鋼,2744.0,-59.0,0.0,0.0,,
2026-05-15,2033,佳大,2839.0,-19.0,0.0,0.0,,
2026-05-15,2034,允強,4676.0,16.0,0.0,0.0,,
2026-05-15,2038,海光,5261.0,-39.0,1.0,0.0,,
2026-05-15,2049,上銀,4352.0,85.0,176.0,34.0,,
2026-05-15,2059,川湖,439.0,2.0,2.0,0.0,,
2026-05-15,2062,橋椿,1713.0,0.0,0.0,0.0,,
2026-05-15,2069,運錩,757.0,-69.0,1.0,0.0,,
2026-05-15,2101,南港,26922.0,-29.0,5.0,0.0,,
2026-05-15,2102,泰豐,4342.0,4.0,0.0,0.0,,
2026-05-15,2103,台橡,12412.0,-267.0,10.0,-7.0,,
2026-05-15,2104,國際中橡,20756.0,34.0,38.0,11.0,,
2026-05-15,2105,正新,12228.0,-129.0,5.0,5.0,,
2026-05-15,2106,建大,2898.0,59.0,28.0,0.0,,
2026-05-15,2107,厚生,131.0,-5.0,0.0,0.0,,
2026-05-15,2108,南帝,2271.0,5.0,28.0,-1.0,,
2026-05-15,2109,華豐,790.0,-1.0,0.0,0.0,,
2026-05-15,2114,鑫永銓,56.0,0.0,0.0,0.0,,
2026-05-15,2115,六暉-KY,794.0,9.0,0.0,0.0,,
2026-05-15,2201,裕隆,11604.0,-17.0,45.0,-1.0,,
2026-05-15,2204,中華,2148.0,-28.0,0.0,0.0,,
2026-05-15,2206,三陽工業,6893.0,-321.0,0.0,0.0,,
2026-05-15,2207,和泰車,96.0,1.0,0.0,0.0,,
2026-05-15,2208,台船,0.0,0.0,0.0,0.0,,
2026-05-15,2211,長榮鋼,669.0,21.0,1.0,0.0,,
2026-05-15,2228,劍麟,1934.0,-6.0,1.0,0.0,,
2026-05-15,2231,為升,3314.0,-69.0,29.0,14.0,,
2026-05-15,2233,宇隆,8521.0,-4.0,35.0,3.0,,
2026-05-15,2236,百達-KY,12035.0,10.0,259.0,-114.0,,
2026-05-15,2239,英利-KY,1556.0,-13.0,0.0,0.0,,
2026-05-15,2241,艾姆勒,4339.0,1241.0,10.0,1.0,,
2026-05-15,2243,宏旭-KY,689.0,10.0,0.0,0.0,,
2026-05-15,2247,汎德永業,120.0,1.0,1.0,0.0,,
2026-05-15,2248,華勝-KY,210.0,-1.0,6.0,0.0,,
2026-05-15,2250,IKKA-KY,1294.0,2.0,0.0,0.0,,
2026-05-15,2254,巨鎧精密-創,2429.0,13.0,0.0,0.0,,
2026-05-15,2301,光寶科,17341.0,1239.0,424.0,-39.0,,
2026-05-15,2302,麗正,3431.0,-550.0,41.0,-26.0,,
2026-05-15,2303,聯電,100980.0,-10016.0,4560.0,120.0,,
2026-05-15,2305,全友,3951.0,-72.0,5.0,0.0,,
2026-05-15,2308,台達電,5362.0,-79.0,62.0,0.0,,
2026-05-15,2312,金寶,51817.0,-1657.0,344.0,2.0,,
2026-05-15,2313,華通,45120.0,685.0,371.0,-10.0,,
2026-05-15,2314,台揚,0.0,0.0,0.0,0.0,,
2026-05-15,2316,楠梓電,5445.0,-234.0,122.0,-33.0,,
2026-05-15,2317,鴻海,46973.0,-1674.0,952.0,122.0,,
2026-05-15,2321,東訊,0.0,0.0,0.0,0.0,,
2026-05-15,2323,中環,30872.0,-564.0,22.0,1.0,,
2026-05-15,2324,仁寶,51128.0,2129.0,263.0,114.0,,
2026-05-15,2327,國巨*,33646.0,-4191.0,948.0,-85.0,,
2026-05-15,2328,廣宇,19763.0,109.0,120.0,-9.0,,
2026-05-15,2329,華泰,23400.0,-395.0,412.0,0.0,,
2026-05-15,2330,台積電,26173.0,-374.0,119.0,2.0,,
2026-05-15,2331,精英,10560.0,98.0,12.0,1.0,,
2026-05-15,2332,友訊,19680.0,-79.0,26.0,3.0,,
2026-05-15,2337,旺宏,113430.0,-6120.0,3332.0,-276.0,,
2026-05-15,2338,光罩,6780.0,52.0,23.0,-3.0,,
2026-05-15,2340,台亞,10211.0,-443.0,64.0,15.0,,
2026-05-15,2342,茂矽,5418.0,-371.0,144.0,-34.0,,
2026-05-15,2344,華邦電,143317.0,-12470.0,3423.0,-897.0,,
2026-05-15,2345,智邦,1548.0,101.0,34.0,-12.0,,
2026-05-15,2347,聯強,461.0,-20.0,4.0,0.0,,
2026-05-15,2348,海悅,1752.0,21.0,18.0,5.0,,
2026-05-15,2349,錸德,0.0,0.0,0.0,0.0,,
2026-05-15,2351,順德,26195.0,-170.0,346.0,-12.0,,
2026-05-15,2352,佳世達,13150.0,-193.0,18.0,0.0,,
2026-05-15,2353,宏碁,26774.0,44.0,1077.0,-18.0,,
2026-05-15,2354,鴻準,26758.0,513.0,84.0,3.0,,
2026-05-15,2355,敬鵬,16101.0,911.0,31.0,-42.0,,
2026-05-15,2356,英業達,21572.0,-841.0,341.0,66.0,,
2026-05-15,2357,華碩,2441.0,-37.0,38.0,-7.0,,
2026-05-15,2359,所羅門,6710.0,318.0,209.0,59.0,,
2026-05-15,2360,致茂,1191.0,-23.0,59.0,0.0,,
2026-05-15,2362,藍天,2585.0,38.0,4.0,0.0,,
2026-05-15,2363,矽統,19875.0,-686.0,244.0,-21.0,,
2026-05-15,2364,倫飛,946.0,-7.0,1.0,0.0,,
2026-05-15,2365,昆盈,9770.0,110.0,47.0,24.0,,
2026-05-15,2367,燿華,40960.0,994.0,1897.0,-22.0,,
2026-05-15,2368,金像電,4296.0,400.0,526.0,278.0,,
2026-05-15,2369,菱生,14179.0,-160.0,76.0,22.0,,
2026-05-15,2371,大同,71193.0,-469.0,43.0,19.0,,
2026-05-15,2373,震旦行,54.0,0.0,0.0,0.0,,
2026-05-15,2374,佳能,22008.0,-113.0,68.0,7.0,,
2026-05-15,2375,凱美,5543.0,-594.0,234.0,-17.0,,
2026-05-15,2376,技嘉,13027.0,2257.0,238.0,14.0,,
2026-05-15,2377,微星,22842.0,-149.0,214.0,-222.0,,
2026-05-15,2379,瑞昱,2843.0,19.0,6.0,-5.0,,
2026-05-15,2380,虹光,0.0,0.0,0.0,0.0,,
2026-05-15,2382,廣達,10955.0,2119.0,950.0,-5.0,,
2026-05-15,2383,台光電,1977.0,26.0,51.0,-1.0,,
2026-05-15,2385,群光,2080.0,50.0,18.0,-2.0,,
2026-05-15,2387,精元,1727.0,7.0,1.0,0.0,,
2026-05-15,2388,威盛,14864.0,-167.0,358.0,1.0,,
2026-05-15,2390,云辰,2730.0,38.0,0.0,0.0,,
2026-05-15,2392,正崴,6284.0,27.0,14.0,-788.0,,
2026-05-15,2393,億光,2328.0,342.0,8.0,-107.0,,
2026-05-15,2395,研華,1989.0,-227.0,24.0,1.0,,
2026-05-15,2397,友通,1348.0,17.0,0.0,0.0,,
2026-05-15,2399,映泰,9533.0,-130.0,318.0,-78.0,,
2026-05-15,2401,凌陽,10091.0,-105.0,42.0,-2.0,,
2026-05-15,2402,毅嘉,15531.0,-601.0,296.0,9.0,,
2026-05-15,2404,漢唐,4136.0,69.0,12.0,-2.0,,
2026-05-15,2405,輔信,9161.0,238.0,18.0,17.0,,
2026-05-15,2406,國碩,13128.0,-40.0,210.0,2.0,,
2026-05-15,2408,南亞科,107111.0,-5616.0,1786.0,-379.0,,
2026-05-15,2409,友達,185040.0,-10084.0,14293.0,-541.0,,
2026-05-15,2412,中華電,243.0,0.0,9.0,1.0,,
2026-05-15,2413,環科,5402.0,29.0,106.0,-13.0,,
2026-05-15,2414,精技,193.0,-13.0,0.0,0.0,,
2026-05-15,2415,錩新,2389.0,35.0,3.0,0.0,,
2026-05-15,2417,圓剛,4397.0,-161.0,52.0,7.0,,
2026-05-15,2419,仲琦,7257.0,136.0,26.0,-9.0,,
2026-05-15,2420,新巨,618.0,75.0,0.0,0.0,,
2026-05-15,2421,建準,6881.0,-140.0,22.0,2.0,,
2026-05-15,2423,固緯,390.0,-180.0,2.0,0.0,,
2026-05-15,2424,隴華,0.0,0.0,0.0,0.0,,
2026-05-15,2425,承啟,2111.0,15.0,8.0,0.0,,
2026-05-15,2426,鼎元,19489.0,-540.0,204.0,-240.0,,
2026-05-15,2427,三商電,5798.0,-10.0,11.0,0.0,,
2026-05-15,2428,興勤,3275.0,250.0,4.0,-3.0,,
2026-05-15,2429,銘旺科,4559.0,-23.0,0.0,0.0,,
2026-05-15,2430,燦坤,155.0,0.0,3.0,0.0,,
2026-05-15,2431,聯昌,2152.0,-26.0,0.0,0.0,,
2026-05-15,2432,倚天酷碁-創,280.0,-1.0,0.0,0.0,,
2026-05-15,2433,互盛電,9.0,0.0,0.0,0.0,,
2026-05-15,2434,統懋,23.0,1.0,0.0,0.0,,
2026-05-15,2436,偉詮電,9613.0,-631.0,2199.0,-19.0,,
2026-05-15,2438,翔耀,0.0,0.0,0.0,0.0,,
2026-05-15,2439,美律,3522.0,15.0,17.0,7.0,,
2026-05-15,2440,太空梭,786.0,38.0,3.0,0.0,,
2026-05-15,2441,超豐,13811.0,887.0,2128.0,78.0,,
2026-05-15,2442,新美齊,5525.0,-14.0,0.0,0.0,,
2026-05-15,2444,兆勁,0.0,0.0,0.0,0.0,,
2026-05-15,2449,京元電子,22669.0,-1371.0,128.0,4.0,,
2026-05-15,2450,神腦,102.0,4.0,4.0,0.0,,
2026-05-15,2451,創見,5370.0,-147.0,110.0,0.0,,
2026-05-15,2453,凌群,2501.0,-49.0,1.0,0.0,,
2026-05-15,2454,聯發科,8421.0,-60.0,144.0,28.0,,
2026-05-15,2455,全新,7159.0,-178.0,598.0,38.0,,
2026-05-15,2457,飛宏,12394.0,-57.0,28.0,2.0,,
2026-05-15,2458,義隆,3608.0,-21.0,42.0,-31.0,,
2026-05-15,2459,敦吉,127.0,1.0,0.0,0.0,,
2026-05-15,2460,建通,375.0,0.0,0.0,0.0,,
2026-05-15,2461,光群雷,3912.0,-93.0,10.0,5.0,,
2026-05-15,2462,良得電,2549.0,-19.0,5.0,-1.0,,
2026-05-15,2464,盟立,14263.0,1222.0,1204.0,149.0,,
2026-05-15,2465,麗臺,2232.0,-107.0,19.0,5.0,,
2026-05-15,2466,冠西電,5047.0,15.0,17.0,0.0,,
2026-05-15,2467,志聖,2144.0,13.0,89.0,-15.0,,
2026-05-15,2468,華經,3479.0,-18.0,1.0,-1.0,,
2026-05-15,2471,資通,1442.0,-3.0,0.0,0.0,,
2026-05-15,2472,立隆電,9267.0,-506.0,78.0,-10.0,,
2026-05-15,2474,可成,6011.0,-3.0,6.0,0.0,,
2026-05-15,2476,鉅祥,27629.0,-291.0,27.0,6.0,,
2026-05-15,2477,美隆電,1298.0,-14.0,46.0,0.0,,
2026-05-15,2478,大毅,2620.0,-320.0,55.0,10.0,,
2026-05-15,2480,敦陽科,438.0,-13.0,0.0,0.0,,
2026-05-15,2481,強茂,16654.0,1260.0,394.0,26.0,,
2026-05-15,2482,連宇,2132.0,43.0,0.0,0.0,,
2026-05-15,2483,百容,368.0,-4.0,0.0,0.0,,
2026-05-15,2484,希華,12285.0,18.0,5.0,-2.0,,
2026-05-15,2485,兆赫,20530.0,-767.0,1289.0,118.0,,
2026-05-15,2486,一詮,19325.0,-350.0,178.0,-79.0,,
2026-05-15,2488,漢平,571.0,-3.0,0.0,0.0,,
2026-05-15,2489,瑞軒,50872.0,-1676.0,295.0,-327.0,,
2026-05-15,2491,吉祥全,1608.0,-31.0,14.0,0.0,,
2026-05-15,2492,華新科,14627.0,-904.0,992.0,-157.0,,
2026-05-15,2493,揚博,7756.0,0.0,30.0,16.0,,
2026-05-15,2495,普安,9856.0,-261.0,34.0,-7.0,,
2026-05-15,2496,卓越,40.0,-1.0,0.0,0.0,,
2026-05-15,2497,怡利電,3181.0,-51.0,2.0,-4.0,,
2026-05-15,2498,宏達電,32138.0,-1257.0,861.0,320.0,,
2026-05-15,2501,國建,5229.0,-288.0,11.0,0.0,,
2026-05-15,2504,國產,4041.0,148.0,4.0,-17.0,,
2026-05-15,2505,國揚,2838.0,68.0,0.0,0.0,,
2026-05-15,2506,太設,1889.0,1.0,0.0,0.0,,
2026-05-15,2509,全坤建,651.0,0.0,0.0,0.0,,
2026-05-15,2511,太子,3927.0,3.0,0.0,0.0,,
2026-05-15,2514,龍邦,15830.0,606.0,0.0,0.0,,
2026-05-15,2515,中工,30494.0,230.0,46.0,5.0,,
2026-05-15,2516,新建,0.0,0.0,0.0,0.0,,
2026-05-15,2520,冠德,4244.0,-12.0,167.0,0.0,,
2026-05-15,2524,京城,3214.0,-45.0,31.0,0.0,,
2026-05-15,2527,宏璟,3235.0,18.0,1.0,0.0,,
2026-05-15,2528,皇普,5734.0,97.0,0.0,0.0,,
2026-05-15,2530,華建,5408.0,49.0,2.0,2.0,,
2026-05-15,2534,宏盛,12365.0,12.0,0.0,0.0,,
2026-05-15,2535,達欣工,358.0,1.0,5.0,0.0,,
2026-05-15,2536,宏普,6885.0,-34.0,0.0,0.0,,
2026-05-15,2537,聯上發,3381.0,155.0,50.0,50.0,,
2026-05-15,2538,基泰,2563.0,19.0,0.0,0.0,,
2026-05-15,2539,櫻花建,2986.0,66.0,20.0,0.0,,
2026-05-15,2540,愛山林,3032.0,-416.0,22.0,-21.0,,
2026-05-15,2542,興富發,9606.0,1085.0,264.0,0.0,,
2026-05-15,2543,皇昌,12501.0,-284.0,82.0,27.0,,
2026-05-15,2545,皇翔,2850.0,2.0,1.0,0.0,,
2026-05-15,2546,根基,72.0,0.0,0.0,0.0,,
2026-05-15,2547,日勝生,12701.0,-84.0,0.0,0.0,,
2026-05-15,2548,華固,1213.0,9.0,23.0,0.0,,
2026-05-15,2597,潤弘,1136.0,157.0,10.0,0.0,,
2026-05-15,2601,益航,1045.0,0.0,0.0,0.0,,
2026-05-15,2603,長榮,13145.0,395.0,12.0,-112.0,,
2026-05-15,2605,新興,10745.0,-412.0,19.0,8.0,,
2026-05-15,2606,裕民,4219.0,89.0,30.0,19.0,,
2026-05-15,2607,榮運,971.0,13.0,0.0,0.0,,
2026-05-15,2608,嘉里大榮,1270.0,1.0,0.0,0.0,,
2026-05-15,2609,陽明,36057.0,-235.0,128.0,-2.0,,
2026-05-15,2610,華航,52110.0,60.0,112.0,0.0,,
2026-05-15,2611,志信,2122.0,-4.0,4.0,0.0,,
2026-05-15,2612,中航,2314.0,2.0,1.0,-1.0,,
2026-05-15,2613,中櫃,1973.0,-47.0,3.0,0.0,,
2026-05-15,2614,東森,5459.0,32.0,2.0,0.0,,
2026-05-15,2615,萬海,24243.0,-375.0,43.0,-238.0,,
2026-05-15,2616,山隆,471.0,3.0,2.0,0.0,,
2026-05-15,2617,台航,2074.0,9.0,0.0,-2.0,,
2026-05-15,2618,長榮航,42571.0,-402.0,41.0,-3.0,,
2026-05-15,2630,亞航,6039.0,-42.0,23.0,10.0,,
2026-05-15,2633,台灣高鐵,2725.0,120.0,0.0,0.0,,
2026-05-15,2634,漢翔,22308.0,-416.0,17.0,2.0,,
2026-05-15,2636,台驊控股,739.0,42.0,1.0,1.0,,
2026-05-15,2637,慧洋-KY,4591.0,179.0,3.0,-5.0,,
2026-05-15,2642,宅配通,529.0,2.0,8.0,8.0,,
2026-05-15,2645,長榮航太,3435.0,31.0,0.0,0.0,,
2026-05-15,2646,星宇航空,3658.0,-67.0,27.0,-3.0,,
2026-05-15,2701,萬企,1178.0,12.0,0.0,0.0,,
2026-05-15,2702,華園,420.0,0.0,0.0,0.0,,
2026-05-15,2704,國賓,215.0,5.0,0.0,0.0,,
2026-05-15,2705,六福,548.0,1.0,0.0,0.0,,
2026-05-15,2706,第一店,884.0,-2.0,0.0,0.0,,
2026-05-15,2707,晶華,172.0,-2.0,0.0,0.0,,
2026-05-15,2712,遠雄來,9.0,0.0,0.0,0.0,,
2026-05-15,2722,夏都,393.0,2.0,0.0,0.0,,
2026-05-15,2723,美食-KY,2422.0,16.0,2.0,0.0,,
2026-05-15,2727,王品,466.0,-7.0,1.0,0.0,,
2026-05-15,2731,雄獅,874.0,-21.0,22.0,0.0,,
2026-05-15,2739,寒舍,1026.0,11.0,0.0,-1.0,,
2026-05-15,2748,雲品,945.0,-18.0,0.0,0.0,,
2026-05-15,2753,八方雲集,707.0,0.0,0.0,0.0,,
2026-05-15,2762,世界健身-KY,228.0,6.0,0.0,0.0,,
2026-05-15,2801,彰銀,16240.0,480.0,0.0,0.0,,
2026-05-15,2812,台中銀,5712.0,-981.0,1.0,0.0,,
2026-05-15,2816,旺旺保,326.0,-23.0,0.0,0.0,,
2026-05-15,2820,華票,1042.0,-71.0,0.0,0.0,,
2026-05-15,2832,台產,374.0,2.0,0.0,0.0,,
2026-05-15,2834,臺企銀,8401.0,-27.0,3.0,-15.0,,
2026-05-15,2836,高雄銀,5984.0,30.0,0.0,0.0,,
2026-05-15,2838,聯邦銀,800.0,0.0,4.0,0.0,,
2026-05-15,2845,遠東銀,6022.0,-240.0,28.0,0.0,,
2026-05-15,2849,安泰銀,90.0,0.0,0.0,0.0,,
2026-05-15,2850,新產,183.0,0.0,0.0,0.0,,
2026-05-15,2851,中再保,614.0,43.0,0.0,0.0,,
2026-05-15,2852,第一保,420.0,3.0,0.0,0.0,,
2026-05-15,2855,統一證,4404.0,-183.0,71.0,7.0,,
2026-05-15,2867,三商壽,0.0,0.0,0.0,0.0,,
2026-05-15,2880,華南金,4124.0,7.0,0.0,0.0,,
2026-05-15,2881,富邦金,6177.0,38.0,95.0,-4.0,,
2026-05-15,2882,國泰金,4094.0,-345.0,119.0,-6.0,,
2026-05-15,2883,凱基金,14272.0,2050.0,29.0,-10.0,,
2026-05-15,2884,玉山金,6864.0,-37.0,4.0,0.0,,
2026-05-15,2885,元大金,1400.0,142.0,37.0,0.0,,
2026-05-15,2886,兆豐金,1048.0,-23.0,16.0,0.0,,
2026-05-15,2887,台新新光金,49181.0,-387.0,929.0,889.0,,
2026-05-15,2889,國票金,1772.0,25.0,4.0,-2.0,,
2026-05-15,2890,永豐金,3528.0,-113.0,12.0,0.0,,
2026-05-15,2891,中信金,3278.0,-244.0,153.0,1.0,,
2026-05-15,2892,第一金,11756.0,-86.0,3.0,0.0,,
2026-05-15,2897,王道銀行,2274.0,8.0,15.0,0.0,,
2026-05-15,2901,欣欣,548.0,-1.0,0.0,0.0,,
2026-05-15,2903,遠百,1803.0,-2.0,1.0,0.0,,
2026-05-15,2904,匯僑,25.0,2.0,0.0,0.0,,
2026-05-15,2905,三商,9438.0,39.0,0.0,0.0,,
2026-05-15,2906,高林,635.0,-15.0,0.0,0.0,,
2026-05-15,2908,特力,13830.0,30.0,0.0,0.0,,
2026-05-15,2910,統領,5.0,0.0,0.0,0.0,,
2026-05-15,2911,麗嬰房,0.0,0.0,0.0,0.0,,
2026-05-15,2912,統一超,481.0,27.0,1.0,0.0,,
2026-05-15,2913,農林,6769.0,-136.0,10.0,0.0,,
2026-05-15,2915,潤泰全,9298.0,-22.0,8.0,-20.0,,
2026-05-15,2929,淘帝-KY,2060.0,200.0,0.0,0.0,,
2026-05-15,2939,永邑-KY,215.0,0.0,0.0,0.0,,
2026-05-15,3002,歐格,2750.0,0.0,0.0,-2.0,,
2026-05-15,3003,健和興,3606.0,-156.0,8.0,0.0,,
2026-05-15,3004,豐達科,2666.0,18.0,13.0,2.0,,
2026-05-15,3005,神基,4870.0,337.0,11.0,-3.0,,
2026-05-15,3006,晶豪科,25479.0,-1060.0,790.0,216.0,,
2026-05-15,3008,大立光,1656.0,-73.0,17.0,7.0,,
2026-05-15,3010,華立,1670.0,-12.0,1.0,-1.0,,
2026-05-15,3011,今皓,4307.0,-201.0,37.0,0.0,,
2026-05-15,3013,晟銘電,11996.0,116.0,23.0,-2.0,,
2026-05-15,3014,聯陽,2588.0,-4.0,1.0,-31.0,,
2026-05-15,3015,全漢,1630.0,0.0,0.0,0.0,,
2026-05-15,3016,嘉晶,6337.0,-122.0,270.0,-403.0,,
2026-05-15,3017,奇鋐,4327.0,-118.0,44.0,1.0,,
2026-05-15,3018,隆銘綠能,6.0,0.0,0.0,0.0,,
2026-05-15,3019,亞光,14633.0,779.0,272.0,80.0,,
2026-05-15,3021,鴻名,876.0,18.0,0.0,0.0,,
2026-05-15,3022,威強電,4822.0,38.0,4.0,-4.0,,
2026-05-15,3023,信邦,1818.0,2.0,14.0,-2.0,,
2026-05-15,3024,憶聲,8232.0,-213.0,59.0,5.0,,
2026-05-15,3025,星通,2431.0,1.0,0.0,-1.0,,
2026-05-15,3026,禾伸堂,11759.0,-462.0,202.0,-114.0,,
2026-05-15,3027,盛達,4961.0,-15.0,16.0,0.0,,
2026-05-15,3028,增你強,3194.0,-157.0,29.0,-4.0,,
2026-05-15,3029,零壹,3324.0,-15.0,7.0,2.0,,
2026-05-15,3030,德律,11481.0,-175.0,157.0,-11.0,,
2026-05-15,3031,佰鴻,6739.0,214.0,100.0,-4.0,,
2026-05-15,3032,偉訓,8571.0,-91.0,35.0,-6.0,,
2026-05-15,3033,威健,8777.0,188.0,1071.0,535.0,,
2026-05-15,3034,聯詠,3486.0,-141.0,23.0,-3.0,,
2026-05-15,3035,智原,19688.0,-401.0,186.0,-236.0,,
2026-05-15,3036,文曄,6179.0,-944.0,451.0,105.0,,
2026-05-15,3037,欣興,37498.0,-257.0,303.0,-20.0,,
2026-05-15,3038,全台,1327.0,11.0,0.0,0.0,,
2026-05-15,3040,遠見,13865.0,-31.0,11.0,1.0,,
2026-05-15,3041,揚智,3579.0,-61.0,13.0,-16.0,,
2026-05-15,3042,晶技,14290.0,243.0,54.0,5.0,,
2026-05-15,3043,科風,1257.0,4.0,0.0,0.0,,
2026-05-15,3044,健鼎,5616.0,-227.0,29.0,-13.0,,
2026-05-15,3045,台灣大,487.0,103.0,0.0,-88.0,,
2026-05-15,3046,建碁,942.0,-18.0,1.0,0.0,,
2026-05-15,3047,訊舟,7062.0,-38.0,7.0,0.0,,
2026-05-15,3048,益登,9129.0,-957.0,142.0,59.0,,
2026-05-15,3049,精金,10.0,0.0,0.0,0.0,,
2026-05-15,3050,鈺德,4095.0,87.0,0.0,0.0,,
2026-05-15,3051,力特,4777.0,-68.0,23.0,10.0,,
2026-05-15,3052,夆典,1482.0,1.0,3.0,0.0,,
2026-05-15,3054,立萬利,920.0,-5.0,2.0,0.0,,
2026-05-15,3055,蔚華科,7682.0,-233.0,30.0,-23.0,,
2026-05-15,3056,富華新,6599.0,2.0,2.0,0.0,,
2026-05-15,3057,喬鼎,0.0,0.0,0.0,0.0,,
2026-05-15,3058,立德,1.0,0.0,0.0,0.0,,
2026-05-15,3059,華晶科,12236.0,-9.0,28.0,20.0,,
2026-05-15,3060,銘異,7436.0,-44.0,57.0,0.0,,
2026-05-15,3062,建漢,11452.0,-136.0,148.0,37.0,,
2026-05-15,3090,日電貿,6318.0,-938.0,108.0,56.0,,
2026-05-15,3092,鴻碩,2288.0,22.0,8.0,2.0,,
2026-05-15,3094,聯傑,2557.0,-111.0,14.0,-2.0,,
2026-05-15,3130,一零四,4.0,0.0,0.0,0.0,,
2026-05-15,3135,凌航,567.0,567.0,0.0,0.0,,
2026-05-15,3138,耀登,3477.0,-65.0,13.0,7.0,,
2026-05-15,3149,正達,29606.0,149.0,1205.0,794.0,,
2026-05-15,3150,鈺寶-創,215.0,1.0,0.0,0.0,,
2026-05-15,3164,景岳,277.0,0.0,0.0,0.0,,
2026-05-15,3167,大量,9931.0,-11.0,116.0,-1.0,,
2026-05-15,3168,眾福科,32.0,0.0,0.0,0.0,,
2026-05-15,3189,景碩,25154.0,-578.0,522.0,-89.0,,
2026-05-15,3209,全科,7326.0,792.0,113.0,18.0,,
2026-05-15,3229,晟鈦,0.0,0.0,0.0,0.0,,
2026-05-15,3231,緯創,54456.0,-1685.0,426.0,4.0,,
2026-05-15,3257,虹冠電,2535.0,-101.0,4.0,-1.0,,
2026-05-15,3266,昇陽,508.0,8.0,0.0,0.0,,
2026-05-15,3296,勝德,1766.0,1.0,0.0,0.0,,
2026-05-15,3305,昇貿,11109.0,-81.0,197.0,126.0,,
2026-05-15,3308,聯德,640.0,6.0,1.0,-2.0,,
2026-05-15,3311,閎暉,3258.0,13.0,2.0,1.0,,
2026-05-15,3312,弘憶股,4957.0,-163.0,30.0,-30.0,,
2026-05-15,3321,同泰,0.0,0.0,0.0,0.0,,
2026-05-15,3338,泰碩,4334.0,105.0,16.0,0.0,,
2026-05-15,3346,麗清,3668.0,-1.0,6.0,0.0,,
2026-05-15,3356,奇偶,1892.0,-29.0,56.0,9.0,,
2026-05-15,3376,新日興,12369.0,-233.0,59.0,27.0,,
2026-05-15,3380,明泰,6789.0,-40.0,14.0,-1.0,,
2026-05-15,3406,玉晶光,2060.0,-182.0,78.0,34.0,,
2026-05-15,3413,京鼎,3544.0,25.0,13.0,9.0,,
2026-05-15,3416,融程電,1133.0,-68.0,9.0,-10.0,,
2026-05-15,3419,譁裕,1522.0,-15.0,0.0,0.0,,
2026-05-15,3432,台端,0.0,0.0,0.0,0.0,,
2026-05-15,3437,榮創,3391.0,-62.0,30.0,3.0,,
2026-05-15,3443,創意,4684.0,-99.0,83.0,-4.0,,
2026-05-15,3447,展達,2637.0,-50.0,9.0,9.0,,
2026-05-15,3450,聯鈞,17066.0,-492.0,826.0,-184.0,,
2026-05-15,3481,群創,404882.0,-10359.0,13768.0,-868.0,,
2026-05-15,3494,誠研,0.0,0.0,0.0,0.0,,
2026-05-15,3501,維熹,646.0,0.0,5.0,-19.0,,
2026-05-15,3504,揚明光,2786.0,378.0,146.0,87.0,,
2026-05-15,3515,華擎,2159.0,-25.0,9.0,-1.0,,
2026-05-15,3518,柏騰,3709.0,-224.0,71.0,-1.0,,
2026-05-15,3528,安馳,2488.0,-39.0,0.0,0.0,,
2026-05-15,3530,晶相光,1354.0,20.0,1.0,0.0,,
2026-05-15,3532,台勝科,6115.0,-145.0,120.0,4.0,,
2026-05-15,3533,嘉澤,1074.0,-14.0,1.0,0.0,,
2026-05-15,3535,晶彩科,7584.0,-276.0,141.0,39.0,,
2026-05-15,3543,州巧,7276.0,-188.0,18.0,0.0,,
2026-05-15,3545,敦泰,5107.0,42.0,46.0,-7.0,,
2026-05-15,3550,聯穎,13663.0,79.0,18.0,1.0,,
2026-05-15,3557,嘉威,400.0,-28.0,1.0,1.0,,
2026-05-15,3563,牧德,6660.0,237.0,18.0,2.0,,
2026-05-15,3576,聯合再生,0.0,0.0,0.0,0.0,,
2026-05-15,3583,辛耘,2458.0,-147.0,744.0,-10.0,,
2026-05-15,3588,通嘉,1438.0,8.0,2.0,-1.0,,
2026-05-15,3591,艾笛森,24548.0,77.0,11.0,-1.0,,
2026-05-15,3592,瑞鼎,922.0,29.0,0.0,0.0,,
2026-05-15,3593,力銘,0.0,0.0,0.0,0.0,,
2026-05-15,3596,智易,1378.0,-61.0,5.0,0.0,,
2026-05-15,3605,宏致,7038.0,-181.0,113.0,5.0,,
2026-05-15,3607,谷崧,2418.0,-14.0,0.0,0.0,,
2026-05-15,3617,碩天,2032.0,-1.0,0.0,0.0,,
2026-05-15,3622,洋華,1868.0,3.0,1.0,0.0,,
2026-05-15,3645,達邁,11385.0,-1995.0,636.0,474.0,,
2026-05-15,3652,精聯,799.0,-4.0,0.0,0.0,,
2026-05-15,3653,健策,2984.0,-59.0,29.0,-4.0,,
2026-05-15,3661,世芯-KY,4683.0,-113.0,90.0,-6.0,,
2026-05-15,3665,貿聯-KY,2679.0,496.0,24.0,-42.0,,
2026-05-15,3669,圓展,987.0,-7.0,0.0,0.0,,
2026-05-15,3673,TPK-KY,18838.0,-452.0,390.0,33.0,,
2026-05-15,3679,新至陞,143.0,-6.0,0.0,0.0,,
2026-05-15,3686,達能,0.0,0.0,0.0,0.0,,
2026-05-15,3694,海華,7083.0,13.0,3.0,1.0,,
2026-05-15,3701,大眾控,9664.0,-126.0,31.0,-22.0,,
2026-05-15,3702,大聯大,4503.0,-163.0,771.0,216.0,,
2026-05-15,3703,欣陸,1478.0,2.0,0.0,0.0,,
2026-05-15,3704,合勤控,5461.0,-412.0,36.0,15.0,,
2026-05-15,3705,永信,453.0,-10.0,0.0,0.0,,
2026-05-15,3706,神達,34369.0,117.0,106.0,-44.0,,
2026-05-15,3708,上緯投控,4309.0,-23.0,299.0,-1.0,,
2026-05-15,3711,日月光投控,7151.0,-307.0,115.0,4.0,,
2026-05-15,3712,永崴投控,2897.0,-53.0,299.0,11.0,,
2026-05-15,3714,富采,33310.0,-504.0,533.0,-5.0,,
2026-05-15,3715,定穎投控,30070.0,-162.0,126.0,12.0,,
2026-05-15,3716,中化控股,609.0,-50.0,0.0,0.0,,
2026-05-15,3717,聯嘉投控,9106.0,-120.0,1108.0,-47.0,,
2026-05-15,4104,佳醫,153.0,-3.0,1.0,0.0,,
2026-05-15,4106,雃博,468.0,0.0,0.0,0.0,,
2026-05-15,4108,懷特,0.0,0.0,0.0,0.0,,
2026-05-15,4119,旭富,743.0,-14.0,19.0,0.0,,
2026-05-15,4133,亞諾法,1020.0,10.0,0.0,0.0,,
2026-05-15,4137,麗豐-KY,1033.0,4.0,0.0,0.0,,
2026-05-15,4142,國光生,7056.0,233.0,0.0,0.0,,
2026-05-15,4148,全宇生技-KY,604.0,-1.0,0.0,0.0,,
2026-05-15,4155,訊映,1048.0,63.0,2.0,2.0,,
2026-05-15,4164,承業醫,7342.0,90.0,1.0,0.0,,
2026-05-15,4190,佐登-KY,307.0,0.0,0.0,0.0,,
2026-05-15,4306,炎洲,4781.0,-4.0,0.0,0.0,,
2026-05-15,4414,如興,848.0,88.0,11.0,11.0,,
2026-05-15,4426,利勤,1295.0,5.0,0.0,0.0,,
2026-05-15,4438,廣越,788.0,17.0,0.0,0.0,,
2026-05-15,4439,冠星-KY,239.0,-9.0,1.0,-1.0,,
2026-05-15,4440,宜新實業,88.0,-14.0,0.0,0.0,,
2026-05-15,4441,振大環球,113.0,-6.0,0.0,0.0,,
2026-05-15,4526,東台,8472.0,41.0,204.0,111.0,,
2026-05-15,4532,瑞智,2928.0,111.0,1.0,0.0,,
2026-05-15,4536,拓凱,847.0,11.0,0.0,0.0,,
2026-05-15,4540,全球傳動,7990.0,751.0,86.0,63.0,,
2026-05-15,4545,銘鈺,1091.0,-2.0,0.0,0.0,,
2026-05-15,4551,智伸科,1744.0,-71.0,27.0,2.0,,
2026-05-15,4552,力達-KY,2208.0,-9.0,4.0,0.0,,
2026-05-15,4555,氣立,2566.0,-22.0,31.0,-5.0,,
2026-05-15,4557,永新-KY,427.0,-2.0,0.0,0.0,,
2026-05-15,4560,強信-KY,268.0,10.0,0.0,0.0,,
2026-05-15,4562,穎漢,2929.0,310.0,118.0,31.0,,
2026-05-15,4564,元翎,12880.0,23.0,0.0,-1.0,,
2026-05-15,4566,時碩工業,4980.0,-89.0,56.0,0.0,,
2026-05-15,4569,六方科-KY,863.0,24.0,2.0,-2.0,,
2026-05-15,4571,鈞興-KY,2290.0,38.0,3.0,1.0,,
2026-05-15,4572,駐龍,304.0,-2.0,0.0,0.0,,
2026-05-15,4576,大銀微系統,4483.0,85.0,332.0,46.0,,
2026-05-15,4581,光隆精密-KY,80.0,-4.0,0.0,0.0,,
2026-05-15,4583,台灣精銳,3875.0,-31.0,28.0,0.0,,
2026-05-15,4585,達明,438.0,205.0,0.0,0.0,,
2026-05-15,4588,玖鼎電力,374.0,6.0,4.0,4.0,,
2026-05-15,4720,德淵,5981.0,-19.0,40.0,-2.0,,
2026-05-15,4722,國精化,16557.0,297.0,301.0,59.0,,
2026-05-15,4736,泰博,282.0,8.0,0.0,0.0,,
2026-05-15,4737,華廣,675.0,-58.0,2.0,2.0,,
2026-05-15,4739,康普,6321.0,161.0,100.0,-32.0,,
2026-05-15,4746,台耀,2276.0,-51.0,0.0,-7.0,,
2026-05-15,4755,三福化,1650.0,8.0,0.0,-2.0,,
2026-05-15,4763,材料*-KY,46398.0,-247.0,33.0,4.0,,
2026-05-15,4764,雙鍵,5631.0,-117.0,4.0,-1.0,,
2026-05-15,4766,南寶,3012.0,-108.0,0.0,-3.0,,
2026-05-15,4770,上品,1306.0,-35.0,3.0,0.0,,
2026-05-15,4771,望隼,537.0,0.0,0.0,0.0,,
2026-05-15,4807,日成-KY,1005.0,-42.0,0.0,0.0,,
2026-05-15,4904,遠傳,608.0,17.0,0.0,0.0,,
2026-05-15,4906,正文,28761.0,-445.0,587.0,68.0,,
2026-05-15,4912,聯德控股-KY,4144.0,168.0,15.0,-4.0,,
2026-05-15,4915,致伸,5535.0,1825.0,12.0,-10.0,,
2026-05-15,4916,事欣科,9359.0,198.0,44.0,25.0,,
2026-05-15,4919,新唐,22240.0,-1670.0,4166.0,1042.0,,
2026-05-15,4927,泰鼎-KY,34587.0,-2489.0,544.0,1.0,,
2026-05-15,4930,燦星網,3565.0,0.0,0.0,0.0,,
2026-05-15,4934,太極,0.0,0.0,0.0,0.0,,
2026-05-15,4935,茂林-KY,381.0,-2.0,0.0,0.0,,
2026-05-15,4938,和碩,5295.0,699.0,14.0,-38.0,,
2026-05-15,4942,嘉彰,759.0,1.0,0.0,0.0,,
2026-05-15,4943,康控-KY,0.0,0.0,0.0,0.0,,
2026-05-15,4949,有成精密,4289.0,-65.0,216.0,10.0,,
2026-05-15,4952,凌通,1644.0,-132.0,2.0,1.0,,
2026-05-15,4956,光鋐,6655.0,-121.0,165.0,2.0,,
2026-05-15,4958,臻鼎-KY,28216.0,285.0,670.0,-81.0,,
2026-05-15,4960,誠美材,22278.0,-113.0,497.0,93.0,,
2026-05-15,4961,天鈺,2150.0,-8.0,8.0,0.0,,
2026-05-15,4967,十銓,10318.0,-210.0,991.0,-34.0,,
2026-05-15,4968,立積,6360.0,-68.0,41.0,2.0,,
2026-05-15,4976,佳凌,4485.0,-150.0,38.0,9.0,,
2026-05-15,4977,眾達-KY,8438.0,-135.0,113.0,24.0,,
2026-05-15,4989,榮科,17548.0,-1068.0,157.0,-7.0,,
2026-05-15,4994,傳奇,2413.0,28.0,0.0,0.0,,
2026-05-15,4999,鑫禾,347.0,1.0,0.0,0.0,,
2026-05-15,5007,三星,9.0,0.0,0.0,0.0,,
2026-05-15,5203,訊連,1471.0,-30.0,2.0,0.0,,
2026-05-15,5215,科嘉-KY,829.0,12.0,1.0,0.0,,
2026-05-15,5222,全訊,2182.0,-81.0,19.0,0.0,,
2026-05-15,5225,東科-KY,1585.0,-43.0,21.0,0.0,,
2026-05-15,5234,達興材料,1623.0,-98.0,15.0,-1.0,,
2026-05-15,5243,乙盛-KY,10529.0,23.0,69.0,5.0,,
2026-05-15,5244,弘凱,3173.0,-79.0,13.0,-24.0,,
2026-05-15,5258,虹堡,4536.0,67.0,20.0,-8.0,,
2026-05-15,5269,祥碩,3197.0,-133.0,10.0,1.0,,
2026-05-15,5283,禾聯碩,114.0,2.0,0.0,0.0,,
2026-05-15,5284,jpp-KY,5025.0,-142.0,17.0,-3.0,,
2026-05-15,5285,界霖,4990.0,-165.0,1.0,0.0,,
2026-05-15,5288,豐祥-KY,2108.0,-45.0,0.0,0.0,,
2026-05-15,5292,華懋,1382.0,-5.0,1.0,0.0,,
2026-05-15,5306,桂盟,464.0,14.0,0.0,0.0,,
2026-05-15,5388,中磊,7101.0,-183.0,3.0,1.0,,
2026-05-15,5434,崇越,630.0,-30.0,27.0,0.0,,
2026-05-15,5469,瀚宇博,15737.0,147.0,74.0,13.0,,
2026-05-15,5471,松翰,3790.0,-49.0,13.0,0.0,,
2026-05-15,5484,慧友,0.0,0.0,0.0,0.0,,
2026-05-15,5515,建國,1842.0,2.0,1.0,0.0,,
2026-05-15,5519,隆大,789.0,13.0,0.0,0.0,,
2026-05-15,5521,工信,15217.0,-162.0,11.0,-2.0,,
2026-05-15,5522,遠雄,1020.0,-6.0,1.0,0.0,,
2026-05-15,5525,順天,358.0,-9.0,0.0,0.0,,
2026-05-15,5531,鄉林,2770.0,126.0,0.0,0.0,,
2026-05-15,5533,皇鼎,724.0,36.0,0.0,0.0,,
2026-05-15,5534,長虹,3602.0,19.0,14.0,0.0,,
2026-05-15,5538,東明-KY,33.0,24.0,0.0,0.0,,
2026-05-15,5546,永固-KY,17.0,0.0,0.0,0.0,,
2026-05-15,5607,遠雄港,1415.0,-110.0,0.0,0.0,,
2026-05-15,5608,四維航,4985.0,-79.0,2.0,0.0,,
2026-05-15,5706,鳳凰,938.0,-24.0,0.0,0.0,,
2026-05-15,5871,中租-KY,6164.0,164.0,2.0,0.0,,
2026-05-15,5876,上海商銀,984.0,9.0,1.0,0.0,,
2026-05-15,5880,合庫金,2023.0,80.0,2.0,0.0,,
2026-05-15,5906,台南-KY,245.0,0.0,0.0,0.0,,
2026-05-15,5907,大洋-KY,5636.0,-10.0,2.0,0.0,,
2026-05-15,6005,群益證,5044.0,-246.0,47.0,43.0,,
2026-05-15,6024,群益期,192.0,4.0,0.0,0.0,,
2026-05-15,6108,競國,2504.0,-37.0,1.0,-2.0,,
2026-05-15,6112,邁達特,3328.0,-26.0,5.0,0.0,,
2026-05-15,6115,鎰勝,59.0,-2.0,0.0,0.0,,
2026-05-15,6116,彩晶,32904.0,-437.0,910.0,-427.0,,
2026-05-15,6117,迎廣,3709.0,49.0,79.0,5.0,,
2026-05-15,6120,達運,8551.0,-19.0,1.0,-1.0,,
2026-05-15,6128,上福,112.0,5.0,0.0,0.0,,
2026-05-15,6133,金橋,3283.0,-41.0,2.0,2.0,,
2026-05-15,6136,富爾特,2972.0,13.0,2.0,0.0,,
2026-05-15,6139,亞翔,5206.0,80.0,51.0,3.0,,
2026-05-15,6141,柏承,54.0,-33.0,0.0,0.0,,
2026-05-15,6142,友勁,0.0,0.0,0.0,0.0,,
2026-05-15,6152,百一,0.0,0.0,0.0,0.0,,
2026-05-15,6153,嘉聯益,8999.0,-491.0,165.0,-31.0,,
2026-05-15,6155,鈞寶,3381.0,-202.0,21.0,-9.0,,
2026-05-15,6164,華興,4089.0,-2.0,2.0,0.0,,
2026-05-15,6165,浪凡,8821.0,-20.0,4.0,0.0,,
2026-05-15,6166,凌華,4964.0,216.0,46.0,-4.0,,
2026-05-15,6168,宏齊,4262.0,-178.0,7.0,-3.0,,
2026-05-15,6176,瑞儀,6194.0,-21.0,4.0,-12.0,,
2026-05-15,6177,達麗,2982.0,-28.0,4.0,0.0,,
2026-05-15,6183,關貿,13.0,0.0,0.0,0.0,,
2026-05-15,6184,大豐電,480.0,0.0,0.0,0.0,,
2026-05-15,6189,豐藝,2158.0,-40.0,4.0,0.0,,
2026-05-15,6191,精成科,23987.0,127.0,23.0,1.0,,
2026-05-15,6192,巨路,807.0,-56.0,0.0,0.0,,
2026-05-15,6196,帆宣,1948.0,-234.0,31.0,-8.0,,
2026-05-15,6197,佳必琪,4701.0,-264.0,51.0,-3.0,,
2026-05-15,6201,亞弘電,29.0,0.0,0.0,0.0,,
2026-05-15,6202,盛群,4360.0,-148.0,51.0,32.0,,
2026-05-15,6205,詮欣,6936.0,-116.0,11.0,-12.0,,
2026-05-15,6206,飛捷,2412.0,-147.0,21.0,-6.0,,
2026-05-15,6209,今國光,17995.0,60.0,115.0,-3.0,,
2026-05-15,6213,聯茂,13574.0,-571.0,635.0,13.0,,
2026-05-15,6214,精誠,1644.0,-29.0,2.0,2.0,,
2026-05-15,6215,和椿,6572.0,788.0,391.0,99.0,,
2026-05-15,6216,居易,635.0,19.0,2.0,0.0,,
2026-05-15,6224,聚鼎,2347.0,-422.0,16.0,-2.0,,
2026-05-15,6225,天瀚,0.0,0.0,0.0,0.0,,
2026-05-15,6226,光鼎,0.0,0.0,0.0,0.0,,
2026-05-15,6230,尼得科超眾,567.0,-2.0,2.0,2.0,,
2026-05-15,6235,華孚,4679.0,2.0,19.0,2.0,,
2026-05-15,6239,力成,16082.0,1410.0,180.0,76.0,,
2026-05-15,6243,迅杰,1796.0,-11.0,4.0,-2.0,,
2026-05-15,6257,矽格,11052.0,109.0,110.0,18.0,,
2026-05-15,6269,台郡,6004.0,50.0,105.0,3.0,,
2026-05-15,6271,同欣電,7345.0,-48.0,24.0,4.0,,
2026-05-15,6277,宏正,401.0,26.0,0.0,0.0,,
2026-05-15,6278,台表科,19188.0,-35.0,250.0,-60.0,,
2026-05-15,6281,全國電,96.0,3.0,0.0,0.0,,
2026-05-15,6282,康舒,32632.0,-626.0,187.0,-9.0,,
2026-05-15,6283,淳安,2624.0,40.0,2.0,0.0,,
2026-05-15,6285,啟碁,15151.0,-815.0,276.0,11.0,,
2026-05-15,6405,悅城,6358.0,-123.0,119.0,0.0,,
2026-05-15,6409,旭隼,2036.0,81.0,3.0,0.0,,
2026-05-15,6412,群電,2129.0,57.0,9.0,1.0,,
2026-05-15,6414,樺漢,1288.0,174.0,260.0,75.0,,
2026-05-15,6415,矽力*-KY,5314.0,179.0,128.0,-81.0,,
2026-05-15,6416,瑞祺電通,3410.0,-43.0,1.0,0.0,,
2026-05-15,6426,統新,5376.0,-143.0,39.0,9.0,,
2026-05-15,6431,光麗-KY,0.0,0.0,0.0,0.0,,
2026-05-15,6438,迅得,4818.0,-52.0,13.0,-2.0,,
2026-05-15,6442,光聖,5150.0,-20.0,89.0,17.0,,
2026-05-15,6443,元晶,22427.0,-163.0,5509.0,-543.0,,
2026-05-15,6446,藥華藥,8113.0,-101.0,22.0,-6.0,,
2026-05-15,6449,鈺邦,3657.0,41.0,76.0,44.0,,
2026-05-15,6451,訊芯-KY,11886.0,-61.0,615.0,160.0,,
2026-05-15,6456,GIS-KY,15005.0,-379.0,66.0,-1.0,,
2026-05-15,6464,台數科,0.0,0.0,0.0,0.0,,
2026-05-15,6472,保瑞,4182.0,538.0,29.0,-423.0,,
2026-05-15,6477,安集,3924.0,0.0,0.0,0.0,,
2026-05-15,6491,晶碩,610.0,-32.0,1.0,0.0,,
2026-05-15,6504,南六,102.0,0.0,0.0,0.0,,
2026-05-15,6505,台塑化,12025.0,48.0,9.0,-7.0,,
2026-05-15,6515,穎崴,324.0,14.0,5.0,0.0,,
2026-05-15,6525,捷敏-KY,1221.0,-355.0,4.0,2.0,,
2026-05-15,6526,達發,1913.0,-99.0,6.0,-2.0,,
2026-05-15,6531,愛普*,12727.0,-454.0,163.0,1.0,,
2026-05-15,6533,晶心科,2273.0,-26.0,35.0,13.0,,
2026-05-15,6534,正瀚-創,5492.0,1.0,0.0,0.0,,
2026-05-15,6541,泰福-KY,3501.0,54.0,0.0,0.0,,
2026-05-15,6550,北極星藥業-KY,0.0,0.0,0.0,0.0,,
2026-05-15,6552,易華電,1530.0,-49.0,3.0,0.0,,
2026-05-15,6558,興能高,3949.0,84.0,14.0,-1.0,,
2026-05-15,6573,虹揚-KY,0.0,0.0,0.0,0.0,,
2026-05-15,6579,研揚,870.0,-55.0,4.0,0.0,,
2026-05-15,6581,鋼聯,14.0,0.0,0.0,0.0,,
2026-05-15,6582,申豐,369.0,1.0,0.0,0.0,,
2026-05-15,6585,鼎基,1983.0,-2.0,1.0,0.0,,
2026-05-15,6589,台康生技,3283.0,-78.0,85.0,0.0,,
2026-05-15,6591,動力-KY,2439.0,-3.0,3.0,-1.0,,
2026-05-15,6592,和潤企業,689.0,0.0,4.0,3.0,,
2026-05-15,6598,ABC-KY,0.0,0.0,0.0,0.0,,
2026-05-15,6605,帝寶,2209.0,-19.0,0.0,0.0,,
2026-05-15,6606,建德工業,560.0,0.0,0.0,0.0,,
2026-05-15,6625,必應,1044.0,2.0,0.0,0.0,,
2026-05-15,6641,基士德-KY,177.0,-2.0,0.0,0.0,,
2026-05-15,6645,金萬林-創,12.0,0.0,0.0,0.0,,
2026-05-15,6655,科定,0.0,0.0,0.0,0.0,,
2026-05-15,6657,華安,2378.0,12.0,10.0,10.0,,
2026-05-15,6658,聯策,2350.0,-151.0,73.0,0.0,,
2026-05-15,6666,羅麗芬-KY,235.0,-1.0,1.0,0.0,,
2026-05-15,6668,中揚光,3152.0,0.0,0.0,0.0,,
2026-05-15,6669,緯穎,2294.0,-221.0,14.0,-3.0,,
2026-05-15,6670,復盛應用,486.0,-11.0,0.0,0.0,,
2026-05-15,6671,三能-KY,57.0,-3.0,0.0,0.0,,
2026-05-15,6672,騰輝電子-KY,5584.0,-996.0,747.0,-19.0,,
2026-05-15,6674,鋐寶科技,312.0,-1.0,1.0,1.0,,
2026-05-15,6689,伊雲谷,1657.0,-13.0,2.0,0.0,,
2026-05-15,6691,洋基工程,1512.0,3.0,4.0,0.0,,
2026-05-15,6695,芯鼎,3479.0,-46.0,20.0,0.0,,
2026-05-15,6698,旭暉應材,1911.0,173.0,1.0,0.0,,
2026-05-15,6706,惠特,9412.0,-229.0,317.0,-21.0,,
2026-05-15,6715,嘉基,5378.0,-51.0,40.0,-4.0,,
2026-05-15,6719,力智,1599.0,86.0,3.0,0.0,,
2026-05-15,6742,澤米,2425.0,100.0,17.0,17.0,,
2026-05-15,6743,安普新,709.0,-23.0,0.0,0.0,,
2026-05-15,6753,龍德造船,5207.0,148.0,8.0,0.0,,
2026-05-15,6754,匯僑設計,127.0,2.0,0.0,0.0,,
2026-05-15,6756,威鋒電子,661.0,7.0,9.0,1.0,,
2026-05-15,6757,台灣虎航,3551.0,54.0,113.0,1.0,,
2026-05-15,6768,志強-KY,1605.0,-11.0,5.0,0.0,,
2026-05-15,6770,力積電,129796.0,-5122.0,3148.0,-56.0,,
2026-05-15,6771,平和環保-創,52.0,0.0,0.0,0.0,,
2026-05-15,6776,展碁國際,1093.0,-49.0,0.0,0.0,,
2026-05-15,6781,AES-KY,3253.0,3.0,9.0,1.0,,
2026-05-15,6782,視陽,586.0,12.0,0.0,0.0,,
2026-05-15,6789,采鈺,10331.0,-116.0,156.0,10.0,,
2026-05-15,6790,永豐實,316.0,0.0,0.0,0.0,,
2026-05-15,6792,詠業,266.0,-2.0,0.0,0.0,,
2026-05-15,6794,向榮生技,223.0,1.0,0.0,0.0,,
2026-05-15,6796,晉弘,302.0,-7.0,0.0,0.0,,
2026-05-15,6799,來頡,1895.0,-13.0,0.0,0.0,,
2026-05-15,6805,富世達,2735.0,-63.0,9.0,-4.0,,
2026-05-15,6806,森崴能源,1818.0,-154.0,0.0,0.0,,
2026-05-15,6807,峰源-KY,138.0,-2.0,0.0,0.0,,
2026-05-15,6830,汎銓,4660.0,124.0,198.0,0.0,,
2026-05-15,6834,天二科技,2771.0,-578.0,83.0,33.0,,
2026-05-15,6835,圓裕,930.0,-44.0,0.0,0.0,,
2026-05-15,6838,台新藥,2841.0,-3.0,13.0,0.0,,
2026-05-15,6854,錼創科技-KY創,4075.0,103.0,3.0,0.0,,
2026-05-15,6861,睿生光電,3490.0,-35.0,205.0,-8.0,,
2026-05-15,6862,三集瑞-KY,1242.0,-45.0,7.0,6.0,,
2026-05-15,6863,永道-KY,1030.0,-4.0,5.0,-10.0,,
2026-05-15,6869,雲豹能源,3208.0,22.0,29.0,18.0,,
2026-05-15,6873,泓德能源,3845.0,-45.0,21.0,11.0,,
2026-05-15,6885,全福生技,2407.0,10.0,4.0,0.0,,
2026-05-15,6887,寶綠特-KY,1158.0,0.0,0.0,0.0,,
2026-05-15,6890,來億-KY,2086.0,-11.0,5.0,3.0,,
2026-05-15,6901,鑽石投資,3068.0,28.0,2.0,-10.0,,
2026-05-15,6902,GOGOLOOK,563.0,47.0,1.0,0.0,,
2026-05-15,6906,現觀科,573.0,1.0,0.0,0.0,,
2026-05-15,6909,創控,2706.0,-17.0,6.0,-1.0,,
2026-05-15,6914,阜爾運通,359.0,-15.0,0.0,0.0,,
2026-05-15,6916,華凌,626.0,-6.0,0.0,0.0,,
2026-05-15,6918,愛派司,55.0,23.0,0.0,0.0,,
2026-05-15,6919,康霈*,0.0,0.0,0.0,0.0,,
2026-05-15,6923,中台,1985.0,9.0,0.0,0.0,,
2026-05-15,6928,攸泰科技,848.0,-21.0,0.0,0.0,,
2026-05-15,6931,青松健康,137.0,-17.0,0.0,0.0,,
2026-05-15,6933,AMAX-KY,746.0,5.0,0.0,0.0,,
2026-05-15,6936,永鴻生技,258.0,0.0,0.0,0.0,,
2026-05-15,6937,天虹,2402.0,-18.0,14.0,0.0,,
2026-05-15,6944,兆聯實業,1260.0,-47.0,1.0,1.0,,
2026-05-15,6949,沛爾生醫-創,5352.0,-21.0,2.0,0.0,,
2026-05-15,6951,青新-創,66.0,-1.0,0.0,0.0,,
2026-05-15,6952,大武山,26.0,0.0,0.0,0.0,,
2026-05-15,6957,裕慶-KY,1019.0,-1.0,0.0,0.0,,
2026-05-15,6958,日盛台駿,93.0,2.0,0.0,-1.0,,
2026-05-15,6962,奕力-KY,9697.0,-154.0,7.0,-29.0,,
2026-05-15,6965,中傑-KY,43.0,0.0,0.0,0.0,,
2026-05-15,6994,富威電力,2598.0,21.0,32.0,-21.0,,
2026-05-15,7705,三商餐飲,98.0,0.0,0.0,0.0,,
2026-05-15,7721,微程式,531.0,-157.0,2.0,0.0,,
2026-05-15,7722,LINEPAY,367.0,15.0,10.0,2.0,,
2026-05-15,7730,暉盛-創,112.0,97.0,0.0,0.0,,
2026-05-15,7732,金興精密,45.0,1.0,0.0,0.0,,
2026-05-15,7736,虎山,28.0,0.0,0.0,0.0,,
2026-05-15,7740,熙特爾-創,1202.0,2.0,2.0,0.0,,
2026-05-15,7749,意騰-KY,1421.0,19.0,25.0,-1.0,,
2026-05-15,7750,新代,499.0,3.0,0.0,0.0,,
2026-05-15,7765,中華資安,339.0,14.0,0.0,0.0,,
2026-05-15,7788,松川精密,1270.0,-393.0,16.0,5.0,,
2026-05-15,7791,皇家可口,3.0,1.0,0.0,0.0,,
2026-05-15,7799,禾榮科,416.0,18.0,6.0,0.0,,
2026-05-15,8011,台通,3888.0,-69.0,6.0,-2.0,,
2026-05-15,8016,矽創,1818.0,-728.0,6.0,-1.0,,
2026-05-15,8021,尖點,13844.0,321.0,453.0,-29.0,,
2026-05-15,8028,昇陽半導體,12769.0,-761.0,887.0,368.0,,
2026-05-15,8033,雷虎,7189.0,-102.0,70.0,2.0,,
2026-05-15,8039,台虹,15865.0,174.0,306.0,39.0,,
2026-05-15,8045,達運光電,4916.0,10.0,0.0,0.0,,
2026-05-15,8046,南電,9389.0,16.0,501.0,-45.0,,
2026-05-15,8070,長華*,5258.0,-1.0,1011.0,362.0,,
2026-05-15,8072,陞泰,1944.0,-9.0,0.0,0.0,,
2026-05-15,8081,致新,954.0,-10.0,0.0,-1.0,,
2026-05-15,8101,華冠,0.0,0.0,0.0,0.0,,
2026-05-15,8103,瀚荃,4684.0,-236.0,30.0,-7.0,,
2026-05-15,8104,錸寶,4243.0,-12.0,24.0,0.0,,
2026-05-15,8105,凌巨,7473.0,-828.0,112.0,-47.0,,
2026-05-15,8110,華東,21361.0,641.0,137.0,-63.0,,
2026-05-15,8112,至上,19358.0,-17.0,346.0,-38.0,,
2026-05-15,8114,振樺電,4693.0,-413.0,42.0,-40.0,,
2026-05-15,8131,福懋科,7564.0,173.0,29.0,-5.0,,
2026-05-15,8150,南茂,15155.0,-301.0,637.0,-21.0,,
2026-05-15,8162,微矽電子-創,1177.0,-26.0,1.0,0.0,,
2026-05-15,8163,達方,2717.0,-658.0,35.0,22.0,,
2026-05-15,8201,無敵,0.0,0.0,0.0,0.0,,
2026-05-15,8210,勤誠,2219.0,-189.0,45.0,-3.0,,
2026-05-15,8213,志超,4883.0,-25.0,5.0,-3.0,,
2026-05-15,8215,明基材,3819.0,280.0,395.0,0.0,,
2026-05-15,8222,寶一,3953.0,11.0,1.0,1.0,,
2026-05-15,8249,菱光,4703.0,29.0,3.0,1.0,,
2026-05-15,8261,富鼎,7688.0,-332.0,43.0,2.0,,
2026-05-15,8271,宇瞻,4167.0,-102.0,145.0,-2.0,,
2026-05-15,8341,日友,338.0,-10.0,0.0,0.0,,
2026-05-15,8367,建新國際,27.0,0.0,0.0,0.0,,
2026-05-15,8374,羅昇,2425.0,279.0,115.0,18.0,,
2026-05-15,8404,百和興業-KY,3744.0,-12.0,0.0,0.0,,
2026-05-15,8411,福貞-KY,21.0,-1.0,0.0,0.0,,
2026-05-15,8422,可寧衛*,32251.0,-77.0,60.0,52.0,,
2026-05-15,8429,金麗-KY,13140.0,139.0,0.0,0.0,,
2026-05-15,8438,昶昕,6447.0,-156.0,48.0,-1.0,,
2026-05-15,8442,威宏-KY,713.0,-63.0,10.0,-1.0,,
2026-05-15,8443,阿瘦,34.0,0.0,0.0,0.0,,
2026-05-15,8454,富邦媒,861.0,-162.0,8.0,0.0,,
2026-05-15,8462,柏文,1038.0,-12.0,0.0,0.0,,
2026-05-15,8463,潤泰材,161.0,0.0,0.0,0.0,,
2026-05-15,8464,億豐,172.0,12.0,0.0,0.0,,
2026-05-15,8466,美吉吉-KY,622.0,95.0,2.0,0.0,,
2026-05-15,8467,波力-KY,318.0,-4.0,2.0,2.0,,
2026-05-15,8473,山林水,1679.0,-25.0,3.0,1.0,,
2026-05-15,8476,台境*,9573.0,12.0,11.0,0.0,,
2026-05-15,8478,東哥遊艇,1026.0,0.0,2.0,0.0,,
2026-05-15,8481,政伸,8.0,0.0,0.0,0.0,,
2026-05-15,8482,商億-KY,191.0,1.0,0.0,0.0,,
2026-05-15,8487,愛爾達-創,54.0,1.0,0.0,0.0,,
2026-05-15,8488,吉源-KY,16.0,0.0,0.0,0.0,,
2026-05-15,8499,鼎炫-KY,644.0,4.0,73.0,0.0,,
2026-05-15,8926,台汽電,4694.0,754.0,610.0,234.0,,
2026-05-15,8940,新天地,56.0,9.0,0.0,0.0,,
2026-05-15,8996,高力,4864.0,-6.0,159.0,38.0,,
2026-05-15,9103,美德醫療-DR,4077.0,-12.0,0.0,0.0,,
2026-05-15,910322,康師傅-DR,0.0,0.0,0.0,0.0,,
2026-05-15,9105,泰金寶-DR,53628.0,-868.0,3.0,2.0,,
2026-05-15,910861,神州-DR,0.0,0.0,0.0,0.0,,
2026-05-15,911868,同方友友-DR,0.0,0.0,0.0,0.0,,
2026-05-15,912000,晨訊科-DR,9386.0,19.0,0.0,0.0,,
2026-05-15,9136,巨騰-DR,10364.0,0.0,0.0,0.0,,
2026-05-15,9802,鈺齊-KY,2342.0,-8.0,16.0,0.0,,
2026-05-15,9902,台火,3485.0,5.0,0.0,0.0,,
2026-05-15,9904,寶成,14135.0,717.0,104.0,-3.0,,
2026-05-15,9905,大華,266.0,-1.0,0.0,0.0,,
2026-05-15,9906,欣巴巴,391.0,2.0,8.0,0.0,,
2026-05-15,9907,統一實,3490.0,34.0,9.0,-30.0,,
2026-05-15,9908,大台北,245.0,12.0,0.0,0.0,,
2026-05-15,9910,豐泰,2810.0,19.0,2.0,-1.0,,
2026-05-15,9911,櫻花,338.0,0.0,0.0,0.0,,
2026-05-15,9912,偉聯,0.0,0.0,0.0,0.0,,
2026-05-15,9914,美利達,3218.0,112.0,72.0,33.0,,
2026-05-15,9917,中保科,52.0,-1.0,0.0,0.0,,
2026-05-15,9918,欣天然,131.0,-3.0,0.0,0.0,,
2026-05-15,9919,康那香,8392.0,-5.0,1.0,-6.0,,
2026-05-15,9921,巨大,2401.0,12.0,42.0,-6.0,,
2026-05-15,9924,福興,696.0,-4.0,0.0,0.0,,
2026-05-15,9925,新保,7.0,-2.0,0.0,0.0,,
2026-05-15,9926,新海,23.0,-10.0,0.0,0.0,,
2026-05-15,9927,泰銘,51.0,-3.0,0.0,0.0,,
2026-05-15,9928,中視,292.0,7.0,0.0,0.0,,
2026-05-15,9929,秋雨,0.0,0.0,0.0,0.0,,
2026-05-15,9930,中聯資源,13.0,0.0,0.0,0.0,,
2026-05-15,9931,欣高,116.0,-8.0,0.0,0.0,,
2026-05-15,9933,中鼎,4600.0,-89.0,21.0,20.0,,
2026-05-15,9934,成霖,4604.0,73.0,1.0,0.0,,
2026-05-15,9935,慶豐富,1146.0,-6.0,0.0,0.0,,
2026-05-15,9937,全國,144.0,0.0,0.0,0.0,,
2026-05-15,9938,百和,3471.0,35.0,5.0,0.0,,
2026-05-15,9939,宏全,933.0,23.0,2.0,0.0,,
2026-05-15,9940,信義,971.0,-32.0,1.0,0.0,,
2026-05-15,9941,裕融,1216.0,-56.0,5.0,0.0,,
2026-05-15,9942,茂順,85.0,1.0,0.0,0.0,,
2026-05-15,9943,好樂迪,95.0,3.0,0.0,0.0,,
2026-05-15,9944,新麗,5500.0,3.0,0.0,0.0,,
2026-05-15,9945,潤泰新,20742.0,424.0,13.0,-1.0,,
2026-05-15,9946,三發地產,1652.0,22.0,1.0,0.0,,
2026-05-15,9955,佳龍,1361.0,-8.0,28.0,0.0,,
2026-05-15,9958,世紀鋼,8570.0,22.0,17.0,-10.0,,
