stock_id,stock_name,date,pe_ratio,pb_ratio,dividend_yield,financial_quarter,valuation_source,valuation_source_status
1101,台泥,2026-06-18,,0.78,3.27,,TWSE OpenAPI BWIBBU_ALL,OK
1102,亞泥,2026-06-18,12.01,0.72,6.42,,TWSE OpenAPI BWIBBU_ALL,OK
1103,嘉泥,2026-06-18,17.25,0.5,3.99,,TWSE OpenAPI BWIBBU_ALL,OK
1104,環泥,2026-06-18,11.37,0.8,6.36,,TWSE OpenAPI BWIBBU_ALL,OK
1108,幸福,2026-06-18,6.88,1.04,7.19,,TWSE OpenAPI BWIBBU_ALL,OK
1109,信大,2026-06-18,18.54,0.59,6.14,,TWSE OpenAPI BWIBBU_ALL,OK
1110,東泥,2026-06-18,48.59,0.94,1.93,,TWSE OpenAPI BWIBBU_ALL,OK
1201,味全,2026-06-18,33.03,0.82,1.67,,TWSE OpenAPI BWIBBU_ALL,OK
1203,味王,2026-06-18,25.0,1.57,2.33,,TWSE OpenAPI BWIBBU_ALL,OK
1210,大成,2026-06-18,12.96,1.82,5.48,,TWSE OpenAPI BWIBBU_ALL,OK
1213,大飲,2026-06-18,,0.75,,,TWSE OpenAPI BWIBBU_ALL,OK
1215,卜蜂,2026-06-18,12.39,3.2,6.09,,TWSE OpenAPI BWIBBU_ALL,OK
1216,統一,2026-06-18,20.14,2.93,4.03,,TWSE OpenAPI BWIBBU_ALL,OK
1217,愛之味,2026-06-18,20.58,0.66,2.53,,TWSE OpenAPI BWIBBU_ALL,OK
1218,泰山,2026-06-18,11.62,0.7,7.37,,TWSE OpenAPI BWIBBU_ALL,OK
1219,福壽,2026-06-18,26.81,0.93,3.97,,TWSE OpenAPI BWIBBU_ALL,OK
1220,台榮,2026-06-18,585.0,0.89,1.71,,TWSE OpenAPI BWIBBU_ALL,OK
1225,福懋油,2026-06-18,18.86,1.94,3.1,,TWSE OpenAPI BWIBBU_ALL,OK
1227,佳格,2026-06-18,19.93,1.38,4.6,,TWSE OpenAPI BWIBBU_ALL,OK
1229,聯華,2026-06-18,16.12,1.35,4.77,,TWSE OpenAPI BWIBBU_ALL,OK
1231,聯華食,2026-06-18,19.86,3.45,2.86,,TWSE OpenAPI BWIBBU_ALL,OK
1232,大統益,2026-06-18,16.53,3.65,5.03,,TWSE OpenAPI BWIBBU_ALL,OK
1233,天仁,2026-06-18,34.15,1.82,0.71,,TWSE OpenAPI BWIBBU_ALL,OK
1234,黑松,2026-06-18,20.87,0.76,4.73,,TWSE OpenAPI BWIBBU_ALL,OK
1235,興泰,2026-06-18,,0.6,2.66,,TWSE OpenAPI BWIBBU_ALL,OK
1236,宏亞,2026-06-18,,0.91,6.4,,TWSE OpenAPI BWIBBU_ALL,OK
1256,鮮活果汁-KY,2026-06-18,13.71,1.55,3.64,,TWSE OpenAPI BWIBBU_ALL,OK
1301,台塑,2026-06-18,,0.84,0.97,,TWSE OpenAPI BWIBBU_ALL,OK
1303,南亞,2026-06-18,60.17,2.87,0.58,,TWSE OpenAPI BWIBBU_ALL,OK
1304,台聚,2026-06-18,,0.83,1.11,,TWSE OpenAPI BWIBBU_ALL,OK
1305,華夏,2026-06-18,,1.01,0.75,,TWSE OpenAPI BWIBBU_ALL,OK
1307,三芳,2026-06-18,13.28,1.48,6.04,,TWSE OpenAPI BWIBBU_ALL,OK
1308,亞聚,2026-06-18,,0.75,1.43,,TWSE OpenAPI BWIBBU_ALL,OK
1309,台達化,2026-06-18,,1.02,1.02,,TWSE OpenAPI BWIBBU_ALL,OK
1310,台苯,2026-06-18,,0.67,,,TWSE OpenAPI BWIBBU_ALL,OK
1312,國喬,2026-06-18,,0.53,,,TWSE OpenAPI BWIBBU_ALL,OK
1313,聯成,2026-06-18,,0.54,0.86,,TWSE OpenAPI BWIBBU_ALL,OK
1314,中石化,2026-06-18,,0.39,,,TWSE OpenAPI BWIBBU_ALL,OK
1315,達新,2026-06-18,40.45,0.58,7.22,,TWSE OpenAPI BWIBBU_ALL,OK
1316,上曜,2026-06-18,,0.88,,,TWSE OpenAPI BWIBBU_ALL,OK
1319,東陽,2026-06-18,17.81,2.01,5.04,,TWSE OpenAPI BWIBBU_ALL,OK
1321,大洋,2026-06-18,,1.22,,,TWSE OpenAPI BWIBBU_ALL,OK
1323,永裕,2026-06-18,35.36,0.7,4.55,,TWSE OpenAPI BWIBBU_ALL,OK
1324,地球,2026-06-18,,0.88,1.92,,TWSE OpenAPI BWIBBU_ALL,OK
1325,恆大,2026-06-18,,0.86,1.15,,TWSE OpenAPI BWIBBU_ALL,OK
1326,台化,2026-06-18,361.33,0.85,1.11,,TWSE OpenAPI BWIBBU_ALL,OK
1337,再生-KY,2026-06-18,,0.37,,,TWSE OpenAPI BWIBBU_ALL,OK
1338,廣華-KY,2026-06-18,,0.24,1.74,,TWSE OpenAPI BWIBBU_ALL,OK
1339,昭輝,2026-06-18,10.39,0.8,5.69,,TWSE OpenAPI BWIBBU_ALL,OK
1340,勝悅-KY,2026-06-18,,0.33,,,TWSE OpenAPI BWIBBU_ALL,OK
1341,富林-KY,2026-06-18,15.2,2.76,6.45,,TWSE OpenAPI BWIBBU_ALL,OK
1342,八貫,2026-06-18,19.5,4.33,5.17,,TWSE OpenAPI BWIBBU_ALL,OK
1402,遠東新,2026-06-18,17.92,0.66,4.33,,TWSE OpenAPI BWIBBU_ALL,OK
1409,新纖,2026-06-18,18.96,0.98,3.52,,TWSE OpenAPI BWIBBU_ALL,OK
1410,南染,2026-06-18,46.02,1.47,0.8,,TWSE OpenAPI BWIBBU_ALL,OK
1413,宏洲,2026-06-18,22.48,1.12,,,TWSE OpenAPI BWIBBU_ALL,OK
1414,東和,2026-06-18,60.34,1.21,1.14,,TWSE OpenAPI BWIBBU_ALL,OK
1416,廣豐,2026-06-18,12.91,0.46,5.14,,TWSE OpenAPI BWIBBU_ALL,OK
1417,嘉裕,2026-06-18,18.93,0.69,2.93,,TWSE OpenAPI BWIBBU_ALL,OK
1418,東華,2026-06-18,,0.84,,,TWSE OpenAPI BWIBBU_ALL,OK
1419,新紡,2026-06-18,5.1,0.98,2.68,,TWSE OpenAPI BWIBBU_ALL,OK
1423,利華,2026-06-18,10.52,1.07,9.08,,TWSE OpenAPI BWIBBU_ALL,OK
1432,大魯閣,2026-06-18,3.23,1.19,11.36,,TWSE OpenAPI BWIBBU_ALL,OK
1434,福懋,2026-06-18,28.25,0.63,2.95,,TWSE OpenAPI BWIBBU_ALL,OK
1435,中福,2026-06-18,,2.01,,,TWSE OpenAPI BWIBBU_ALL,OK
1436,華友聯,2026-06-18,11.05,1.69,10.63,,TWSE OpenAPI BWIBBU_ALL,OK
1437,勤益控,2026-06-18,10.67,0.72,3.25,,TWSE OpenAPI BWIBBU_ALL,OK
1438,三地開發,2026-06-18,8.06,0.77,0.9,,TWSE OpenAPI BWIBBU_ALL,OK
1439,雋揚,2026-06-18,8.21,0.78,1.98,,TWSE OpenAPI BWIBBU_ALL,OK
1440,南紡,2026-06-18,,0.8,2.26,,TWSE OpenAPI BWIBBU_ALL,OK
1441,大東,2026-06-18,,1.56,,,TWSE OpenAPI BWIBBU_ALL,OK
1442,名軒,2026-06-18,14.29,1.27,8.57,,TWSE OpenAPI BWIBBU_ALL,OK
1443,立益物流,2026-06-18,25.36,1.65,,,TWSE OpenAPI BWIBBU_ALL,OK
1444,力麗,2026-06-18,,0.72,,,TWSE OpenAPI BWIBBU_ALL,OK
1445,大宇,2026-06-18,,0.69,4.55,,TWSE OpenAPI BWIBBU_ALL,OK
1446,宏和,2026-06-18,9.82,0.81,8.98,,TWSE OpenAPI BWIBBU_ALL,OK
1447,力鵬,2026-06-18,,0.67,,,TWSE OpenAPI BWIBBU_ALL,OK
1449,佳和,2026-06-18,,0.78,,,TWSE OpenAPI BWIBBU_ALL,OK
1451,年興,2026-06-18,18.82,0.45,5.97,,TWSE OpenAPI BWIBBU_ALL,OK
1452,宏益,2026-06-18,,0.56,1.79,,TWSE OpenAPI BWIBBU_ALL,OK
1453,大將,2026-06-18,107.27,0.93,2.54,,TWSE OpenAPI BWIBBU_ALL,OK
1454,台富,2026-06-18,,1.18,0.78,,TWSE OpenAPI BWIBBU_ALL,OK
1455,集盛,2026-06-18,,0.94,1.57,,TWSE OpenAPI BWIBBU_ALL,OK
1456,怡華,2026-06-18,4.49,0.77,,,TWSE OpenAPI BWIBBU_ALL,OK
1457,宜進,2026-06-18,15.71,0.65,6.99,,TWSE OpenAPI BWIBBU_ALL,OK
1459,聯發,2026-06-18,7.61,1.06,1.69,,TWSE OpenAPI BWIBBU_ALL,OK
1460,宏遠,2026-06-18,,0.85,,,TWSE OpenAPI BWIBBU_ALL,OK
1463,強盛新,2026-06-18,,1.16,0.74,,TWSE OpenAPI BWIBBU_ALL,OK
1464,得力,2026-06-18,27.84,0.79,2.43,,TWSE OpenAPI BWIBBU_ALL,OK
1465,偉全,2026-06-18,,0.83,2.4,,TWSE OpenAPI BWIBBU_ALL,OK
1466,聚隆,2026-06-18,,1.01,1.4,,TWSE OpenAPI BWIBBU_ALL,OK
1467,南緯,2026-06-18,,0.59,,,TWSE OpenAPI BWIBBU_ALL,OK
1468,昶和,2026-06-18,100.0,1.32,,,TWSE OpenAPI BWIBBU_ALL,OK
1470,大統新創,2026-06-18,25.98,1.97,2.88,,TWSE OpenAPI BWIBBU_ALL,OK
1471,首利,2026-06-18,,1.14,,,TWSE OpenAPI BWIBBU_ALL,OK
1472,三洋實業,2026-06-18,14.15,2.01,6.59,,TWSE OpenAPI BWIBBU_ALL,OK
1473,台南,2026-06-18,,0.75,2.48,,TWSE OpenAPI BWIBBU_ALL,OK
1474,弘裕,2026-06-18,42.71,0.6,2.44,,TWSE OpenAPI BWIBBU_ALL,OK
1475,業旺,2026-06-18,10.75,1.19,5.47,,TWSE OpenAPI BWIBBU_ALL,OK
1476,儒鴻,2026-06-18,15.82,3.26,4.59,,TWSE OpenAPI BWIBBU_ALL,OK
1477,聚陽,2026-06-18,15.99,4.2,6.77,,TWSE OpenAPI BWIBBU_ALL,OK
1503,士電,2026-06-18,35.99,3.31,2.07,,TWSE OpenAPI BWIBBU_ALL,OK
1504,東元,2026-06-18,31.11,1.95,2.86,,TWSE OpenAPI BWIBBU_ALL,OK
1506,正道,2026-06-18,147.14,1.11,,,TWSE OpenAPI BWIBBU_ALL,OK
1512,瑞利,2026-06-18,26.85,1.06,,,TWSE OpenAPI BWIBBU_ALL,OK
1513,中興電,2026-06-18,21.45,4.05,3.4,,TWSE OpenAPI BWIBBU_ALL,OK
1514,亞力,2026-06-18,35.42,5.03,1.81,,TWSE OpenAPI BWIBBU_ALL,OK
1515,力山,2026-06-18,26.43,1.21,2.32,,TWSE OpenAPI BWIBBU_ALL,OK
1516,川飛,2026-06-18,1025.0,4.01,,,TWSE OpenAPI BWIBBU_ALL,OK
1517,利奇,2026-06-18,,0.68,1.9,,TWSE OpenAPI BWIBBU_ALL,OK
1519,華城,2026-06-18,57.25,31.94,1.44,,TWSE OpenAPI BWIBBU_ALL,OK
1521,大億,2026-06-18,37.46,1.1,2.82,,TWSE OpenAPI BWIBBU_ALL,OK
1522,堤維西,2026-06-18,103.55,1.09,3.74,,TWSE OpenAPI BWIBBU_ALL,OK
1524,耿鼎,2026-06-18,19.97,1.72,4.67,,TWSE OpenAPI BWIBBU_ALL,OK
1525,江申,2026-06-18,41.25,0.95,4.24,,TWSE OpenAPI BWIBBU_ALL,OK
1526,日馳,2026-06-18,,0.65,,,TWSE OpenAPI BWIBBU_ALL,OK
1527,鑽全,2026-06-18,36.59,0.94,4.5,,TWSE OpenAPI BWIBBU_ALL,OK
1528,恩德,2026-06-18,,2.26,,,TWSE OpenAPI BWIBBU_ALL,OK
1529,樂事綠能,2026-06-18,20.09,1.93,4.37,,TWSE OpenAPI BWIBBU_ALL,OK
1530,亞崴,2026-06-18,26.57,0.89,3.27,,TWSE OpenAPI BWIBBU_ALL,OK
1531,高林股,2026-06-18,,0.64,7.75,,TWSE OpenAPI BWIBBU_ALL,OK
1532,勤美,2026-06-18,20.51,0.67,3.33,,TWSE OpenAPI BWIBBU_ALL,OK
1533,車王電,2026-06-18,23.44,1.57,,,TWSE OpenAPI BWIBBU_ALL,OK
1535,中宇,2026-06-18,12.96,1.57,5.95,,TWSE OpenAPI BWIBBU_ALL,OK
1536,和大,2026-06-18,,1.81,,,TWSE OpenAPI BWIBBU_ALL,OK
1537,廣隆,2026-06-18,16.78,2.27,5.65,,TWSE OpenAPI BWIBBU_ALL,OK
1538,正峰,2026-06-18,,3.03,,,TWSE OpenAPI BWIBBU_ALL,OK
1539,巨庭,2026-06-18,392.5,0.64,5.41,,TWSE OpenAPI BWIBBU_ALL,OK
1540,喬福,2026-06-18,23.55,1.24,4.57,,TWSE OpenAPI BWIBBU_ALL,OK
1541,錩泰,2026-06-18,9.69,0.8,2.27,,TWSE OpenAPI BWIBBU_ALL,OK
1558,伸興,2026-06-18,16.28,1.11,5.46,,TWSE OpenAPI BWIBBU_ALL,OK
1560,中砂,2026-06-18,69.03,12.66,0.71,,TWSE OpenAPI BWIBBU_ALL,OK
1563,巧新,2026-06-18,153.86,1.79,2.95,,TWSE OpenAPI BWIBBU_ALL,OK
1568,倉佑,2026-06-18,34.37,2.57,2.17,,TWSE OpenAPI BWIBBU_ALL,OK
1582,信錦,2026-06-18,34.11,1.8,3.2,,TWSE OpenAPI BWIBBU_ALL,OK
1583,程泰,2026-06-18,18.03,0.96,1.99,,TWSE OpenAPI BWIBBU_ALL,OK
1587,吉茂,2026-06-18,68.41,1.4,,,TWSE OpenAPI BWIBBU_ALL,OK
1590,亞德客-KY,2026-06-18,30.21,5.43,2.11,,TWSE OpenAPI BWIBBU_ALL,OK
1597,直得,2026-06-18,132.77,5.76,0.44,,TWSE OpenAPI BWIBBU_ALL,OK
1598,岱宇,2026-06-18,,0.8,2.48,,TWSE OpenAPI BWIBBU_ALL,OK
1603,華電,2026-06-18,11.78,0.67,6.31,,TWSE OpenAPI BWIBBU_ALL,OK
1604,聲寶,2026-06-18,14.03,0.99,6.48,,TWSE OpenAPI BWIBBU_ALL,OK
1605,華新,2026-06-18,28.47,1.05,1.28,,TWSE OpenAPI BWIBBU_ALL,OK
1608,華榮,2026-06-18,6.29,1.51,5.77,,TWSE OpenAPI BWIBBU_ALL,OK
1609,大亞,2026-06-18,15.96,1.71,1.83,,TWSE OpenAPI BWIBBU_ALL,OK
1611,中電,2026-06-18,325.0,1.07,6.15,,TWSE OpenAPI BWIBBU_ALL,OK
1612,宏泰,2026-06-18,12.77,1.49,6.53,,TWSE OpenAPI BWIBBU_ALL,OK
1614,三洋電,2026-06-18,24.17,1.48,3.04,,TWSE OpenAPI BWIBBU_ALL,OK
1615,大山,2026-06-18,9.54,1.82,5.75,,TWSE OpenAPI BWIBBU_ALL,OK
1616,億泰,2026-06-18,18.01,1.85,6.14,,TWSE OpenAPI BWIBBU_ALL,OK
1617,榮星,2026-06-18,18.41,1.2,3.7,,TWSE OpenAPI BWIBBU_ALL,OK
1618,合機,2026-06-18,9.19,1.25,4.07,,TWSE OpenAPI BWIBBU_ALL,OK
1623,大東電,2026-06-18,17.77,3.63,3.64,,TWSE OpenAPI BWIBBU_ALL,OK
1626,艾美特-KY,2026-06-18,,0.55,,,TWSE OpenAPI BWIBBU_ALL,OK
1702,南僑,2026-06-18,44.17,0.66,5.03,,TWSE OpenAPI BWIBBU_ALL,OK
1707,葡萄王,2026-06-18,12.46,1.48,6.02,,TWSE OpenAPI BWIBBU_ALL,OK
1708,東鹼,2026-06-18,14.93,1.69,3.18,,TWSE OpenAPI BWIBBU_ALL,OK
1709,和益,2026-06-18,15.29,1.16,4.71,,TWSE OpenAPI BWIBBU_ALL,OK
1710,東聯,2026-06-18,,1.09,,,TWSE OpenAPI BWIBBU_ALL,OK
1711,永光,2026-06-18,,3.01,,,TWSE OpenAPI BWIBBU_ALL,OK
1712,興農,2026-06-18,15.85,2.11,6.36,,TWSE OpenAPI BWIBBU_ALL,OK
1713,國化,2026-06-18,11.16,1.87,6.2,,TWSE OpenAPI BWIBBU_ALL,OK
1714,和桐,2026-06-18,31.8,1.57,0.88,,TWSE OpenAPI BWIBBU_ALL,OK
1717,長興,2026-06-18,48.92,2.95,1.38,,TWSE OpenAPI BWIBBU_ALL,OK
1718,中纖,2026-06-18,41.08,0.59,,,TWSE OpenAPI BWIBBU_ALL,OK
1720,生達,2026-06-18,11.65,1.86,4.77,,TWSE OpenAPI BWIBBU_ALL,OK
1721,三晃,2026-06-18,,2.74,,,TWSE OpenAPI BWIBBU_ALL,OK
1722,台肥,2026-06-18,46.3,0.86,4.15,,TWSE OpenAPI BWIBBU_ALL,OK
1723,中碳,2026-06-18,35.08,2.51,2.13,,TWSE OpenAPI BWIBBU_ALL,OK
1725,元禎,2026-06-18,23.12,1.01,2.86,,TWSE OpenAPI BWIBBU_ALL,OK
1726,永記,2026-06-18,13.22,1.17,4.72,,TWSE OpenAPI BWIBBU_ALL,OK
1727,中華化,2026-06-18,254.32,5.71,0.16,,TWSE OpenAPI BWIBBU_ALL,OK
1730,花仙子,2026-06-18,11.45,1.56,5.66,,TWSE OpenAPI BWIBBU_ALL,OK
1731,美吾華,2026-06-18,15.57,1.3,5.6,,TWSE OpenAPI BWIBBU_ALL,OK
1732,毛寶,2026-06-18,29.22,2.26,2.28,,TWSE OpenAPI BWIBBU_ALL,OK
1733,五鼎,2026-06-18,16.1,1.61,4.44,,TWSE OpenAPI BWIBBU_ALL,OK
1734,杏輝,2026-06-18,18.55,1.72,5.02,,TWSE OpenAPI BWIBBU_ALL,OK
1735,日勝化,2026-06-18,28.58,1.45,2.81,,TWSE OpenAPI BWIBBU_ALL,OK
1736,喬山,2026-06-18,14.52,2.57,3.77,,TWSE OpenAPI BWIBBU_ALL,OK
1737,臺鹽,2026-06-18,15.98,0.92,4.4,,TWSE OpenAPI BWIBBU_ALL,OK
1752,南光,2026-06-18,16.16,1.41,4.88,,TWSE OpenAPI BWIBBU_ALL,OK
1760,寶齡富錦,2026-06-18,24.06,2.8,3.34,,TWSE OpenAPI BWIBBU_ALL,OK
1762,中化生,2026-06-18,,0.86,,,TWSE OpenAPI BWIBBU_ALL,OK
1773,勝一,2026-06-18,24.83,4.55,2.22,,TWSE OpenAPI BWIBBU_ALL,OK
1776,展宇,2026-06-18,38.27,1.31,3.2,,TWSE OpenAPI BWIBBU_ALL,OK
1783,和康生,2026-06-18,12.83,2.14,5.16,,TWSE OpenAPI BWIBBU_ALL,OK
1786,科妍,2026-06-18,31.47,2.15,3.57,,TWSE OpenAPI BWIBBU_ALL,OK
1789,神隆,2026-06-18,146.79,1.58,1.41,,TWSE OpenAPI BWIBBU_ALL,OK
1795,美時,2026-06-18,13.17,2.11,1.39,,TWSE OpenAPI BWIBBU_ALL,OK
1802,台玻,2026-06-18,548.46,4.17,,,TWSE OpenAPI BWIBBU_ALL,OK
1805,寶徠,2026-06-18,79.62,0.85,,,TWSE OpenAPI BWIBBU_ALL,OK
1806,冠軍,2026-06-18,58.71,0.61,1.82,,TWSE OpenAPI BWIBBU_ALL,OK
1808,潤隆,2026-06-18,12.03,2.1,4.65,,TWSE OpenAPI BWIBBU_ALL,OK
1809,中釉,2026-06-18,270.53,2.9,0.49,,TWSE OpenAPI BWIBBU_ALL,OK
1810,和成,2026-06-18,5.26,0.75,1.01,,TWSE OpenAPI BWIBBU_ALL,OK
1817,凱撒衛,2026-06-18,9.69,1.25,5.42,,TWSE OpenAPI BWIBBU_ALL,OK
1903,士紙,2026-06-18,37.29,2.3,,,TWSE OpenAPI BWIBBU_ALL,OK
1904,正隆,2026-06-18,18.93,0.86,1.95,,TWSE OpenAPI BWIBBU_ALL,OK
1905,華紙,2026-06-18,,1.16,,,TWSE OpenAPI BWIBBU_ALL,OK
1906,寶隆,2026-06-18,,0.56,,,TWSE OpenAPI BWIBBU_ALL,OK
1907,永豐餘,2026-06-18,20.14,0.6,3.55,,TWSE OpenAPI BWIBBU_ALL,OK
1909,榮成,2026-06-18,,0.64,,,TWSE OpenAPI BWIBBU_ALL,OK
2002,中鋼,2026-06-18,,0.98,0.79,,TWSE OpenAPI BWIBBU_ALL,OK
2006,東和鋼鐵,2026-06-18,10.48,1.56,6.19,,TWSE OpenAPI BWIBBU_ALL,OK
2007,燁興,2026-06-18,,0.98,,,TWSE OpenAPI BWIBBU_ALL,OK
2008,高興昌,2026-06-18,41.07,1.56,3.25,,TWSE OpenAPI BWIBBU_ALL,OK
2009,第一銅,2026-06-18,69.3,1.71,1.01,,TWSE OpenAPI BWIBBU_ALL,OK
2010,春源,2026-06-18,10.67,1.33,8.05,,TWSE OpenAPI BWIBBU_ALL,OK
2012,春雨,2026-06-18,,1.07,2.05,,TWSE OpenAPI BWIBBU_ALL,OK
2013,中鋼構,2026-06-18,13.28,1.47,5.59,,TWSE OpenAPI BWIBBU_ALL,OK
2014,中鴻,2026-06-18,,2.12,,,TWSE OpenAPI BWIBBU_ALL,OK
2015,豐興,2026-06-18,15.29,1.67,5.44,,TWSE OpenAPI BWIBBU_ALL,OK
2017,官田鋼,2026-06-18,,0.76,,,TWSE OpenAPI BWIBBU_ALL,OK
2020,美亞,2026-06-18,11.21,1.42,8.28,,TWSE OpenAPI BWIBBU_ALL,OK
2022,聚亨,2026-06-18,,0.77,,,TWSE OpenAPI BWIBBU_ALL,OK
2023,燁輝,2026-06-18,,0.81,,,TWSE OpenAPI BWIBBU_ALL,OK
2024,志聯,2026-06-18,201.43,1.22,,,TWSE OpenAPI BWIBBU_ALL,OK
2025,千興,2026-06-18,88.13,1.47,,,TWSE OpenAPI BWIBBU_ALL,OK
2027,大成鋼,2026-06-18,11.99,1.22,3.66,,TWSE OpenAPI BWIBBU_ALL,OK
2028,威致,2026-06-18,47.43,1.13,1.2,,TWSE OpenAPI BWIBBU_ALL,OK
2029,盛餘,2026-06-18,33.23,0.66,2.91,,TWSE OpenAPI BWIBBU_ALL,OK
2030,彰源,2026-06-18,28.11,1.02,2.7,,TWSE OpenAPI BWIBBU_ALL,OK
2031,新光鋼,2026-06-18,8.54,1.19,6.4,,TWSE OpenAPI BWIBBU_ALL,OK
2032,新鋼,2026-06-18,20.47,1.31,2.84,,TWSE OpenAPI BWIBBU_ALL,OK
2033,佳大,2026-06-18,47.73,1.19,1.27,,TWSE OpenAPI BWIBBU_ALL,OK
2034,允強,2026-06-18,,1.15,4.8,,TWSE OpenAPI BWIBBU_ALL,OK
2038,海光,2026-06-18,,0.7,1.44,,TWSE OpenAPI BWIBBU_ALL,OK
2049,上銀,2026-06-18,72.98,3.16,0.6,,TWSE OpenAPI BWIBBU_ALL,OK
2059,川湖,2026-06-18,60.51,20.75,0.74,,TWSE OpenAPI BWIBBU_ALL,OK
2062,橋椿,2026-06-18,90.48,0.5,5.26,,TWSE OpenAPI BWIBBU_ALL,OK
2069,運錩,2026-06-18,10.22,0.72,5.32,,TWSE OpenAPI BWIBBU_ALL,OK
2072,世紀風電,2026-06-18,13.31,1.43,4.07,,TWSE OpenAPI BWIBBU_ALL,OK
2101,南港,2026-06-18,10.47,1.74,2.16,,TWSE OpenAPI BWIBBU_ALL,OK
2102,泰豐,2026-06-18,2.84,0.87,,,TWSE OpenAPI BWIBBU_ALL,OK
2103,台橡,2026-06-18,31.94,0.86,1.26,,TWSE OpenAPI BWIBBU_ALL,OK
2104,國際中橡,2026-06-18,,0.43,,,TWSE OpenAPI BWIBBU_ALL,OK
2105,正新,2026-06-18,18.3,1.13,6.07,,TWSE OpenAPI BWIBBU_ALL,OK
2106,建大,2026-06-18,105.0,0.87,3.64,,TWSE OpenAPI BWIBBU_ALL,OK
2107,厚生,2026-06-18,17.64,0.58,5.51,,TWSE OpenAPI BWIBBU_ALL,OK
2108,南帝,2026-06-18,32.99,0.99,3.48,,TWSE OpenAPI BWIBBU_ALL,OK
2109,華豐,2026-06-18,12.21,1.18,6.83,,TWSE OpenAPI BWIBBU_ALL,OK
2114,鑫永銓,2026-06-18,15.48,2.11,5.62,,TWSE OpenAPI BWIBBU_ALL,OK
2115,六暉-KY,2026-06-18,16.22,0.64,7.28,,TWSE OpenAPI BWIBBU_ALL,OK
2201,裕隆,2026-06-18,33.06,0.46,1.99,,TWSE OpenAPI BWIBBU_ALL,OK
2204,中華,2026-06-18,10.2,0.83,6.51,,TWSE OpenAPI BWIBBU_ALL,OK
2206,三陽工業,2026-06-18,10.86,1.74,4.87,,TWSE OpenAPI BWIBBU_ALL,OK
2207,和泰車,2026-06-18,14.12,3.39,4.15,,TWSE OpenAPI BWIBBU_ALL,OK
2208,台船,2026-06-18,,3.09,,,TWSE OpenAPI BWIBBU_ALL,OK
2211,長榮鋼,2026-06-18,11.67,1.46,6.81,,TWSE OpenAPI BWIBBU_ALL,OK
2227,裕日車,2026-06-18,53.01,0.8,1.7,,TWSE OpenAPI BWIBBU_ALL,OK
2228,劍麟,2026-06-18,20.84,1.36,5.06,,TWSE OpenAPI BWIBBU_ALL,OK
2231,為升,2026-06-18,,3.67,0.54,,TWSE OpenAPI BWIBBU_ALL,OK
2233,宇隆,2026-06-18,48.72,4.61,1.31,,TWSE OpenAPI BWIBBU_ALL,OK
2236,百達-KY,2026-06-18,,3.63,0.48,,TWSE OpenAPI BWIBBU_ALL,OK
2239,英利-KY,2026-06-18,,0.23,,,TWSE OpenAPI BWIBBU_ALL,OK
2241,艾姆勒,2026-06-18,,3.97,,,TWSE OpenAPI BWIBBU_ALL,OK
2243,宏旭-KY,2026-06-18,20.76,4.04,,,TWSE OpenAPI BWIBBU_ALL,OK
2247,汎德永業,2026-06-18,14.99,1.55,6.09,,TWSE OpenAPI BWIBBU_ALL,OK
2248,華勝-KY,2026-06-18,9.51,1.5,5.52,,TWSE OpenAPI BWIBBU_ALL,OK
2250,IKKA-KY,2026-06-18,18.31,1.05,4.86,,TWSE OpenAPI BWIBBU_ALL,OK
2254,巨鎧精密-創,2026-06-18,,3.83,,,TWSE OpenAPI BWIBBU_ALL,OK
2258,鴻華先進-創,2026-06-18,,4.62,,,TWSE OpenAPI BWIBBU_ALL,OK
2301,光寶科,2026-06-18,30.96,5.42,2.38,,TWSE OpenAPI BWIBBU_ALL,OK
2302,麗正,2026-06-18,59.49,4.38,0.74,,TWSE OpenAPI BWIBBU_ALL,OK
2303,聯電,2026-06-18,36.56,4.5,1.79,,TWSE OpenAPI BWIBBU_ALL,OK
2305,全友,2026-06-18,124.63,2.9,,,TWSE OpenAPI BWIBBU_ALL,OK
2308,台達電,2026-06-18,79.28,18.64,0.54,,TWSE OpenAPI BWIBBU_ALL,OK
2312,金寶,2026-06-18,34.13,2.38,1.69,,TWSE OpenAPI BWIBBU_ALL,OK
2313,華通,2026-06-18,45.77,6.6,1.08,,TWSE OpenAPI BWIBBU_ALL,OK
2314,台揚,2026-06-18,,28.21,,,TWSE OpenAPI BWIBBU_ALL,OK
2316,楠梓電,2026-06-18,13.31,2.71,0.97,,TWSE OpenAPI BWIBBU_ALL,OK
2317,鴻海,2026-06-18,19.07,2.11,2.68,,TWSE OpenAPI BWIBBU_ALL,OK
2321,東訊,2026-06-18,,2.42,,,TWSE OpenAPI BWIBBU_ALL,OK
2323,中環,2026-06-18,5.39,0.68,1.7,,TWSE OpenAPI BWIBBU_ALL,OK
2324,仁寶,2026-06-18,28.38,1.26,2.91,,TWSE OpenAPI BWIBBU_ALL,OK
2327,國巨*,2026-06-18,85.04,13.31,0.56,,TWSE OpenAPI BWIBBU_ALL,OK
2328,廣宇,2026-06-18,54.49,1.84,1.69,,TWSE OpenAPI BWIBBU_ALL,OK
2329,華泰,2026-06-18,25.16,3.2,1.8,,TWSE OpenAPI BWIBBU_ALL,OK
2330,台積電,2026-06-18,32.4,10.61,0.91,,TWSE OpenAPI BWIBBU_ALL,OK
2331,精英,2026-06-18,44.8,1.15,,,TWSE OpenAPI BWIBBU_ALL,OK
2332,友訊,2026-06-18,,1.45,,,TWSE OpenAPI BWIBBU_ALL,OK
2337,旺宏,2026-06-18,,6.61,,,TWSE OpenAPI BWIBBU_ALL,OK
2338,光罩,2026-06-18,,2.88,,,TWSE OpenAPI BWIBBU_ALL,OK
2340,台亞,2026-06-18,,2.76,,,TWSE OpenAPI BWIBBU_ALL,OK
2342,茂矽,2026-06-18,,3.75,,,TWSE OpenAPI BWIBBU_ALL,OK
2344,華邦電,2026-06-18,64.84,8.43,0.23,,TWSE OpenAPI BWIBBU_ALL,OK
2345,智邦,2026-06-18,46.05,20.84,0.62,,TWSE OpenAPI BWIBBU_ALL,OK
2347,聯強,2026-06-18,16.24,1.98,4.5,,TWSE OpenAPI BWIBBU_ALL,OK
2348,海悅,2026-06-18,18.51,1.67,7.16,,TWSE OpenAPI BWIBBU_ALL,OK
2349,錸德,2026-06-18,,1.76,,,TWSE OpenAPI BWIBBU_ALL,OK
2351,順德,2026-06-18,86.28,4.9,0.56,,TWSE OpenAPI BWIBBU_ALL,OK
2352,佳世達,2026-06-18,49.76,1.66,3.24,,TWSE OpenAPI BWIBBU_ALL,OK
2353,宏碁,2026-06-18,26.06,1.42,3.78,,TWSE OpenAPI BWIBBU_ALL,OK
2354,鴻準,2026-06-18,27.44,0.77,2.59,,TWSE OpenAPI BWIBBU_ALL,OK
2355,敬鵬,2026-06-18,34.26,1.3,1.73,,TWSE OpenAPI BWIBBU_ALL,OK
2356,英業達,2026-06-18,25.74,3.31,2.95,,TWSE OpenAPI BWIBBU_ALL,OK
2357,華碩,2026-06-18,14.1,2.04,5.32,,TWSE OpenAPI BWIBBU_ALL,OK
2359,所羅門,2026-06-18,69.07,4.0,0.75,,TWSE OpenAPI BWIBBU_ALL,OK
2360,致茂,2026-06-18,72.85,35.28,0.84,,TWSE OpenAPI BWIBBU_ALL,OK
2362,藍天,2026-06-18,21.23,0.62,4.21,,TWSE OpenAPI BWIBBU_ALL,OK
2363,矽統,2026-06-18,37.0,1.59,0.95,,TWSE OpenAPI BWIBBU_ALL,OK
2364,倫飛,2026-06-18,17.37,4.55,4.42,,TWSE OpenAPI BWIBBU_ALL,OK
2365,昆盈,2026-06-18,87.31,2.43,0.88,,TWSE OpenAPI BWIBBU_ALL,OK
2367,燿華,2026-06-18,,3.41,0.33,,TWSE OpenAPI BWIBBU_ALL,OK
2368,金像電,2026-06-18,61.17,19.87,0.72,,TWSE OpenAPI BWIBBU_ALL,OK
2369,菱生,2026-06-18,,2.85,,,TWSE OpenAPI BWIBBU_ALL,OK
2371,大同,2026-06-18,,1.25,,,TWSE OpenAPI BWIBBU_ALL,OK
2373,震旦行,2026-06-18,14.87,1.85,6.38,,TWSE OpenAPI BWIBBU_ALL,OK
2374,佳能,2026-06-18,27.09,2.84,2.66,,TWSE OpenAPI BWIBBU_ALL,OK
2375,凱美,2026-06-18,66.57,2.38,0.55,,TWSE OpenAPI BWIBBU_ALL,OK
2376,技嘉,2026-06-18,16.07,3.57,3.49,,TWSE OpenAPI BWIBBU_ALL,OK
2377,微星,2026-06-18,14.47,2.13,3.03,,TWSE OpenAPI BWIBBU_ALL,OK
2379,瑞昱,2026-06-18,29.48,9.34,3.05,,TWSE OpenAPI BWIBBU_ALL,OK
2382,廣達,2026-06-18,18.9,6.98,4.15,,TWSE OpenAPI BWIBBU_ALL,OK
2383,台光電,2026-06-18,121.48,41.85,0.45,,TWSE OpenAPI BWIBBU_ALL,OK
2385,群光,2026-06-18,12.87,2.01,6.32,,TWSE OpenAPI BWIBBU_ALL,OK
2387,精元,2026-06-18,13.86,0.74,10.13,,TWSE OpenAPI BWIBBU_ALL,OK
2388,威盛,2026-06-18,452.22,2.07,0.06,,TWSE OpenAPI BWIBBU_ALL,OK
2390,云辰,2026-06-18,,0.98,,,TWSE OpenAPI BWIBBU_ALL,OK
2392,正崴,2026-06-18,,0.83,2.52,,TWSE OpenAPI BWIBBU_ALL,OK
2393,億光,2026-06-18,16.85,1.52,6.37,,TWSE OpenAPI BWIBBU_ALL,OK
2395,研華,2026-06-18,38.32,8.65,2.27,,TWSE OpenAPI BWIBBU_ALL,OK
2397,友通,2026-06-18,26.21,2.16,4.03,,TWSE OpenAPI BWIBBU_ALL,OK
2399,映泰,2026-06-18,30.8,3.47,,,TWSE OpenAPI BWIBBU_ALL,OK
2401,凌陽,2026-06-18,,2.31,,,TWSE OpenAPI BWIBBU_ALL,OK
2402,毅嘉,2026-06-18,35.9,3.03,2.86,,TWSE OpenAPI BWIBBU_ALL,OK
2404,漢唐,2026-06-18,23.51,16.61,3.16,,TWSE OpenAPI BWIBBU_ALL,OK
2405,輔信,2026-06-18,,1.87,0.53,,TWSE OpenAPI BWIBBU_ALL,OK
2406,國碩,2026-06-18,,3.34,,,TWSE OpenAPI BWIBBU_ALL,OK
2408,南亞科,2026-06-18,41.14,7.38,0.29,,TWSE OpenAPI BWIBBU_ALL,OK
2409,友達,2026-06-18,87.97,1.42,1.42,,TWSE OpenAPI BWIBBU_ALL,OK
2412,中華電,2026-06-18,28.63,2.82,3.61,,TWSE OpenAPI BWIBBU_ALL,OK
2413,環科,2026-06-18,73.38,3.47,0.88,,TWSE OpenAPI BWIBBU_ALL,OK
2414,精技,2026-06-18,17.79,2.97,4.78,,TWSE OpenAPI BWIBBU_ALL,OK
2415,錩新,2026-06-18,15.81,1.54,5.24,,TWSE OpenAPI BWIBBU_ALL,OK
2417,圓剛,2026-06-18,177.31,2.13,0.54,,TWSE OpenAPI BWIBBU_ALL,OK
2419,仲琦,2026-06-18,,1.97,,,TWSE OpenAPI BWIBBU_ALL,OK
2420,新巨,2026-06-18,15.53,2.25,4.9,,TWSE OpenAPI BWIBBU_ALL,OK
2421,建準,2026-06-18,17.7,3.66,3.61,,TWSE OpenAPI BWIBBU_ALL,OK
2423,固緯,2026-06-18,21.83,4.01,3.22,,TWSE OpenAPI BWIBBU_ALL,OK
2424,隴華,2026-06-18,,2.28,,,TWSE OpenAPI BWIBBU_ALL,OK
2425,承啟,2026-06-18,,1.52,0.25,,TWSE OpenAPI BWIBBU_ALL,OK
2426,鼎元,2026-06-18,,6.54,0.12,,TWSE OpenAPI BWIBBU_ALL,OK
2427,三商電,2026-06-18,17.42,1.28,3.14,,TWSE OpenAPI BWIBBU_ALL,OK
2428,興勤,2026-06-18,28.73,3.44,1.87,,TWSE OpenAPI BWIBBU_ALL,OK
2429,銘旺科,2026-06-18,,4.5,,,TWSE OpenAPI BWIBBU_ALL,OK
2430,燦坤,2026-06-18,38.44,0.5,4.34,,TWSE OpenAPI BWIBBU_ALL,OK
2431,聯昌,2026-06-18,,1.21,,,TWSE OpenAPI BWIBBU_ALL,OK
2432,倚天酷碁-創,2026-06-18,14.84,1.6,5.96,,TWSE OpenAPI BWIBBU_ALL,OK
2433,互盛電,2026-06-18,14.59,2.09,6.07,,TWSE OpenAPI BWIBBU_ALL,OK
2434,統懋,2026-06-18,,3.07,,,TWSE OpenAPI BWIBBU_ALL,OK
2436,偉詮電,2026-06-18,21.78,3.33,2.67,,TWSE OpenAPI BWIBBU_ALL,OK
2438,翔耀,2026-06-18,,3.62,,,TWSE OpenAPI BWIBBU_ALL,OK
2439,美律,2026-06-18,18.78,1.38,4.33,,TWSE OpenAPI BWIBBU_ALL,OK
2440,太空梭,2026-06-18,,1.18,,,TWSE OpenAPI BWIBBU_ALL,OK
2441,超豐,2026-06-18,28.91,3.04,2.22,,TWSE OpenAPI BWIBBU_ALL,OK
2442,新美齊,2026-06-18,3.78,0.85,13.6,,TWSE OpenAPI BWIBBU_ALL,OK
2444,兆勁,2026-06-18,,1.82,,,TWSE OpenAPI BWIBBU_ALL,OK
2449,京元電子,2026-06-18,41.86,6.93,0.49,,TWSE OpenAPI BWIBBU_ALL,OK
2450,神腦,2026-06-18,19.05,1.23,5.32,,TWSE OpenAPI BWIBBU_ALL,OK
2451,創見,2026-06-18,10.07,5.12,3.78,,TWSE OpenAPI BWIBBU_ALL,OK
2453,凌群,2026-06-18,18.03,2.77,4.95,,TWSE OpenAPI BWIBBU_ALL,OK
2454,聯發科,2026-06-18,69.96,17.95,1.22,,TWSE OpenAPI BWIBBU_ALL,OK
2455,全新,2026-06-18,131.23,20.98,0.63,,TWSE OpenAPI BWIBBU_ALL,OK
2457,飛宏,2026-06-18,,1.36,,,TWSE OpenAPI BWIBBU_ALL,OK
2458,義隆,2026-06-18,18.94,5.09,4.11,,TWSE OpenAPI BWIBBU_ALL,OK
2459,敦吉,2026-06-18,12.31,1.22,6.52,,TWSE OpenAPI BWIBBU_ALL,OK
2460,建通,2026-06-18,,3.71,,,TWSE OpenAPI BWIBBU_ALL,OK
2461,光群雷,2026-06-18,,1.03,,,TWSE OpenAPI BWIBBU_ALL,OK
2462,良得電,2026-06-18,363.57,1.15,0.79,,TWSE OpenAPI BWIBBU_ALL,OK
2464,盟立,2026-06-18,,7.06,0.29,,TWSE OpenAPI BWIBBU_ALL,OK
2465,麗臺,2026-06-18,61.29,6.31,,,TWSE OpenAPI BWIBBU_ALL,OK
2466,冠西電,2026-06-18,67.7,4.27,,,TWSE OpenAPI BWIBBU_ALL,OK
2467,志聖,2026-06-18,79.65,11.23,0.92,,TWSE OpenAPI BWIBBU_ALL,OK
2468,華經,2026-06-18,29.69,2.05,2.63,,TWSE OpenAPI BWIBBU_ALL,OK
2471,資通,2026-06-18,14.05,2.62,6.15,,TWSE OpenAPI BWIBBU_ALL,OK
2472,立隆電,2026-06-18,46.47,6.89,0.87,,TWSE OpenAPI BWIBBU_ALL,OK
2474,可成,2026-06-18,19.4,0.8,5.02,,TWSE OpenAPI BWIBBU_ALL,OK
2476,鉅祥,2026-06-18,28.6,2.94,2.4,,TWSE OpenAPI BWIBBU_ALL,OK
2477,美隆電,2026-06-18,13.52,0.85,6.39,,TWSE OpenAPI BWIBBU_ALL,OK
2478,大毅,2026-06-18,63.07,4.6,0.85,,TWSE OpenAPI BWIBBU_ALL,OK
2480,敦陽科,2026-06-18,18.3,5.47,5.08,,TWSE OpenAPI BWIBBU_ALL,OK
2481,強茂,2026-06-18,50.79,4.22,1.13,,TWSE OpenAPI BWIBBU_ALL,OK
2482,連宇,2026-06-18,,1.27,0.58,,TWSE OpenAPI BWIBBU_ALL,OK
2483,百容,2026-06-18,43.1,1.65,0.76,,TWSE OpenAPI BWIBBU_ALL,OK
2484,希華,2026-06-18,96.22,2.77,0.98,,TWSE OpenAPI BWIBBU_ALL,OK
2485,兆赫,2026-06-18,1542.5,3.71,,,TWSE OpenAPI BWIBBU_ALL,OK
2486,一詮,2026-06-18,542.16,12.27,0.18,,TWSE OpenAPI BWIBBU_ALL,OK
2488,漢平,2026-06-18,11.81,1.51,5.47,,TWSE OpenAPI BWIBBU_ALL,OK
2489,瑞軒,2026-06-18,44.17,2.27,2.49,,TWSE OpenAPI BWIBBU_ALL,OK
2491,吉祥全,2026-06-18,11.92,3.36,,,TWSE OpenAPI BWIBBU_ALL,OK
2492,華新科,2026-06-18,107.47,5.09,0.45,,TWSE OpenAPI BWIBBU_ALL,OK
2493,揚博,2026-06-18,64.66,11.94,1.46,,TWSE OpenAPI BWIBBU_ALL,OK
2495,普安,2026-06-18,46.11,3.05,1.54,,TWSE OpenAPI BWIBBU_ALL,OK
2496,卓越,2026-06-18,10.16,1.44,7.69,,TWSE OpenAPI BWIBBU_ALL,OK
2497,怡利電,2026-06-18,26.64,2.55,3.32,,TWSE OpenAPI BWIBBU_ALL,OK
2498,宏達電,2026-06-18,22.42,1.43,1.08,,TWSE OpenAPI BWIBBU_ALL,OK
2501,國建,2026-06-18,6.94,0.99,4.47,,TWSE OpenAPI BWIBBU_ALL,OK
2504,國產,2026-06-18,10.21,1.41,7.74,,TWSE OpenAPI BWIBBU_ALL,OK
2505,國揚,2026-06-18,9.45,0.67,5.32,,TWSE OpenAPI BWIBBU_ALL,OK
2506,太設,2026-06-18,,0.41,2.23,,TWSE OpenAPI BWIBBU_ALL,OK
2509,全坤建,2026-06-18,,0.84,,,TWSE OpenAPI BWIBBU_ALL,OK
2511,太子,2026-06-18,23.49,0.51,3.65,,TWSE OpenAPI BWIBBU_ALL,OK
2514,龍邦,2026-06-18,7.78,0.38,,,TWSE OpenAPI BWIBBU_ALL,OK
2515,中工,2026-06-18,27.81,0.93,3.75,,TWSE OpenAPI BWIBBU_ALL,OK
2516,新建,2026-06-18,11.31,1.43,,,TWSE OpenAPI BWIBBU_ALL,OK
2520,冠德,2026-06-18,15.1,0.89,4.4,,TWSE OpenAPI BWIBBU_ALL,OK
2524,京城,2026-06-18,68.86,0.68,,,TWSE OpenAPI BWIBBU_ALL,OK
2527,宏璟,2026-06-18,7.85,0.48,3.77,,TWSE OpenAPI BWIBBU_ALL,OK
2528,皇普,2026-06-18,9.37,1.36,13.39,,TWSE OpenAPI BWIBBU_ALL,OK
2530,華建,2026-06-18,10.2,1.67,9.25,,TWSE OpenAPI BWIBBU_ALL,OK
2534,宏盛,2026-06-18,17.77,0.57,8.2,,TWSE OpenAPI BWIBBU_ALL,OK
2535,達欣工,2026-06-18,11.24,2.46,4.91,,TWSE OpenAPI BWIBBU_ALL,OK
2536,宏普,2026-06-18,6.75,0.59,8.95,,TWSE OpenAPI BWIBBU_ALL,OK
2537,聯上發,2026-06-18,37.5,0.79,,,TWSE OpenAPI BWIBBU_ALL,OK
2538,基泰,2026-06-18,28.06,0.78,4.95,,TWSE OpenAPI BWIBBU_ALL,OK
2539,櫻花建,2026-06-18,14.12,2.55,7.01,,TWSE OpenAPI BWIBBU_ALL,OK
2540,愛山林,2026-06-18,91.83,3.17,10.89,,TWSE OpenAPI BWIBBU_ALL,OK
2542,興富發,2026-06-18,13.77,1.71,8.94,,TWSE OpenAPI BWIBBU_ALL,OK
2543,皇昌,2026-06-18,17.78,2.32,3.4,,TWSE OpenAPI BWIBBU_ALL,OK
2545,皇翔,2026-06-18,26.05,0.98,7.26,,TWSE OpenAPI BWIBBU_ALL,OK
2546,根基,2026-06-18,10.14,2.03,6.22,,TWSE OpenAPI BWIBBU_ALL,OK
2547,日勝生,2026-06-18,80.0,0.81,7.14,,TWSE OpenAPI BWIBBU_ALL,OK
2548,華固,2026-06-18,8.07,1.61,8.21,,TWSE OpenAPI BWIBBU_ALL,OK
2597,潤弘,2026-06-18,15.67,5.94,5.43,,TWSE OpenAPI BWIBBU_ALL,OK
2601,益航,2026-06-18,,0.64,,,TWSE OpenAPI BWIBBU_ALL,OK
2603,長榮,2026-06-18,8.44,0.72,8.29,,TWSE OpenAPI BWIBBU_ALL,OK
2605,新興,2026-06-18,14.83,1.03,3.23,,TWSE OpenAPI BWIBBU_ALL,OK
2606,裕民,2026-06-18,11.8,1.28,4.55,,TWSE OpenAPI BWIBBU_ALL,OK
2607,榮運,2026-06-18,10.48,0.84,5.45,,TWSE OpenAPI BWIBBU_ALL,OK
2608,嘉里大榮,2026-06-18,14.48,1.07,5.67,,TWSE OpenAPI BWIBBU_ALL,OK
2609,陽明,2026-06-18,16.66,0.54,3.9,,TWSE OpenAPI BWIBBU_ALL,OK
2610,華航,2026-06-18,8.59,1.31,3.73,,TWSE OpenAPI BWIBBU_ALL,OK
2611,志信,2026-06-18,10.69,1.0,3.71,,TWSE OpenAPI BWIBBU_ALL,OK
2612,中航,2026-06-18,9.78,0.78,4.1,,TWSE OpenAPI BWIBBU_ALL,OK
2613,中櫃,2026-06-18,20.09,0.95,4.57,,TWSE OpenAPI BWIBBU_ALL,OK
2614,東森,2026-06-18,9.24,1.44,6.37,,TWSE OpenAPI BWIBBU_ALL,OK
2615,萬海,2026-06-18,7.42,0.79,3.73,,TWSE OpenAPI BWIBBU_ALL,OK
2616,山隆,2026-06-18,,0.73,2.17,,TWSE OpenAPI BWIBBU_ALL,OK
2617,台航,2026-06-18,9.02,0.68,5.03,,TWSE OpenAPI BWIBBU_ALL,OK
2618,長榮航,2026-06-18,8.07,1.7,4.7,,TWSE OpenAPI BWIBBU_ALL,OK
2630,亞航,2026-06-18,42.45,2.47,2.26,,TWSE OpenAPI BWIBBU_ALL,OK
2633,台灣高鐵,2026-06-18,21.61,1.97,4.4,,TWSE OpenAPI BWIBBU_ALL,OK
2634,漢翔,2026-06-18,59.0,2.45,1.65,,TWSE OpenAPI BWIBBU_ALL,OK
2636,台驊控股,2026-06-18,10.28,1.02,7.12,,TWSE OpenAPI BWIBBU_ALL,OK
2637,慧洋-KY,2026-06-18,10.89,1.15,4.52,,TWSE OpenAPI BWIBBU_ALL,OK
2642,宅配通,2026-06-18,,1.11,2.38,,TWSE OpenAPI BWIBBU_ALL,OK
2645,長榮航太,2026-06-18,25.95,5.03,2.94,,TWSE OpenAPI BWIBBU_ALL,OK
2646,星宇航空,2026-06-18,236.11,2.01,,,TWSE OpenAPI BWIBBU_ALL,OK
2701,萬企,2026-06-18,18.51,0.57,2.65,,TWSE OpenAPI BWIBBU_ALL,OK
2702,華園,2026-06-18,,0.62,,,TWSE OpenAPI BWIBBU_ALL,OK
2704,國賓,2026-06-18,25.47,0.63,1.1,,TWSE OpenAPI BWIBBU_ALL,OK
2705,六福,2026-06-18,18.54,0.63,,,TWSE OpenAPI BWIBBU_ALL,OK
2706,第一店,2026-06-18,18.66,0.61,2.8,,TWSE OpenAPI BWIBBU_ALL,OK
2707,晶華,2026-06-18,12.79,6.45,6.01,,TWSE OpenAPI BWIBBU_ALL,OK
2712,遠雄來,2026-06-18,,1.58,,,TWSE OpenAPI BWIBBU_ALL,OK
2722,夏都,2026-06-18,,1.39,,,TWSE OpenAPI BWIBBU_ALL,OK
2723,美食-KY,2026-06-18,,1.16,,,TWSE OpenAPI BWIBBU_ALL,OK
2727,王品,2026-06-18,14.81,5.33,6.54,,TWSE OpenAPI BWIBBU_ALL,OK
2731,雄獅,2026-06-18,8.89,2.66,8.42,,TWSE OpenAPI BWIBBU_ALL,OK
2739,寒舍,2026-06-18,11.82,2.19,7.21,,TWSE OpenAPI BWIBBU_ALL,OK
2748,雲品,2026-06-18,19.42,1.45,4.33,,TWSE OpenAPI BWIBBU_ALL,OK
2753,八方雲集,2026-06-18,13.88,3.51,6.42,,TWSE OpenAPI BWIBBU_ALL,OK
2762,世界健身-KY,2026-06-18,16.09,3.49,6.98,,TWSE OpenAPI BWIBBU_ALL,OK
2801,彰銀,2026-06-18,14.28,1.19,4.6,,TWSE OpenAPI BWIBBU_ALL,OK
2812,台中銀,2026-06-18,12.77,1.27,5.35,,TWSE OpenAPI BWIBBU_ALL,OK
2816,旺旺保,2026-06-18,5.31,0.88,4.48,,TWSE OpenAPI BWIBBU_ALL,OK
2820,華票,2026-06-18,11.74,0.86,5.04,,TWSE OpenAPI BWIBBU_ALL,OK
2832,台產,2026-06-18,10.83,1.17,6.22,,TWSE OpenAPI BWIBBU_ALL,OK
2834,臺企銀,2026-06-18,13.36,1.14,5.71,,TWSE OpenAPI BWIBBU_ALL,OK
2836,高雄銀,2026-06-18,16.69,0.86,3.64,,TWSE OpenAPI BWIBBU_ALL,OK
2838,聯邦銀,2026-06-18,16.13,1.23,4.66,,TWSE OpenAPI BWIBBU_ALL,OK
2845,遠東銀,2026-06-18,14.72,0.89,4.86,,TWSE OpenAPI BWIBBU_ALL,OK
2849,安泰銀,2026-06-18,16.98,0.78,3.49,,TWSE OpenAPI BWIBBU_ALL,OK
2850,新產,2026-06-18,10.14,2.05,5.12,,TWSE OpenAPI BWIBBU_ALL,OK
2851,中再保,2026-06-18,7.53,1.33,5.64,,TWSE OpenAPI BWIBBU_ALL,OK
2852,第一保,2026-06-18,8.56,0.84,6.3,,TWSE OpenAPI BWIBBU_ALL,OK
2855,統一證,2026-06-18,11.68,2.0,4.04,,TWSE OpenAPI BWIBBU_ALL,OK
2867,三商壽,2026-06-18,62.43,0.66,,,TWSE OpenAPI BWIBBU_ALL,OK
2880,華南金,2026-06-18,18.53,2.19,3.78,,TWSE OpenAPI BWIBBU_ALL,OK
2881,富邦金,2026-06-18,18.98,2.11,3.08,,TWSE OpenAPI BWIBBU_ALL,OK
2882,國泰金,2026-06-18,17.53,2.31,3.03,,TWSE OpenAPI BWIBBU_ALL,OK
2883,凱基金,2026-06-18,17.28,1.54,3.25,,TWSE OpenAPI BWIBBU_ALL,OK
2884,玉山金,2026-06-18,16.09,2.01,3.95,,TWSE OpenAPI BWIBBU_ALL,OK
2885,元大金,2026-06-18,20.92,2.53,3.24,,TWSE OpenAPI BWIBBU_ALL,OK
2886,兆豐金,2026-06-18,18.5,1.68,3.85,,TWSE OpenAPI BWIBBU_ALL,OK
2887,台新新光金,2026-06-18,15.91,1.42,3.39,,TWSE OpenAPI BWIBBU_ALL,OK
2889,國票金,2026-06-18,19.81,1.19,3.87,,TWSE OpenAPI BWIBBU_ALL,OK
2890,永豐金,2026-06-18,19.04,2.17,3.27,,TWSE OpenAPI BWIBBU_ALL,OK
2891,中信金,2026-06-18,17.33,2.57,3.48,,TWSE OpenAPI BWIBBU_ALL,OK
2892,第一金,2026-06-18,16.72,1.57,3.99,,TWSE OpenAPI BWIBBU_ALL,OK
2897,王道銀行,2026-06-18,15.44,0.71,4.95,,TWSE OpenAPI BWIBBU_ALL,OK
2901,欣欣,2026-06-18,58.17,1.95,1.55,,TWSE OpenAPI BWIBBU_ALL,OK
2903,遠百,2026-06-18,14.78,1.08,5.22,,TWSE OpenAPI BWIBBU_ALL,OK
2904,匯僑,2026-06-18,24.4,0.89,4.95,,TWSE OpenAPI BWIBBU_ALL,OK
2905,三商,2026-06-18,24.05,0.54,1.98,,TWSE OpenAPI BWIBBU_ALL,OK
2906,高林,2026-06-18,28.67,0.8,4.65,,TWSE OpenAPI BWIBBU_ALL,OK
2908,特力,2026-06-18,52.0,1.54,2.64,,TWSE OpenAPI BWIBBU_ALL,OK
2910,統領,2026-06-18,18.93,1.54,4.5,,TWSE OpenAPI BWIBBU_ALL,OK
2911,麗嬰房,2026-06-18,2.08,0.58,,,TWSE OpenAPI BWIBBU_ALL,OK
2912,統一超,2026-06-18,20.37,5.0,4.03,,TWSE OpenAPI BWIBBU_ALL,OK
2913,農林,2026-06-18,,0.71,,,TWSE OpenAPI BWIBBU_ALL,OK
2915,潤泰全,2026-06-18,6.25,0.5,3.56,,TWSE OpenAPI BWIBBU_ALL,OK
2923,鼎固-KY,2026-06-18,,0.89,0.51,,TWSE OpenAPI BWIBBU_ALL,OK
2929,淘帝-KY,2026-06-18,,0.23,,,TWSE OpenAPI BWIBBU_ALL,OK
2939,永邑-KY,2026-06-18,,1.81,,,TWSE OpenAPI BWIBBU_ALL,OK
2945,三商家購,2026-06-18,19.07,1.51,3.5,,TWSE OpenAPI BWIBBU_ALL,OK
3002,歐格,2026-06-18,69.55,1.83,1.44,,TWSE OpenAPI BWIBBU_ALL,OK
3003,健和興,2026-06-18,69.21,1.69,1.43,,TWSE OpenAPI BWIBBU_ALL,OK
3004,豐達科,2026-06-18,25.19,2.38,1.9,,TWSE OpenAPI BWIBBU_ALL,OK
3005,神基,2026-06-18,12.45,2.7,6.69,,TWSE OpenAPI BWIBBU_ALL,OK
3006,晶豪科,2026-06-18,28.24,5.18,0.42,,TWSE OpenAPI BWIBBU_ALL,OK
3008,大立光,2026-06-18,32.43,3.68,1.54,,TWSE OpenAPI BWIBBU_ALL,OK
3010,華立,2026-06-18,13.97,1.43,4.05,,TWSE OpenAPI BWIBBU_ALL,OK
3011,今皓,2026-06-18,,1.4,,,TWSE OpenAPI BWIBBU_ALL,OK
3013,晟銘電,2026-06-18,24.78,4.21,0.71,,TWSE OpenAPI BWIBBU_ALL,OK
3014,聯陽,2026-06-18,17.03,4.21,5.4,,TWSE OpenAPI BWIBBU_ALL,OK
3015,全漢,2026-06-18,30.0,0.97,3.61,,TWSE OpenAPI BWIBBU_ALL,OK
3016,嘉晶,2026-06-18,308.54,7.45,0.4,,TWSE OpenAPI BWIBBU_ALL,OK
3017,奇鋐,2026-06-18,39.43,20.86,0.88,,TWSE OpenAPI BWIBBU_ALL,OK
3018,隆銘綠能,2026-06-18,,1.76,,,TWSE OpenAPI BWIBBU_ALL,OK
3019,亞光,2026-06-18,23.4,3.14,2.87,,TWSE OpenAPI BWIBBU_ALL,OK
3021,鴻名,2026-06-18,53.45,1.87,1.94,,TWSE OpenAPI BWIBBU_ALL,OK
3022,威強電,2026-06-18,23.94,1.3,4.14,,TWSE OpenAPI BWIBBU_ALL,OK
3023,信邦,2026-06-18,25.65,4.49,3.05,,TWSE OpenAPI BWIBBU_ALL,OK
3024,憶聲,2026-06-18,135.56,1.11,1.8,,TWSE OpenAPI BWIBBU_ALL,OK
3025,星通,2026-06-18,17.75,4.38,4.51,,TWSE OpenAPI BWIBBU_ALL,OK
3026,禾伸堂,2026-06-18,116.24,15.45,0.64,,TWSE OpenAPI BWIBBU_ALL,OK
3027,盛達,2026-06-18,,1.26,,,TWSE OpenAPI BWIBBU_ALL,OK
3028,增你強,2026-06-18,14.68,2.79,4.0,,TWSE OpenAPI BWIBBU_ALL,OK
3029,零壹,2026-06-18,14.93,3.34,5.42,,TWSE OpenAPI BWIBBU_ALL,OK
3030,德律,2026-06-18,29.48,7.69,2.06,,TWSE OpenAPI BWIBBU_ALL,OK
3031,佰鴻,2026-06-18,25.0,1.7,3.57,,TWSE OpenAPI BWIBBU_ALL,OK
3032,偉訓,2026-06-18,,3.46,3.18,,TWSE OpenAPI BWIBBU_ALL,OK
3033,威健,2026-06-18,18.82,2.24,4.2,,TWSE OpenAPI BWIBBU_ALL,OK
3034,聯詠,2026-06-18,21.15,4.37,4.46,,TWSE OpenAPI BWIBBU_ALL,OK
3035,智原,2026-06-18,111.17,3.99,0.86,,TWSE OpenAPI BWIBBU_ALL,OK
3036,文曄,2026-06-18,15.78,2.5,3.51,,TWSE OpenAPI BWIBBU_ALL,OK
3037,欣興,2026-06-18,142.35,13.56,0.21,,TWSE OpenAPI BWIBBU_ALL,OK
3038,全台,2026-06-18,24.31,1.41,5.25,,TWSE OpenAPI BWIBBU_ALL,OK
3040,遠見,2026-06-18,,1.71,9.11,,TWSE OpenAPI BWIBBU_ALL,OK
3041,揚智,2026-06-18,,2.79,,,TWSE OpenAPI BWIBBU_ALL,OK
3042,晶技,2026-06-18,41.22,4.86,2.22,,TWSE OpenAPI BWIBBU_ALL,OK
3043,科風,2026-06-18,,1.28,,,TWSE OpenAPI BWIBBU_ALL,OK
3044,健鼎,2026-06-18,27.84,5.17,2.22,,TWSE OpenAPI BWIBBU_ALL,OK
3045,台灣大,2026-06-18,24.14,3.96,4.03,,TWSE OpenAPI BWIBBU_ALL,OK
3046,建碁,2026-06-18,13.85,2.89,5.28,,TWSE OpenAPI BWIBBU_ALL,OK
3047,訊舟,2026-06-18,,1.5,1.8,,TWSE OpenAPI BWIBBU_ALL,OK
3048,益登,2026-06-18,26.44,3.4,1.36,,TWSE OpenAPI BWIBBU_ALL,OK
3049,精金,2026-06-18,,1.64,,,TWSE OpenAPI BWIBBU_ALL,OK
3050,鈺德,2026-06-18,,0.84,1.92,,TWSE OpenAPI BWIBBU_ALL,OK
3051,力特,2026-06-18,27.04,1.8,1.8,,TWSE OpenAPI BWIBBU_ALL,OK
3052,夆典,2026-06-18,11.42,0.62,5.53,,TWSE OpenAPI BWIBBU_ALL,OK
3054,立萬利,2026-06-18,19.97,4.07,1.18,,TWSE OpenAPI BWIBBU_ALL,OK
3055,蔚華科,2026-06-18,,6.33,1.1,,TWSE OpenAPI BWIBBU_ALL,OK
3056,富華新,2026-06-18,,0.87,4.0,,TWSE OpenAPI BWIBBU_ALL,OK
3057,喬鼎,2026-06-18,,2.04,,,TWSE OpenAPI BWIBBU_ALL,OK
3058,立德,2026-06-18,,1.22,,,TWSE OpenAPI BWIBBU_ALL,OK
3059,華晶科,2026-06-18,39.72,1.5,2.05,,TWSE OpenAPI BWIBBU_ALL,OK
3060,銘異,2026-06-18,,1.9,0.53,,TWSE OpenAPI BWIBBU_ALL,OK
3062,建漢,2026-06-18,,2.06,,,TWSE OpenAPI BWIBBU_ALL,OK
3090,日電貿,2026-06-18,69.27,5.43,1.44,,TWSE OpenAPI BWIBBU_ALL,OK
3092,鴻碩,2026-06-18,,2.47,,,TWSE OpenAPI BWIBBU_ALL,OK
3094,聯傑,2026-06-18,147.12,3.14,0.65,,TWSE OpenAPI BWIBBU_ALL,OK
3130,一零四,2026-06-18,14.85,4.08,6.56,,TWSE OpenAPI BWIBBU_ALL,OK
3135,凌航,2026-06-18,14.01,5.45,2.37,,TWSE OpenAPI BWIBBU_ALL,OK
3138,耀登,2026-06-18,88.64,2.86,1.22,,TWSE OpenAPI BWIBBU_ALL,OK
3149,正達,2026-06-18,,8.67,,,TWSE OpenAPI BWIBBU_ALL,OK
3150,鈺寶-創,2026-06-18,,1.43,2.66,,TWSE OpenAPI BWIBBU_ALL,OK
3164,景岳,2026-06-18,31.54,1.1,4.88,,TWSE OpenAPI BWIBBU_ALL,OK
3167,大量,2026-06-18,79.92,20.28,0.49,,TWSE OpenAPI BWIBBU_ALL,OK
3168,眾福科,2026-06-18,17.91,2.24,6.25,,TWSE OpenAPI BWIBBU_ALL,OK
3189,景碩,2026-06-18,203.94,8.84,0.24,,TWSE OpenAPI BWIBBU_ALL,OK
3209,全科,2026-06-18,17.35,2.8,4.01,,TWSE OpenAPI BWIBBU_ALL,OK
3229,晟鈦,2026-06-18,915.0,4.64,,,TWSE OpenAPI BWIBBU_ALL,OK
3231,緯創,2026-06-18,16.2,2.7,3.41,,TWSE OpenAPI BWIBBU_ALL,OK
3257,虹冠電,2026-06-18,20.57,3.09,4.58,,TWSE OpenAPI BWIBBU_ALL,OK
3266,昇陽,2026-06-18,21.41,0.75,3.65,,TWSE OpenAPI BWIBBU_ALL,OK
3296,勝德,2026-06-18,229.23,2.29,,,TWSE OpenAPI BWIBBU_ALL,OK
3305,昇貿,2026-06-18,41.13,3.39,1.58,,TWSE OpenAPI BWIBBU_ALL,OK
3308,聯德,2026-06-18,178.75,1.14,,,TWSE OpenAPI BWIBBU_ALL,OK
3311,閎暉,2026-06-18,25.0,1.04,1.55,,TWSE OpenAPI BWIBBU_ALL,OK
3312,弘憶股,2026-06-18,37.6,2.78,2.07,,TWSE OpenAPI BWIBBU_ALL,OK
3321,同泰,2026-06-18,,3.11,,,TWSE OpenAPI BWIBBU_ALL,OK
3338,泰碩,2026-06-18,51.51,3.2,1.73,,TWSE OpenAPI BWIBBU_ALL,OK
3346,麗清,2026-06-18,,0.8,0.46,,TWSE OpenAPI BWIBBU_ALL,OK
3356,奇偶,2026-06-18,5.96,1.81,5.79,,TWSE OpenAPI BWIBBU_ALL,OK
3376,新日興,2026-06-18,301.47,2.31,1.95,,TWSE OpenAPI BWIBBU_ALL,OK
3380,明泰,2026-06-18,,2.08,1.43,,TWSE OpenAPI BWIBBU_ALL,OK
3406,玉晶光,2026-06-18,22.82,3.25,2.26,,TWSE OpenAPI BWIBBU_ALL,OK
3413,京鼎,2026-06-18,17.23,2.26,3.38,,TWSE OpenAPI BWIBBU_ALL,OK
3416,融程電,2026-06-18,24.11,4.36,2.9,,TWSE OpenAPI BWIBBU_ALL,OK
3419,譁裕,2026-06-18,,1.85,,,TWSE OpenAPI BWIBBU_ALL,OK
3432,台端,2026-06-18,,2.63,,,TWSE OpenAPI BWIBBU_ALL,OK
3437,榮創,2026-06-18,,1.43,,,TWSE OpenAPI BWIBBU_ALL,OK
3443,創意,2026-06-18,146.21,44.66,0.41,,TWSE OpenAPI BWIBBU_ALL,OK
3447,展達,2026-06-18,28.11,2.54,2.74,,TWSE OpenAPI BWIBBU_ALL,OK
3450,聯鈞,2026-06-18,168.15,15.78,0.18,,TWSE OpenAPI BWIBBU_ALL,OK
3481,群創,2026-06-18,585.45,2.27,1.55,,TWSE OpenAPI BWIBBU_ALL,OK
3494,誠研,2026-06-18,,1.39,,,TWSE OpenAPI BWIBBU_ALL,OK
3501,維熹,2026-06-18,23.35,0.72,4.78,,TWSE OpenAPI BWIBBU_ALL,OK
3504,揚明光,2026-06-18,,3.68,,,TWSE OpenAPI BWIBBU_ALL,OK
3515,華擎,2026-06-18,15.55,2.7,4.46,,TWSE OpenAPI BWIBBU_ALL,OK
3518,柏騰,2026-06-18,12.95,1.71,,,TWSE OpenAPI BWIBBU_ALL,OK
3528,安馳,2026-06-18,35.65,3.53,1.25,,TWSE OpenAPI BWIBBU_ALL,OK
3530,晶相光,2026-06-18,35.02,2.21,1.13,,TWSE OpenAPI BWIBBU_ALL,OK
3532,台勝科,2026-06-18,493.67,6.24,0.26,,TWSE OpenAPI BWIBBU_ALL,OK
3533,嘉澤,2026-06-18,32.18,6.13,1.53,,TWSE OpenAPI BWIBBU_ALL,OK
3535,晶彩科,2026-06-18,335.0,9.51,,,TWSE OpenAPI BWIBBU_ALL,OK
3543,州巧,2026-06-18,,1.09,1.94,,TWSE OpenAPI BWIBBU_ALL,OK
3545,敦泰,2026-06-18,,1.44,1.38,,TWSE OpenAPI BWIBBU_ALL,OK
3550,聯穎,2026-06-18,,2.4,,,TWSE OpenAPI BWIBBU_ALL,OK
3557,嘉威,2026-06-18,,0.88,1.13,,TWSE OpenAPI BWIBBU_ALL,OK
3563,牧德,2026-06-18,45.66,8.78,1.96,,TWSE OpenAPI BWIBBU_ALL,OK
3576,聯合再生,2026-06-18,42.86,2.24,,,TWSE OpenAPI BWIBBU_ALL,OK
3583,辛耘,2026-06-18,60.27,9.35,0.67,,TWSE OpenAPI BWIBBU_ALL,OK
3588,通嘉,2026-06-18,100.5,2.08,0.83,,TWSE OpenAPI BWIBBU_ALL,OK
3591,艾笛森,2026-06-18,,1.18,,,TWSE OpenAPI BWIBBU_ALL,OK
3592,瑞鼎,2026-06-18,17.19,1.94,5.31,,TWSE OpenAPI BWIBBU_ALL,OK
3593,力銘,2026-06-18,,3.88,,,TWSE OpenAPI BWIBBU_ALL,OK
3596,智易,2026-06-18,15.14,2.68,4.7,,TWSE OpenAPI BWIBBU_ALL,OK
3605,宏致,2026-06-18,23.27,1.66,2.09,,TWSE OpenAPI BWIBBU_ALL,OK
3607,谷崧,2026-06-18,43.21,1.21,4.75,,TWSE OpenAPI BWIBBU_ALL,OK
3617,碩天,2026-06-18,14.98,2.18,4.73,,TWSE OpenAPI BWIBBU_ALL,OK
3622,洋華,2026-06-18,9.54,1.16,5.75,,TWSE OpenAPI BWIBBU_ALL,OK
3645,達邁,2026-06-18,49.63,3.8,1.27,,TWSE OpenAPI BWIBBU_ALL,OK
3652,精聯,2026-06-18,28.71,1.61,2.99,,TWSE OpenAPI BWIBBU_ALL,OK
3653,健策,2026-06-18,109.68,27.47,0.55,,TWSE OpenAPI BWIBBU_ALL,OK
3661,世芯-KY,2026-06-18,64.19,8.28,0.78,,TWSE OpenAPI BWIBBU_ALL,OK
3665,貿聯-KY,2026-06-18,42.38,8.78,0.71,,TWSE OpenAPI BWIBBU_ALL,OK
3669,圓展,2026-06-18,19.48,1.02,2.82,,TWSE OpenAPI BWIBBU_ALL,OK
3673,TPK-KY,2026-06-18,23.68,0.86,2.09,,TWSE OpenAPI BWIBBU_ALL,OK
3679,新至陞,2026-06-18,13.07,1.49,8.11,,TWSE OpenAPI BWIBBU_ALL,OK
3686,達能,2026-06-18,,1.98,,,TWSE OpenAPI BWIBBU_ALL,OK
3694,海華,2026-06-18,14.41,2.41,3.78,,TWSE OpenAPI BWIBBU_ALL,OK
3701,大眾控,2026-06-18,,2.35,0.41,,TWSE OpenAPI BWIBBU_ALL,OK
3702,大聯大,2026-06-18,13.68,2.09,3.39,,TWSE OpenAPI BWIBBU_ALL,OK
3703,欣陸,2026-06-18,10.48,0.66,4.82,,TWSE OpenAPI BWIBBU_ALL,OK
3704,合勤控,2026-06-18,41.96,1.67,0.83,,TWSE OpenAPI BWIBBU_ALL,OK
3705,永信,2026-06-18,19.16,1.99,5.27,,TWSE OpenAPI BWIBBU_ALL,OK
3706,神達,2026-06-18,16.58,1.74,4.6,,TWSE OpenAPI BWIBBU_ALL,OK
3708,上緯投控,2026-06-18,2.85,0.61,5.58,,TWSE OpenAPI BWIBBU_ALL,OK
3711,日月光投控,2026-06-18,56.92,7.67,1.08,,TWSE OpenAPI BWIBBU_ALL,OK
3712,永崴投控,2026-06-18,,1.46,17.0,,TWSE OpenAPI BWIBBU_ALL,OK
3714,富采,2026-06-18,,1.19,1.34,,TWSE OpenAPI BWIBBU_ALL,OK
3715,定穎投控,2026-06-18,184.54,4.72,0.6,,TWSE OpenAPI BWIBBU_ALL,OK
3716,中化控股,2026-06-18,13.4,0.65,2.88,,TWSE OpenAPI BWIBBU_ALL,OK
3717,聯嘉投控,2026-06-18,281.88,1.39,0.89,,TWSE OpenAPI BWIBBU_ALL,OK
4104,佳醫,2026-06-18,16.05,1.36,6.19,,TWSE OpenAPI BWIBBU_ALL,OK
4106,雃博,2026-06-18,16.36,0.95,4.27,,TWSE OpenAPI BWIBBU_ALL,OK
4108,懷特,2026-06-18,,1.3,,,TWSE OpenAPI BWIBBU_ALL,OK
4119,旭富,2026-06-18,55.25,0.98,1.7,,TWSE OpenAPI BWIBBU_ALL,OK
4133,亞諾法,2026-06-18,690.0,0.99,0.53,,TWSE OpenAPI BWIBBU_ALL,OK
4137,麗豐-KY,2026-06-18,13.87,1.61,9.17,,TWSE OpenAPI BWIBBU_ALL,OK
4142,國光生,2026-06-18,,1.54,,,TWSE OpenAPI BWIBBU_ALL,OK
4148,全宇生技-KY,2026-06-18,14.28,0.76,3.24,,TWSE OpenAPI BWIBBU_ALL,OK
4155,訊映,2026-06-18,19.62,0.88,1.96,,TWSE OpenAPI BWIBBU_ALL,OK
4164,承業醫,2026-06-18,29.95,0.82,3.56,,TWSE OpenAPI BWIBBU_ALL,OK
4169,泰宗,2026-06-18,525.0,9.05,0.21,,TWSE OpenAPI BWIBBU_ALL,OK
4178,永笙-KY,2026-06-18,,2.03,,,TWSE OpenAPI BWIBBU_ALL,OK
4190,佐登-KY,2026-06-18,,0.91,2.02,,TWSE OpenAPI BWIBBU_ALL,OK
4195,基米-創,2026-06-18,,2.41,,,TWSE OpenAPI BWIBBU_ALL,OK
4306,炎洲,2026-06-18,41.71,0.83,4.42,,TWSE OpenAPI BWIBBU_ALL,OK
4414,如興,2026-06-18,,0.55,1.3,,TWSE OpenAPI BWIBBU_ALL,OK
4426,利勤,2026-06-18,,0.75,,,TWSE OpenAPI BWIBBU_ALL,OK
4438,廣越,2026-06-18,15.47,0.8,3.76,,TWSE OpenAPI BWIBBU_ALL,OK
4439,冠星-KY,2026-06-18,11.06,0.99,4.37,,TWSE OpenAPI BWIBBU_ALL,OK
4440,宜新實業,2026-06-18,10.0,0.9,5.85,,TWSE OpenAPI BWIBBU_ALL,OK
4441,振大環球,2026-06-18,14.03,2.07,5.4,,TWSE OpenAPI BWIBBU_ALL,OK
4526,東台,2026-06-18,37.64,2.07,2.55,,TWSE OpenAPI BWIBBU_ALL,OK
4532,瑞智,2026-06-18,12.98,1.13,6.32,,TWSE OpenAPI BWIBBU_ALL,OK
4536,拓凱,2026-06-18,12.15,1.62,4.91,,TWSE OpenAPI BWIBBU_ALL,OK
4540,全球傳動,2026-06-18,,2.05,,,TWSE OpenAPI BWIBBU_ALL,OK
4545,銘鈺,2026-06-18,,1.48,0.35,,TWSE OpenAPI BWIBBU_ALL,OK
4551,智伸科,2026-06-18,33.21,2.85,1.9,,TWSE OpenAPI BWIBBU_ALL,OK
4552,力達-KY,2026-06-18,13.99,0.39,2.78,,TWSE OpenAPI BWIBBU_ALL,OK
4555,氣立,2026-06-18,208.04,1.16,1.04,,TWSE OpenAPI BWIBBU_ALL,OK
4557,永新-KY,2026-06-18,,0.92,4.02,,TWSE OpenAPI BWIBBU_ALL,OK
4560,強信-KY,2026-06-18,11.57,1.07,4.53,,TWSE OpenAPI BWIBBU_ALL,OK
4562,穎漢,2026-06-18,,3.35,,,TWSE OpenAPI BWIBBU_ALL,OK
4564,元翎,2026-06-18,,0.91,,,TWSE OpenAPI BWIBBU_ALL,OK
4566,時碩工業,2026-06-18,70.43,1.44,1.05,,TWSE OpenAPI BWIBBU_ALL,OK
4569,六方科-KY,2026-06-18,39.28,2.12,1.71,,TWSE OpenAPI BWIBBU_ALL,OK
4571,鈞興-KY,2026-06-18,20.14,2.79,2.9,,TWSE OpenAPI BWIBBU_ALL,OK
4572,駐龍,2026-06-18,54.53,3.11,3.46,,TWSE OpenAPI BWIBBU_ALL,OK
4576,大銀微系統,2026-06-18,87.01,6.4,0.36,,TWSE OpenAPI BWIBBU_ALL,OK
4581,光隆精密-KY,2026-06-18,11.95,1.31,6.01,,TWSE OpenAPI BWIBBU_ALL,OK
4582,聚恆-創,2026-06-18,17.24,1.43,3.39,,TWSE OpenAPI BWIBBU_ALL,OK
4583,台灣精銳,2026-06-18,55.26,5.22,1.59,,TWSE OpenAPI BWIBBU_ALL,OK
4585,達明,2026-06-18,237.5,4.77,0.32,,TWSE OpenAPI BWIBBU_ALL,OK
4588,玖鼎電力,2026-06-18,16.6,2.66,5.08,,TWSE OpenAPI BWIBBU_ALL,OK
4590,富田-創,2026-06-18,30.71,1.21,2.95,,TWSE OpenAPI BWIBBU_ALL,OK
4720,德淵,2026-06-18,39.67,1.71,1.65,,TWSE OpenAPI BWIBBU_ALL,OK
4722,國精化,2026-06-18,164.2,9.09,0.43,,TWSE OpenAPI BWIBBU_ALL,OK
4736,泰博,2026-06-18,6.9,1.25,3.97,,TWSE OpenAPI BWIBBU_ALL,OK
4737,華廣,2026-06-18,,2.0,,,TWSE OpenAPI BWIBBU_ALL,OK
4739,康普,2026-06-18,38.47,2.48,0.81,,TWSE OpenAPI BWIBBU_ALL,OK
4746,台耀,2026-06-18,18.55,0.81,5.74,,TWSE OpenAPI BWIBBU_ALL,OK
4755,三福化,2026-06-18,40.3,2.63,2.54,,TWSE OpenAPI BWIBBU_ALL,OK
4763,材料*-KY,2026-06-18,8.57,2.03,6.88,,TWSE OpenAPI BWIBBU_ALL,OK
4764,雙鍵,2026-06-18,180.05,11.96,0.3,,TWSE OpenAPI BWIBBU_ALL,OK
4766,南寶,2026-06-18,17.92,3.44,4.84,,TWSE OpenAPI BWIBBU_ALL,OK
4770,上品,2026-06-18,21.29,2.13,2.78,,TWSE OpenAPI BWIBBU_ALL,OK
4771,望隼,2026-06-18,14.74,2.64,3.66,,TWSE OpenAPI BWIBBU_ALL,OK
4807,日成-KY,2026-06-18,32.12,2.22,,,TWSE OpenAPI BWIBBU_ALL,OK
4904,遠傳,2026-06-18,27.54,4.08,3.51,,TWSE OpenAPI BWIBBU_ALL,OK
4906,正文,2026-06-18,,1.74,1.07,,TWSE OpenAPI BWIBBU_ALL,OK
4912,聯德控股-KY,2026-06-18,40.5,1.45,1.05,,TWSE OpenAPI BWIBBU_ALL,OK
4915,致伸,2026-06-18,14.4,1.64,6.02,,TWSE OpenAPI BWIBBU_ALL,OK
4916,事欣科,2026-06-18,18.45,3.5,0.48,,TWSE OpenAPI BWIBBU_ALL,OK
4919,新唐,2026-06-18,,6.24,,,TWSE OpenAPI BWIBBU_ALL,OK
4927,泰鼎-KY,2026-06-18,,2.76,,,TWSE OpenAPI BWIBBU_ALL,OK
4930,燦星網,2026-06-18,,0.43,3.46,,TWSE OpenAPI BWIBBU_ALL,OK
4934,太極,2026-06-18,,2.52,,,TWSE OpenAPI BWIBBU_ALL,OK
4935,茂林-KY,2026-06-18,29.23,0.64,2.5,,TWSE OpenAPI BWIBBU_ALL,OK
4938,和碩,2026-06-18,19.06,1.09,4.84,,TWSE OpenAPI BWIBBU_ALL,OK
4942,嘉彰,2026-06-18,12.77,0.59,5.29,,TWSE OpenAPI BWIBBU_ALL,OK
4943,康控-KY,2026-06-18,,6.57,,,TWSE OpenAPI BWIBBU_ALL,OK
4949,有成精密,2026-06-18,32.9,3.62,1.58,,TWSE OpenAPI BWIBBU_ALL,OK
4952,凌通,2026-06-18,52.16,2.88,1.73,,TWSE OpenAPI BWIBBU_ALL,OK
4956,光鋐,2026-06-18,,2.34,,,TWSE OpenAPI BWIBBU_ALL,OK
4958,臻鼎-KY,2026-06-18,90.55,5.46,0.53,,TWSE OpenAPI BWIBBU_ALL,OK
4960,誠美材,2026-06-18,,2.27,,,TWSE OpenAPI BWIBBU_ALL,OK
4961,天鈺,2026-06-18,20.86,1.18,4.44,,TWSE OpenAPI BWIBBU_ALL,OK
4967,十銓,2026-06-18,7.13,3.33,3.59,,TWSE OpenAPI BWIBBU_ALL,OK
4968,立積,2026-06-18,38.34,3.73,1.41,,TWSE OpenAPI BWIBBU_ALL,OK
4976,佳凌,2026-06-18,,2.83,,,TWSE OpenAPI BWIBBU_ALL,OK
4977,眾達-KY,2026-06-18,40.91,3.8,1.22,,TWSE OpenAPI BWIBBU_ALL,OK
4989,榮科,2026-06-18,,7.94,,,TWSE OpenAPI BWIBBU_ALL,OK
4994,傳奇,2026-06-18,58.85,5.8,3.27,,TWSE OpenAPI BWIBBU_ALL,OK
4999,鑫禾,2026-06-18,,0.48,1.21,,TWSE OpenAPI BWIBBU_ALL,OK
5007,三星,2026-06-18,18.42,2.51,5.36,,TWSE OpenAPI BWIBBU_ALL,OK
5203,訊連,2026-06-18,18.85,1.14,5.22,,TWSE OpenAPI BWIBBU_ALL,OK
5215,科嘉-KY,2026-06-18,18.51,0.82,4.41,,TWSE OpenAPI BWIBBU_ALL,OK
5222,全訊,2026-06-18,60.96,4.32,2.19,,TWSE OpenAPI BWIBBU_ALL,OK
5225,東科-KY,2026-06-18,8.0,1.86,9.74,,TWSE OpenAPI BWIBBU_ALL,OK
5234,達興材料,2026-06-18,51.43,13.18,1.64,,TWSE OpenAPI BWIBBU_ALL,OK
5243,乙盛-KY,2026-06-18,22.48,2.13,2.01,,TWSE OpenAPI BWIBBU_ALL,OK
5244,弘凱,2026-06-18,,1.44,1.06,,TWSE OpenAPI BWIBBU_ALL,OK
5258,虹堡,2026-06-18,15.1,1.27,1.98,,TWSE OpenAPI BWIBBU_ALL,OK
5269,祥碩,2026-06-18,17.85,2.92,3.09,,TWSE OpenAPI BWIBBU_ALL,OK
5283,禾聯碩,2026-06-18,9.22,1.0,3.67,,TWSE OpenAPI BWIBBU_ALL,OK
5284,jpp-KY,2026-06-18,30.22,5.6,1.23,,TWSE OpenAPI BWIBBU_ALL,OK
5285,界霖,2026-06-18,44.62,3.22,1.6,,TWSE OpenAPI BWIBBU_ALL,OK
5288,豐祥-KY,2026-06-18,15.71,2.16,3.44,,TWSE OpenAPI BWIBBU_ALL,OK
5292,華懋,2026-06-18,22.6,5.33,2.84,,TWSE OpenAPI BWIBBU_ALL,OK
5306,桂盟,2026-06-18,13.52,1.17,4.38,,TWSE OpenAPI BWIBBU_ALL,OK
5388,中磊,2026-06-18,21.05,1.61,2.97,,TWSE OpenAPI BWIBBU_ALL,OK
5434,崇越,2026-06-18,20.17,4.79,2.84,,TWSE OpenAPI BWIBBU_ALL,OK
5469,瀚宇博,2026-06-18,15.15,1.12,2.9,,TWSE OpenAPI BWIBBU_ALL,OK
5471,松翰,2026-06-18,62.78,2.88,1.31,,TWSE OpenAPI BWIBBU_ALL,OK
5484,慧友,2026-06-18,127.03,6.09,,,TWSE OpenAPI BWIBBU_ALL,OK
5515,建國,2026-06-18,7.04,1.49,7.86,,TWSE OpenAPI BWIBBU_ALL,OK
5519,隆大,2026-06-18,6.9,1.34,11.03,,TWSE OpenAPI BWIBBU_ALL,OK
5521,工信,2026-06-18,16.06,0.92,1.42,,TWSE OpenAPI BWIBBU_ALL,OK
5522,遠雄,2026-06-18,7.86,1.22,7.39,,TWSE OpenAPI BWIBBU_ALL,OK
5525,順天,2026-06-18,8.98,1.18,5.32,,TWSE OpenAPI BWIBBU_ALL,OK
5531,鄉林,2026-06-18,165.4,0.81,,,TWSE OpenAPI BWIBBU_ALL,OK
5533,皇鼎,2026-06-18,23.33,0.42,4.29,,TWSE OpenAPI BWIBBU_ALL,OK
5534,長虹,2026-06-18,16.98,1.16,6.61,,TWSE OpenAPI BWIBBU_ALL,OK
5538,東明-KY,2026-06-18,9.28,0.82,4.69,,TWSE OpenAPI BWIBBU_ALL,OK
5546,永固-KY,2026-06-18,,0.73,5.87,,TWSE OpenAPI BWIBBU_ALL,OK
5607,遠雄港,2026-06-18,15.94,1.68,3.47,,TWSE OpenAPI BWIBBU_ALL,OK
5608,四維航,2026-06-18,64.78,0.6,,,TWSE OpenAPI BWIBBU_ALL,OK
5706,鳳凰,2026-06-18,15.17,2.37,8.41,,TWSE OpenAPI BWIBBU_ALL,OK
5871,中租-KY,2026-06-18,10.67,1.11,5.26,,TWSE OpenAPI BWIBBU_ALL,OK
5876,上海商銀,2026-06-18,13.49,0.99,4.24,,TWSE OpenAPI BWIBBU_ALL,OK
5880,合庫金,2026-06-18,17.68,1.37,4.24,,TWSE OpenAPI BWIBBU_ALL,OK
5906,台南-KY,2026-06-18,56.81,2.51,1.71,,TWSE OpenAPI BWIBBU_ALL,OK
5907,大洋-KY,2026-06-18,,0.26,,,TWSE OpenAPI BWIBBU_ALL,OK
6005,群益證,2026-06-18,11.08,1.79,4.31,,TWSE OpenAPI BWIBBU_ALL,OK
6024,群益期,2026-06-18,10.39,1.42,5.6,,TWSE OpenAPI BWIBBU_ALL,OK
6108,競國,2026-06-18,,0.94,5.17,,TWSE OpenAPI BWIBBU_ALL,OK
6112,邁達特,2026-06-18,26.59,2.12,3.65,,TWSE OpenAPI BWIBBU_ALL,OK
6115,鎰勝,2026-06-18,17.13,1.64,5.76,,TWSE OpenAPI BWIBBU_ALL,OK
6116,彩晶,2026-06-18,,1.59,,,TWSE OpenAPI BWIBBU_ALL,OK
6117,迎廣,2026-06-18,16.54,2.99,2.63,,TWSE OpenAPI BWIBBU_ALL,OK
6120,達運,2026-06-18,,1.01,1.66,,TWSE OpenAPI BWIBBU_ALL,OK
6128,上福,2026-06-18,,0.96,2.38,,TWSE OpenAPI BWIBBU_ALL,OK
6133,金橋,2026-06-18,31.58,1.69,4.34,,TWSE OpenAPI BWIBBU_ALL,OK
6136,富爾特,2026-06-18,30.12,0.74,4.58,,TWSE OpenAPI BWIBBU_ALL,OK
6139,亞翔,2026-06-18,22.84,8.86,2.79,,TWSE OpenAPI BWIBBU_ALL,OK
6141,柏承,2026-06-18,,6.66,,,TWSE OpenAPI BWIBBU_ALL,OK
6142,友勁,2026-06-18,,1.12,,,TWSE OpenAPI BWIBBU_ALL,OK
6152,百一,2026-06-18,,1.97,,,TWSE OpenAPI BWIBBU_ALL,OK
6153,嘉聯益,2026-06-18,,1.83,,,TWSE OpenAPI BWIBBU_ALL,OK
6155,鈞寶,2026-06-18,197.0,5.4,0.81,,TWSE OpenAPI BWIBBU_ALL,OK
6164,華興,2026-06-18,667.5,1.14,,,TWSE OpenAPI BWIBBU_ALL,OK
6165,浪凡,2026-06-18,11.65,2.9,10.29,,TWSE OpenAPI BWIBBU_ALL,OK
6166,凌華,2026-06-18,43.07,5.85,0.77,,TWSE OpenAPI BWIBBU_ALL,OK
6168,宏齊,2026-06-18,404.29,1.89,,,TWSE OpenAPI BWIBBU_ALL,OK
6176,瑞儀,2026-06-18,9.38,1.12,3.98,,TWSE OpenAPI BWIBBU_ALL,OK
6177,達麗,2026-06-18,6.75,1.87,5.95,,TWSE OpenAPI BWIBBU_ALL,OK
6183,關貿,2026-06-18,22.32,4.52,3.93,,TWSE OpenAPI BWIBBU_ALL,OK
6184,大豐電,2026-06-18,19.81,1.55,6.39,,TWSE OpenAPI BWIBBU_ALL,OK
6189,豐藝,2026-06-18,20.87,2.23,4.92,,TWSE OpenAPI BWIBBU_ALL,OK
6191,精成科,2026-06-18,15.65,1.81,2.59,,TWSE OpenAPI BWIBBU_ALL,OK
6192,巨路,2026-06-18,12.03,1.56,4.94,,TWSE OpenAPI BWIBBU_ALL,OK
6196,帆宣,2026-06-18,36.11,7.15,1.14,,TWSE OpenAPI BWIBBU_ALL,OK
6197,佳必琪,2026-06-18,33.9,9.29,2.01,,TWSE OpenAPI BWIBBU_ALL,OK
6201,亞弘電,2026-06-18,14.71,1.65,6.4,,TWSE OpenAPI BWIBBU_ALL,OK
6202,盛群,2026-06-18,101.52,3.83,1.01,,TWSE OpenAPI BWIBBU_ALL,OK
6205,詮欣,2026-06-18,48.39,2.59,1.85,,TWSE OpenAPI BWIBBU_ALL,OK
6206,飛捷,2026-06-18,18.44,3.39,4.18,,TWSE OpenAPI BWIBBU_ALL,OK
6209,今國光,2026-06-18,56.13,4.96,0.51,,TWSE OpenAPI BWIBBU_ALL,OK
6213,聯茂,2026-06-18,68.46,4.83,1.07,,TWSE OpenAPI BWIBBU_ALL,OK
6214,精誠,2026-06-18,14.88,2.03,4.23,,TWSE OpenAPI BWIBBU_ALL,OK
6215,和椿,2026-06-18,38.07,5.54,0.92,,TWSE OpenAPI BWIBBU_ALL,OK
6216,居易,2026-06-18,386.67,1.37,4.44,,TWSE OpenAPI BWIBBU_ALL,OK
6224,聚鼎,2026-06-18,97.7,3.31,1.47,,TWSE OpenAPI BWIBBU_ALL,OK
6225,天瀚,2026-06-18,,8.0,,,TWSE OpenAPI BWIBBU_ALL,OK
6226,光鼎,2026-06-18,,1.19,,,TWSE OpenAPI BWIBBU_ALL,OK
6230,尼得科超眾,2026-06-18,,1.98,0.17,,TWSE OpenAPI BWIBBU_ALL,OK
6235,華孚,2026-06-18,15.66,1.63,2.96,,TWSE OpenAPI BWIBBU_ALL,OK
6239,力成,2026-06-18,43.27,4.6,1.24,,TWSE OpenAPI BWIBBU_ALL,OK
6243,迅杰,2026-06-18,,2.05,3.44,,TWSE OpenAPI BWIBBU_ALL,OK
6257,矽格,2026-06-18,35.13,5.2,1.79,,TWSE OpenAPI BWIBBU_ALL,OK
6269,台郡,2026-06-18,,1.22,,,TWSE OpenAPI BWIBBU_ALL,OK
6271,同欣電,2026-06-18,35.98,1.92,1.24,,TWSE OpenAPI BWIBBU_ALL,OK
6272,驊陞,2026-06-18,13.26,1.42,6.29,,TWSE OpenAPI BWIBBU_ALL,OK
6277,宏正,2026-06-18,22.28,1.86,4.83,,TWSE OpenAPI BWIBBU_ALL,OK
6278,台表科,2026-06-18,23.34,2.66,2.69,,TWSE OpenAPI BWIBBU_ALL,OK
6281,全國電,2026-06-18,13.81,1.91,6.41,,TWSE OpenAPI BWIBBU_ALL,OK
6282,康舒,2026-06-18,116.2,2.21,1.38,,TWSE OpenAPI BWIBBU_ALL,OK
6283,淳安,2026-06-18,,2.08,,,TWSE OpenAPI BWIBBU_ALL,OK
6285,啟碁,2026-06-18,40.41,3.79,1.57,,TWSE OpenAPI BWIBBU_ALL,OK
6405,悅城,2026-06-18,,1.68,,,TWSE OpenAPI BWIBBU_ALL,OK
6409,旭隼,2026-06-18,26.53,7.86,4.0,,TWSE OpenAPI BWIBBU_ALL,OK
6412,群電,2026-06-18,17.62,2.54,4.04,,TWSE OpenAPI BWIBBU_ALL,OK
6414,樺漢,2026-06-18,17.8,2.12,3.6,,TWSE OpenAPI BWIBBU_ALL,OK
6415,矽力*-KY,2026-06-18,84.54,6.4,0.41,,TWSE OpenAPI BWIBBU_ALL,OK
6416,瑞祺電通,2026-06-18,18.4,1.76,3.35,,TWSE OpenAPI BWIBBU_ALL,OK
6426,統新,2026-06-18,404.81,8.69,0.24,,TWSE OpenAPI BWIBBU_ALL,OK
6431,光麗-KY,2026-06-18,,3.41,,,TWSE OpenAPI BWIBBU_ALL,OK
6438,迅得,2026-06-18,29.12,2.32,3.14,,TWSE OpenAPI BWIBBU_ALL,OK
6442,光聖,2026-06-18,73.37,21.49,0.61,,TWSE OpenAPI BWIBBU_ALL,OK
6443,元晶,2026-06-18,,5.69,,,TWSE OpenAPI BWIBBU_ALL,OK
6446,藥華藥,2026-06-18,66.46,11.44,0.25,,TWSE OpenAPI BWIBBU_ALL,OK
6449,鈺邦,2026-06-18,56.31,6.93,0.97,,TWSE OpenAPI BWIBBU_ALL,OK
6451,訊芯-KY,2026-06-18,,8.5,0.04,,TWSE OpenAPI BWIBBU_ALL,OK
6456,GIS-KY,2026-06-18,,0.85,,,TWSE OpenAPI BWIBBU_ALL,OK
6464,台數科,2026-06-18,19.16,1.21,2.22,,TWSE OpenAPI BWIBBU_ALL,OK
6472,保瑞,2026-06-18,33.48,3.69,2.37,,TWSE OpenAPI BWIBBU_ALL,OK
6477,安集,2026-06-18,356.11,1.26,1.09,,TWSE OpenAPI BWIBBU_ALL,OK
6491,晶碩,2026-06-18,15.75,2.27,3.05,,TWSE OpenAPI BWIBBU_ALL,OK
6504,南六,2026-06-18,,0.75,2.76,,TWSE OpenAPI BWIBBU_ALL,OK
6505,台塑化,2026-06-18,19.18,1.36,2.24,,TWSE OpenAPI BWIBBU_ALL,OK
6515,穎崴,2026-06-18,193.65,52.42,0.53,,TWSE OpenAPI BWIBBU_ALL,OK
6525,捷敏-KY,2026-06-18,23.56,4.21,3.5,,TWSE OpenAPI BWIBBU_ALL,OK
6526,達發,2026-06-18,39.95,6.5,1.94,,TWSE OpenAPI BWIBBU_ALL,OK
6531,愛普*,2026-06-18,104.17,14.13,0.68,,TWSE OpenAPI BWIBBU_ALL,OK
6533,晶心科,2026-06-18,,2.35,,,TWSE OpenAPI BWIBBU_ALL,OK
6534,正瀚-創,2026-06-18,19.46,3.57,5.16,,TWSE OpenAPI BWIBBU_ALL,OK
6541,泰福-KY,2026-06-18,,2.0,,,TWSE OpenAPI BWIBBU_ALL,OK
6550,北極星藥業-KY,2026-06-18,,2.45,,,TWSE OpenAPI BWIBBU_ALL,OK
6552,易華電,2026-06-18,,1.54,,,TWSE OpenAPI BWIBBU_ALL,OK
6558,興能高,2026-06-18,,2.13,,,TWSE OpenAPI BWIBBU_ALL,OK
6573,虹揚-KY,2026-06-18,12.37,2.16,,,TWSE OpenAPI BWIBBU_ALL,OK
6579,研揚,2026-06-18,30.83,2.73,2.23,,TWSE OpenAPI BWIBBU_ALL,OK
6581,鋼聯,2026-06-18,17.99,3.01,4.86,,TWSE OpenAPI BWIBBU_ALL,OK
6582,申豐,2026-06-18,,0.52,,,TWSE OpenAPI BWIBBU_ALL,OK
6585,鼎基,2026-06-18,28.16,2.68,3.26,,TWSE OpenAPI BWIBBU_ALL,OK
6589,台康生技,2026-06-18,,1.71,,,TWSE OpenAPI BWIBBU_ALL,OK
6591,動力-KY,2026-06-18,12.94,1.06,7.21,,TWSE OpenAPI BWIBBU_ALL,OK
6592,和潤企業,2026-06-18,13.27,1.27,5.05,,TWSE OpenAPI BWIBBU_ALL,OK
6598,ABC-KY,2026-06-18,,3.68,,,TWSE OpenAPI BWIBBU_ALL,OK
6605,帝寶,2026-06-18,10.61,1.14,4.59,,TWSE OpenAPI BWIBBU_ALL,OK
6606,建德工業,2026-06-18,22.94,1.75,4.12,,TWSE OpenAPI BWIBBU_ALL,OK
6614,資拓宏宇,2026-06-18,16.43,2.21,4.03,,TWSE OpenAPI BWIBBU_ALL,OK
6625,必應,2026-06-18,7.9,2.7,6.31,,TWSE OpenAPI BWIBBU_ALL,OK
6641,基士德-KY,2026-06-18,38.23,0.44,2.18,,TWSE OpenAPI BWIBBU_ALL,OK
6645,金萬林-創,2026-06-18,,2.08,,,TWSE OpenAPI BWIBBU_ALL,OK
6655,科定,2026-06-18,30.42,3.6,4.86,,TWSE OpenAPI BWIBBU_ALL,OK
6657,華安,2026-06-18,,3.79,,,TWSE OpenAPI BWIBBU_ALL,OK
6658,聯策,2026-06-18,72.41,4.99,0.63,,TWSE OpenAPI BWIBBU_ALL,OK
6666,羅麗芬-KY,2026-06-18,19.88,1.15,4.66,,TWSE OpenAPI BWIBBU_ALL,OK
6668,中揚光,2026-06-18,,2.36,,,TWSE OpenAPI BWIBBU_ALL,OK
6669,緯穎,2026-06-18,17.2,6.8,3.2,,TWSE OpenAPI BWIBBU_ALL,OK
6670,復盛應用,2026-06-18,13.95,2.38,5.57,,TWSE OpenAPI BWIBBU_ALL,OK
6671,三能-KY,2026-06-18,11.39,0.9,4.66,,TWSE OpenAPI BWIBBU_ALL,OK
6672,騰輝電子-KY,2026-06-18,44.39,4.72,1.36,,TWSE OpenAPI BWIBBU_ALL,OK
6674,鋐寶科技,2026-06-18,,1.42,,,TWSE OpenAPI BWIBBU_ALL,OK
6689,伊雲谷,2026-06-18,29.65,1.5,2.99,,TWSE OpenAPI BWIBBU_ALL,OK
6691,洋基工程,2026-06-18,26.68,14.58,3.06,,TWSE OpenAPI BWIBBU_ALL,OK
6695,芯鼎,2026-06-18,,3.77,,,TWSE OpenAPI BWIBBU_ALL,OK
6698,旭暉應材,2026-06-18,,2.57,1.19,,TWSE OpenAPI BWIBBU_ALL,OK
6706,惠特,2026-06-18,,3.59,,,TWSE OpenAPI BWIBBU_ALL,OK
6715,嘉基,2026-06-18,223.46,8.66,0.42,,TWSE OpenAPI BWIBBU_ALL,OK
6719,力智,2026-06-18,36.28,1.92,1.77,,TWSE OpenAPI BWIBBU_ALL,OK
6722,輝創,2026-06-18,15.14,1.23,5.35,,TWSE OpenAPI BWIBBU_ALL,OK
6742,澤米,2026-06-18,,3.93,0.43,,TWSE OpenAPI BWIBBU_ALL,OK
6743,安普新,2026-06-18,35.37,1.59,10.34,,TWSE OpenAPI BWIBBU_ALL,OK
6753,龍德造船,2026-06-18,17.09,2.84,1.03,,TWSE OpenAPI BWIBBU_ALL,OK
6754,匯僑設計,2026-06-18,14.04,1.41,7.69,,TWSE OpenAPI BWIBBU_ALL,OK
6756,威鋒電子,2026-06-18,68.09,2.48,0.87,,TWSE OpenAPI BWIBBU_ALL,OK
6757,台灣虎航,2026-06-18,9.36,3.54,4.16,,TWSE OpenAPI BWIBBU_ALL,OK
6768,志強-KY,2026-06-18,16.23,1.1,6.02,,TWSE OpenAPI BWIBBU_ALL,OK
6770,力積電,2026-06-18,41.92,3.26,,,TWSE OpenAPI BWIBBU_ALL,OK
6771,平和環保-創,2026-06-18,14.09,1.45,7.62,,TWSE OpenAPI BWIBBU_ALL,OK
6776,展碁國際,2026-06-18,14.75,2.05,5.06,,TWSE OpenAPI BWIBBU_ALL,OK
6781,AES-KY,2026-06-18,30.16,5.57,1.62,,TWSE OpenAPI BWIBBU_ALL,OK
6782,視陽,2026-06-18,13.12,2.91,4.32,,TWSE OpenAPI BWIBBU_ALL,OK
6789,采鈺,2026-06-18,116.77,9.13,0.55,,TWSE OpenAPI BWIBBU_ALL,OK
6790,永豐實,2026-06-18,13.05,1.76,6.62,,TWSE OpenAPI BWIBBU_ALL,OK
6792,詠業,2026-06-18,31.11,2.3,3.57,,TWSE OpenAPI BWIBBU_ALL,OK
6794,向榮生技,2026-06-18,,5.99,,,TWSE OpenAPI BWIBBU_ALL,OK
6796,晉弘,2026-06-18,,2.74,0.42,,TWSE OpenAPI BWIBBU_ALL,OK
6799,來頡,2026-06-18,27.52,2.72,2.5,,TWSE OpenAPI BWIBBU_ALL,OK
6805,富世達,2026-06-18,44.79,16.21,0.71,,TWSE OpenAPI BWIBBU_ALL,OK
6806,森崴能源,2026-06-18,,4.91,37.96,,TWSE OpenAPI BWIBBU_ALL,OK
6807,峰源-KY,2026-06-18,9.87,0.72,7.43,,TWSE OpenAPI BWIBBU_ALL,OK
6830,汎銓,2026-06-18,,9.33,0.18,,TWSE OpenAPI BWIBBU_ALL,OK
6831,邁科,2026-06-18,157.11,19.5,0.39,,TWSE OpenAPI BWIBBU_ALL,OK
6834,天二科技,2026-06-18,166.39,6.15,0.39,,TWSE OpenAPI BWIBBU_ALL,OK
6835,圓裕,2026-06-18,281.15,1.35,2.76,,TWSE OpenAPI BWIBBU_ALL,OK
6838,台新藥,2026-06-18,,2.58,,,TWSE OpenAPI BWIBBU_ALL,OK
6854,錼創科技-KY創,2026-06-18,,4.19,,,TWSE OpenAPI BWIBBU_ALL,OK
6861,睿生光電,2026-06-18,75.41,9.97,0.54,,TWSE OpenAPI BWIBBU_ALL,OK
6862,三集瑞-KY,2026-06-18,37.21,3.63,2.2,,TWSE OpenAPI BWIBBU_ALL,OK
6863,永道-KY,2026-06-18,88.72,1.17,1.55,,TWSE OpenAPI BWIBBU_ALL,OK
6869,雲豹能源,2026-06-18,,2.34,2.59,,TWSE OpenAPI BWIBBU_ALL,OK
6873,泓德能源,2026-06-18,24.55,1.04,3.17,,TWSE OpenAPI BWIBBU_ALL,OK
6885,全福生技,2026-06-18,,1.87,,,TWSE OpenAPI BWIBBU_ALL,OK
6887,寶綠特-KY,2026-06-18,14.43,0.86,7.08,,TWSE OpenAPI BWIBBU_ALL,OK
6890,來億-KY,2026-06-18,23.54,2.4,3.78,,TWSE OpenAPI BWIBBU_ALL,OK
6901,鑽石投資,2026-06-18,,1.59,,,TWSE OpenAPI BWIBBU_ALL,OK
6902,GOGOLOOK,2026-06-18,45.39,6.21,,,TWSE OpenAPI BWIBBU_ALL,OK
6906,現觀科,2026-06-18,46.52,3.97,1.95,,TWSE OpenAPI BWIBBU_ALL,OK
6908,宏碁遊戲-創,2026-06-18,28.49,1.14,3.2,,TWSE OpenAPI BWIBBU_ALL,OK
6909,創控,2026-06-18,62.84,3.38,1.96,,TWSE OpenAPI BWIBBU_ALL,OK
6914,阜爾運通,2026-06-18,14.57,2.73,5.61,,TWSE OpenAPI BWIBBU_ALL,OK
6916,華凌,2026-06-18,,1.47,,,TWSE OpenAPI BWIBBU_ALL,OK
6918,愛派司,2026-06-18,14.55,2.21,6.77,,TWSE OpenAPI BWIBBU_ALL,OK
6919,康霈*,2026-06-18,,18.11,,,TWSE OpenAPI BWIBBU_ALL,OK
6921,嘉雨思-創,2026-06-18,210.29,8.13,,,TWSE OpenAPI BWIBBU_ALL,OK
6923,中台,2026-06-18,25.31,2.62,3.9,,TWSE OpenAPI BWIBBU_ALL,OK
6924,榮惠-KY創,2026-06-18,18.74,4.96,4.0,,TWSE OpenAPI BWIBBU_ALL,OK
6928,攸泰科技,2026-06-18,,2.02,,,TWSE OpenAPI BWIBBU_ALL,OK
6931,青松健康,2026-06-18,21.14,2.33,1.18,,TWSE OpenAPI BWIBBU_ALL,OK
6933,AMAX-KY,2026-06-18,26.34,2.79,1.59,,TWSE OpenAPI BWIBBU_ALL,OK
6934,心誠鎂,2026-06-18,,4.49,,,TWSE OpenAPI BWIBBU_ALL,OK
6936,永鴻生技,2026-06-18,17.67,1.74,4.52,,TWSE OpenAPI BWIBBU_ALL,OK
6937,天虹,2026-06-18,86.27,5.49,0.5,,TWSE OpenAPI BWIBBU_ALL,OK
6944,兆聯實業,2026-06-18,29.4,9.05,1.91,,TWSE OpenAPI BWIBBU_ALL,OK
6949,沛爾生醫-創,2026-06-18,,22.44,,,TWSE OpenAPI BWIBBU_ALL,OK
6951,青新-創,2026-06-18,13.7,3.51,6.73,,TWSE OpenAPI BWIBBU_ALL,OK
6952,大武山,2026-06-18,46.82,1.68,,,TWSE OpenAPI BWIBBU_ALL,OK
6955,邦睿生技-創,2026-06-18,32.08,5.23,2.26,,TWSE OpenAPI BWIBBU_ALL,OK
6957,裕慶-KY,2026-06-18,17.95,4.56,4.75,,TWSE OpenAPI BWIBBU_ALL,OK
6958,日盛台駿,2026-06-18,,0.73,,,TWSE OpenAPI BWIBBU_ALL,OK
6962,奕力-KY,2026-06-18,26.64,0.94,2.57,,TWSE OpenAPI BWIBBU_ALL,OK
6965,中傑-KY,2026-06-18,50.93,1.05,6.1,,TWSE OpenAPI BWIBBU_ALL,OK
6969,成信實業*-創,2026-06-18,,2.39,,,TWSE OpenAPI BWIBBU_ALL,OK
6988,威力暘-創,2026-06-18,,0.91,,,TWSE OpenAPI BWIBBU_ALL,OK
6994,富威電力,2026-06-18,8.48,1.63,5.64,,TWSE OpenAPI BWIBBU_ALL,OK
7610,聯友金屬-創,2026-06-18,143.34,52.99,0.11,,TWSE OpenAPI BWIBBU_ALL,OK
7631,聚賢研發-創,2026-06-18,18.24,3.11,2.84,,TWSE OpenAPI BWIBBU_ALL,OK
7705,三商餐飲,2026-06-18,14.28,1.34,5.02,,TWSE OpenAPI BWIBBU_ALL,OK
7711,永擎,2026-06-18,32.54,5.5,2.47,,TWSE OpenAPI BWIBBU_ALL,OK
7721,微程式,2026-06-18,127.29,3.3,1.33,,TWSE OpenAPI BWIBBU_ALL,OK
7722,LINEPAY,2026-06-18,46.52,2.06,0.61,,TWSE OpenAPI BWIBBU_ALL,OK
7730,暉盛-創,2026-06-18,93.52,6.85,0.83,,TWSE OpenAPI BWIBBU_ALL,OK
7732,金興精密,2026-06-18,20.81,1.3,4.17,,TWSE OpenAPI BWIBBU_ALL,OK
7736,虎山,2026-06-18,15.91,1.6,5.23,,TWSE OpenAPI BWIBBU_ALL,OK
7740,熙特爾-創,2026-06-18,21.85,5.72,2.13,,TWSE OpenAPI BWIBBU_ALL,OK
7749,意騰-KY,2026-06-18,38.88,5.72,1.86,,TWSE OpenAPI BWIBBU_ALL,OK
7750,新代,2026-06-18,59.13,14.89,0.68,,TWSE OpenAPI BWIBBU_ALL,OK
7760,享溫馨,2026-06-18,56.95,1.05,5.95,,TWSE OpenAPI BWIBBU_ALL,OK
7765,中華資安,2026-06-18,21.46,4.41,4.06,,TWSE OpenAPI BWIBBU_ALL,OK
7768,頌勝科技,2026-06-18,121.5,11.93,1.06,,TWSE OpenAPI BWIBBU_ALL,OK
7769,鴻勁,2026-06-18,87.04,20.01,0.93,,TWSE OpenAPI BWIBBU_ALL,OK
7780,大研生醫*,2026-06-18,45.71,2.82,7.5,,TWSE OpenAPI BWIBBU_ALL,OK
7786,東方風能,2026-06-18,13.28,2.27,4.31,,TWSE OpenAPI BWIBBU_ALL,OK
7788,松川精密,2026-06-18,77.25,3.9,0.68,,TWSE OpenAPI BWIBBU_ALL,OK
7791,皇家可口,2026-06-18,13.67,1.37,6.09,,TWSE OpenAPI BWIBBU_ALL,OK
7795,長廣,2026-06-18,146.95,11.49,0.52,,TWSE OpenAPI BWIBBU_ALL,OK
7799,禾榮科,2026-06-18,,5.03,,,TWSE OpenAPI BWIBBU_ALL,OK
7803,雲象科技-創,2026-06-18,,3.8,,,TWSE OpenAPI BWIBBU_ALL,OK
7818,溢泰實業,2026-06-18,11.01,1.14,3.6,,TWSE OpenAPI BWIBBU_ALL,OK
7821,神數,2026-06-18,14.68,2.33,4.56,,TWSE OpenAPI BWIBBU_ALL,OK
7822,倍利科,2026-06-18,91.23,8.73,0.6,,TWSE OpenAPI BWIBBU_ALL,OK
7823,奧義賽博-KY創,2026-06-18,,5.01,,,TWSE OpenAPI BWIBBU_ALL,OK
7827,漢康-KY創,2026-06-18,,50.0,,,TWSE OpenAPI BWIBBU_ALL,OK
8011,台通,2026-06-18,21.18,0.92,3.89,,TWSE OpenAPI BWIBBU_ALL,OK
8016,矽創,2026-06-18,18.88,3.09,3.83,,TWSE OpenAPI BWIBBU_ALL,OK
8021,尖點,2026-06-18,155.59,14.64,0.37,,TWSE OpenAPI BWIBBU_ALL,OK
8028,昇陽半導體,2026-06-18,68.92,10.29,0.87,,TWSE OpenAPI BWIBBU_ALL,OK
8033,雷虎,2026-06-18,193.28,10.25,,,TWSE OpenAPI BWIBBU_ALL,OK
8039,台虹,2026-06-18,61.39,3.62,1.37,,TWSE OpenAPI BWIBBU_ALL,OK
8045,達運光電,2026-06-18,87.29,3.0,1.64,,TWSE OpenAPI BWIBBU_ALL,OK
8046,南電,2026-06-18,185.17,12.09,0.23,,TWSE OpenAPI BWIBBU_ALL,OK
8070,長華*,2026-06-18,51.89,2.19,4.93,,TWSE OpenAPI BWIBBU_ALL,OK
8072,陞泰,2026-06-18,28.82,1.05,3.4,,TWSE OpenAPI BWIBBU_ALL,OK
8081,致新,2026-06-18,18.16,3.77,5.02,,TWSE OpenAPI BWIBBU_ALL,OK
8101,華冠,2026-06-18,,3.04,,,TWSE OpenAPI BWIBBU_ALL,OK
8103,瀚荃,2026-06-18,20.93,1.97,2.88,,TWSE OpenAPI BWIBBU_ALL,OK
8104,錸寶,2026-06-18,,1.57,0.47,,TWSE OpenAPI BWIBBU_ALL,OK
8105,凌巨,2026-06-18,730.0,1.2,,,TWSE OpenAPI BWIBBU_ALL,OK
8110,華東,2026-06-18,21.68,2.42,2.53,,TWSE OpenAPI BWIBBU_ALL,OK
8112,至上,2026-06-18,11.83,2.8,3.87,,TWSE OpenAPI BWIBBU_ALL,OK
8114,振樺電,2026-06-18,14.13,2.13,5.41,,TWSE OpenAPI BWIBBU_ALL,OK
8131,福懋科,2026-06-18,38.33,2.66,1.32,,TWSE OpenAPI BWIBBU_ALL,OK
8150,南茂,2026-06-18,88.14,2.96,1.18,,TWSE OpenAPI BWIBBU_ALL,OK
8162,微矽電子-創,2026-06-18,56.81,3.88,1.91,,TWSE OpenAPI BWIBBU_ALL,OK
8163,達方,2026-06-18,88.14,1.22,1.11,,TWSE OpenAPI BWIBBU_ALL,OK
8201,無敵,2026-06-18,,1.87,,,TWSE OpenAPI BWIBBU_ALL,OK
8210,勤誠,2026-06-18,40.47,13.56,1.03,,TWSE OpenAPI BWIBBU_ALL,OK
8213,志超,2026-06-18,19.27,0.61,3.06,,TWSE OpenAPI BWIBBU_ALL,OK
8215,明基材,2026-06-18,,2.04,0.96,,TWSE OpenAPI BWIBBU_ALL,OK
8222,寶一,2026-06-18,57.79,2.61,0.99,,TWSE OpenAPI BWIBBU_ALL,OK
8249,菱光,2026-06-18,19.44,1.14,3.99,,TWSE OpenAPI BWIBBU_ALL,OK
8261,富鼎,2026-06-18,36.82,4.18,2.33,,TWSE OpenAPI BWIBBU_ALL,OK
8271,宇瞻,2026-06-18,10.28,4.28,2.13,,TWSE OpenAPI BWIBBU_ALL,OK
8341,日友,2026-06-18,16.94,2.03,5.03,,TWSE OpenAPI BWIBBU_ALL,OK
8367,建新國際,2026-06-18,11.45,1.15,7.07,,TWSE OpenAPI BWIBBU_ALL,OK
8374,羅昇,2026-06-18,,5.05,0.22,,TWSE OpenAPI BWIBBU_ALL,OK
8404,百和興業-KY,2026-06-18,15.28,0.96,3.0,,TWSE OpenAPI BWIBBU_ALL,OK
8411,福貞-KY,2026-06-18,121.5,0.44,0.82,,TWSE OpenAPI BWIBBU_ALL,OK
8422,可寧衛*,2026-06-18,26.02,2.95,4.27,,TWSE OpenAPI BWIBBU_ALL,OK
8429,金麗-KY,2026-06-18,59.18,0.18,,,TWSE OpenAPI BWIBBU_ALL,OK
8438,昶昕,2026-06-18,35.17,3.23,1.41,,TWSE OpenAPI BWIBBU_ALL,OK
8442,威宏-KY,2026-06-18,22.51,0.78,7.44,,TWSE OpenAPI BWIBBU_ALL,OK
8443,阿瘦,2026-06-18,,1.19,1.75,,TWSE OpenAPI BWIBBU_ALL,OK
8454,富邦媒,2026-06-18,32.54,8.73,2.93,,TWSE OpenAPI BWIBBU_ALL,OK
8462,柏文,2026-06-18,14.98,4.06,5.24,,TWSE OpenAPI BWIBBU_ALL,OK
8463,潤泰材,2026-06-18,10.05,1.29,3.76,,TWSE OpenAPI BWIBBU_ALL,OK
8464,億豐,2026-06-18,16.21,3.84,4.47,,TWSE OpenAPI BWIBBU_ALL,OK
8466,美吉吉-KY,2026-06-18,,0.41,1.93,,TWSE OpenAPI BWIBBU_ALL,OK
8467,波力-KY,2026-06-18,14.58,2.37,5.63,,TWSE OpenAPI BWIBBU_ALL,OK
8473,山林水,2026-06-18,17.54,1.28,3.76,,TWSE OpenAPI BWIBBU_ALL,OK
8476,台境*,2026-06-18,51.79,1.89,0.92,,TWSE OpenAPI BWIBBU_ALL,OK
8478,東哥遊艇,2026-06-18,9.2,1.48,4.3,,TWSE OpenAPI BWIBBU_ALL,OK
8481,政伸,2026-06-18,13.8,1.71,6.53,,TWSE OpenAPI BWIBBU_ALL,OK
8482,商億-KY,2026-06-18,20.66,1.59,4.02,,TWSE OpenAPI BWIBBU_ALL,OK
8487,愛爾達-創,2026-06-18,14.04,2.82,6.12,,TWSE OpenAPI BWIBBU_ALL,OK
8488,吉源-KY,2026-06-18,,0.32,,,TWSE OpenAPI BWIBBU_ALL,OK
8499,鼎炫-KY,2026-06-18,30.46,1.46,2.63,,TWSE OpenAPI BWIBBU_ALL,OK
8926,台汽電,2026-06-18,19.36,3.31,3.05,,TWSE OpenAPI BWIBBU_ALL,OK
8940,新天地,2026-06-18,26.98,1.35,,,TWSE OpenAPI BWIBBU_ALL,OK
8996,高力,2026-06-18,113.41,31.84,0.29,,TWSE OpenAPI BWIBBU_ALL,OK
9802,鈺齊-KY,2026-06-18,13.62,1.14,6.61,,TWSE OpenAPI BWIBBU_ALL,OK
9902,台火,2026-06-18,,1.1,2.19,,TWSE OpenAPI BWIBBU_ALL,OK
9904,寶成,2026-06-18,7.2,0.51,4.97,,TWSE OpenAPI BWIBBU_ALL,OK
9905,大華,2026-06-18,14.93,0.76,5.23,,TWSE OpenAPI BWIBBU_ALL,OK
9906,欣巴巴,2026-06-18,17.59,2.84,0.17,,TWSE OpenAPI BWIBBU_ALL,OK
9907,統一實,2026-06-18,15.05,1.19,7.07,,TWSE OpenAPI BWIBBU_ALL,OK
9908,大台北,2026-06-18,16.69,1.0,4.06,,TWSE OpenAPI BWIBBU_ALL,OK
9910,豐泰,2026-06-18,15.71,2.68,5.65,,TWSE OpenAPI BWIBBU_ALL,OK
9911,櫻花,2026-06-18,12.97,2.91,6.06,,TWSE OpenAPI BWIBBU_ALL,OK
9912,偉聯,2026-06-18,,1.86,,,TWSE OpenAPI BWIBBU_ALL,OK
9914,美利達,2026-06-18,19.49,1.08,3.88,,TWSE OpenAPI BWIBBU_ALL,OK
9917,中保科,2026-06-18,17.26,3.63,5.3,,TWSE OpenAPI BWIBBU_ALL,OK
9918,欣天然,2026-06-18,25.5,2.43,3.48,,TWSE OpenAPI BWIBBU_ALL,OK
9919,康那香,2026-06-18,,1.36,1.43,,TWSE OpenAPI BWIBBU_ALL,OK
9921,巨大,2026-06-18,185.25,0.85,2.43,,TWSE OpenAPI BWIBBU_ALL,OK
9924,福興,2026-06-18,14.73,0.91,6.15,,TWSE OpenAPI BWIBBU_ALL,OK
9925,新保,2026-06-18,16.87,1.16,4.92,,TWSE OpenAPI BWIBBU_ALL,OK
9926,新海,2026-06-18,18.02,1.98,4.27,,TWSE OpenAPI BWIBBU_ALL,OK
9927,泰銘,2026-06-18,14.16,1.61,7.2,,TWSE OpenAPI BWIBBU_ALL,OK
9928,中視,2026-06-18,,0.62,,,TWSE OpenAPI BWIBBU_ALL,OK
9929,秋雨,2026-06-18,47.04,1.56,,,TWSE OpenAPI BWIBBU_ALL,OK
9930,中聯資源,2026-06-18,14.8,2.52,5.71,,TWSE OpenAPI BWIBBU_ALL,OK
9931,欣高,2026-06-18,14.81,1.23,5.11,,TWSE OpenAPI BWIBBU_ALL,OK
9933,中鼎,2026-06-18,10.08,1.84,2.34,,TWSE OpenAPI BWIBBU_ALL,OK
9934,成霖,2026-06-18,,0.66,0.98,,TWSE OpenAPI BWIBBU_ALL,OK
9935,慶豐富,2026-06-18,11.77,1.31,6.22,,TWSE OpenAPI BWIBBU_ALL,OK
9937,全國,2026-06-18,22.29,2.86,3.96,,TWSE OpenAPI BWIBBU_ALL,OK
9938,百和,2026-06-18,12.79,1.02,6.82,,TWSE OpenAPI BWIBBU_ALL,OK
9939,宏全,2026-06-18,14.86,2.09,4.63,,TWSE OpenAPI BWIBBU_ALL,OK
9940,信義,2026-06-18,53.65,1.1,3.02,,TWSE OpenAPI BWIBBU_ALL,OK
9941,裕融,2026-06-18,11.92,1.31,5.63,,TWSE OpenAPI BWIBBU_ALL,OK
9942,茂順,2026-06-18,14.43,2.18,5.91,,TWSE OpenAPI BWIBBU_ALL,OK
9943,好樂迪,2026-06-18,16.0,1.98,6.08,,TWSE OpenAPI BWIBBU_ALL,OK
9944,新麗,2026-06-18,355.0,0.54,1.69,,TWSE OpenAPI BWIBBU_ALL,OK
9945,潤泰新,2026-06-18,7.72,0.69,4.0,,TWSE OpenAPI BWIBBU_ALL,OK
9946,三發地產,2026-06-18,4.95,0.94,6.65,,TWSE OpenAPI BWIBBU_ALL,OK
9955,佳龍,2026-06-18,37.96,2.26,,,TWSE OpenAPI BWIBBU_ALL,OK
9958,世紀鋼,2026-06-18,14.67,2.48,3.91,,TWSE OpenAPI BWIBBU_ALL,OK
